STATE,ACTIVATE,L_BRACE,R_BRACE,ACTION,IDENTIFIER,L_PAREN,R_PAREN,COMMA,CLUSTER,L_BRACKET,R_BRACKET,VOID,SEMICOLON,ASSIGN,INSTINCT,PULSE_LIT,PULSE,SPARK,STREAM,THOUGHT,NEURON,SYNAPSE,RECALL,FLOW,DORMANT,SENSE,EXPRESS,STIMULATE,INHIBIT,CYCLE,REACT,ECHO,EVALUATE,PATH,COLON,BASE,SPARK_LIT,STREAM_LIT,THOUGHT_LIT,NEURON_LIT,EXPONENT,INCREMENT,DECREMENT,LENGTH,TRANSCRIBE,TRUE,FALSE,PLUS_ASSIGN,MINUS_ASSIGN,MUL_ASSIGN,DIV_ASSIGN,MOD_ASSIGN,OR,XOR,AND,EQUAL_TO,NOT_EQUAL,GREATER,LESS,GREATER_EQ,LESS_EQ,PLUS,MINUS,STAR,SLASH,MOD,$,PROGRAM',PROGRAM,SUBROUTINE_LIST,SUBROUTINE,PARAMS,PARAM_LIST,PARAM_ITEM,REC_TYPE,DECLARATION,ID_DECL,ID_LIST,ID_INIT,CONST_DECL,CONST_LIST,CONST_INIT,CLUSTER_DECL,CLUSTER_LIST,CLUSTER_ITEM,CLUSTER_1D,1D_INIT,CLUSTER_1D_LIST,CLUSTER_2D,2D_INIT,CLUSTER_2D_LIST,DATA_TYPE,STATEMENT_LIST,STATEMENT,IO_STMT,CONDITIONAL_STMT,OPT_INHIBIT,LOOP_STMT,ECHO_INIT,SWITCH_STMT,CASE_LIST,CASE_ITEM,OPT_BASE,CASE_VALUE,ASSIGN_STMT,EXPR,LOGIC_OR,LOGIC_XOR,LOGIC_AND,REL_EQUAL,REL_EXPR,ADD_EXPR,MULT_EXPR,POW_EXPR,UNARY_EXPR,POSTFIX_EXPR,FACTOR,VARIABLE_ACCESS,SUBROUTINE_CALL,BUILTIN_CALL,ARG_LIST,ARGS,LITERAL,ASSIGN_OP,OR_OP,XOR_OP,AND_OP,RELEQ_OP,REL_OP,ADD_OP,MUL_OP,UNARY_OP
S0,R3,,,R3,,,,,,,,,,,,,,,,,,,,,,,,,,,,,,,,,,,,,,,,,,,,,,,,,,,,,,,,,,,,,,,,,S1,S2,,,,,,,,,,,,,,,,,,,,,,,,,,,,,,,,,,,,,,,,,,,,,,,,,,,,,,,,,,,,,,
S1,,,,,,,,,,,,,,,,,,,,,,,,,,,,,,,,,,,,,,,,,,,,,,,,,,,,,,,,,,,,,,,,,,,ACCEPT,,,,,,,,,,,,,,,,,,,,,,,,,,,,,,,,,,,,,,,,,,,,,,,,,,,,,,,,,,,,,,,,,
S2,S3,,,S4,,,,,,,,,,,,,,,,,,,,,,,,,,,,,,,,,,,,,,,,,,,,,,,,,,,,,,,,,,,,,,,,,,,S5,,,,,,,,,,,,,,,,,,,,,,,,,,,,,,,,,,,,,,,,,,,,,,,,,,,,,,,,,,,,,
S3,,S6,,,,,,,,,,,,,,,,,,,,,,,,,,,,,,,,,,,,,,,,,,,,,,,,,,,,,,,,,,,,,,,,,,,,,,,,,,,,,,,,,,,,,,,,,,,,,,,,,,,,,,,,,,,,,,,,,,,,,,,,,,,,,,,,,,
S4,,,,,,,,,S13,,,S12,,,,,S8,S11,S10,S7,S14,S9,,,,,,,,,,,,,,,,,,,,,,,,,,,,,,,,,,,,,,,,,,,,,,,,,,,,,S15,,,,,,,,,,,,,,,,,S16,,,,,,,,,,,,,,,,,,,,,,,,,,,,,,,,,,,,,,,,
S5,R2,,,R2,,,,,,,,,,,,,,,,,,,,,,,,,,,,,,,,,,,,,,,,,,,,,,,,,,,,,,,,,,,,,,,,,,,,,,,,,,,,,,,,,,,,,,,,,,,,,,,,,,,,,,,,,,,,,,,,,,,,,,,,,,,,,,,,
S6,,,R50,,R50,,,,,,,,,,R50,,R50,R50,R50,R50,R50,R50,R50,R50,R50,R50,R50,R50,,R50,R50,R50,R50,,,,,,,,,,,R50,R50,,,,,,,,,,,,,,,,,,,,,,,,,,,,,,,,,,,,,,,,,,,,,,,,S17,,,,,,,,,,,,,,,,,,,,,,,,,,,,,,,,,,,,,,,
S7,,,,,R46,,,,,,,,,,,,,,,,,,,,,,,,,,,,,,,,,,,,,,,,,,,,,,,,,,,,,,,,,,,,,,,,,,,,,,,,,,,,,,,,,,,,,,,,,,,,,,,,,,,,,,,,,,,,,,,,,,,,,,,,,,,,,,,
S8,,,,,R43,,,,,,,,,,,,,,,,,,,,,,,,,,,,,,,,,,,,,,,,,,,,,,,,,,,,,,,,,,,,,,,,,,,,,,,,,,,,,,,,,,,,,,,,,,,,,,,,,,,,,,,,,,,,,,,,,,,,,,,,,,,,,,,
S9,,,,,R48,,,,,,,,,,,,,,,,,,,,,,,,,,,,,,,,,,,,,,,,,,,,,,,,,,,,,,,,,,,,,,,,,,,,,,,,,,,,,,,,,,,,,,,,,,,,,,,,,,,,,,,,,,,,,,,,,,,,,,,,,,,,,,,
S10,,,,,R45,,,,,,,,,,,,,,,,,,,,,,,,,,,,,,,,,,,,,,,,,,,,,,,,,,,,,,,,,,,,,,,,,,,,,,,,,,,,,,,,,,,,,,,,,,,,,,,,,,,,,,,,,,,,,,,,,,,,,,,,,,,,,,,
S11,,,,,R44,,,,,,,,,,,,,,,,,,,,,,,,,,,,,,,,,,,,,,,,,,,,,,,,,,,,,,,,,,,,,,,,,,,,,,,,,,,,,,,,,,,,,,,,,,,,,,,,,,,,,,,,,,,,,,,,,,,,,,,,,,,,,,,
S12,,,,,R15,,,,,,,,,,,,,,,,,,,,,,,,,,,,,,,,,,,,,,,,,,,,,,,,,,,,,,,,,,,,,,,,,,,,,,,,,,,,,,,,,,,,,,,,,,,,,,,,,,,,,,,,,,,,,,,,,,,,,,,,,,,,,,,
S13,,,,,,,,,,,,,,,,,S19,S22,S21,S18,S23,S20,,,,,,,,,,,,,,,,,,,,,,,,,,,,,,,,,,,,,,,,,,,,,,,,,,,,,,,,,,,,,,,,,,,,,,S24,,,,,,,,,,,,,,,,,,,,,,,,,,,,,,,,,,,,,,,,
S14,,,,,R47,,,,,,,,,,,,,,,,,,,,,,,,,,,,,,,,,,,,,,,,,,,,,,,,,,,,,,,,,,,,,,,,,,,,,,,,,,,,,,,,,,,,,,,,,,,,,,,,,,,,,,,,,,,,,,,,,,,,,,,,,,,,,,,
S15,,,,,S25,,,,,,,,,,,,,,,,,,,,,,,,,,,,,,,,,,,,,,,,,,,,,,,,,,,,,,,,,,,,,,,,,,,,,,,,,,,,,,,,,,,,,,,,,,,,,,,,,,,,,,,,,,,,,,,,,,,,,,,,,,,,,,,
S16,,,,,R12,,,,,,,,,,,,,,,,,,,,,,,,,,,,,,,,,,,,,,,,,,,,,,,,,,,,,,,,,,,,,,,,,,,,,,,,,,,,,,,,,,,,,,,,,,,,,,,,,,,,,,,,,,,,,,,,,,,,,,,,,,,,,,,
S17,,,S26,,S41,,,,,,,,,,S43,,S55,S31,S49,S36,S60,S29,S30,S34,S44,S58,S39,S48,,S45,S59,S27,S38,,,,,,,,,,,S28,S57,,,,,,,,,,,,,,,,,,,,,,,,,,,,,,,S32,S33,,,S47,,,S40,,,,,,,,,S46,,S50,S56,S52,,S37,,S35,,,,,S42,,,,,,,,,,,,,S53,S54,S51,,,,,,,,,,,,
S18,,,,,,,,,,R46,,,,,,,,,,,,,,,,,,,,,,,,,,,,,,,,,,,,,,,,,,,,,,,,,,,,,,,,,,,,,,,,,,,,,,,,,,,,,,,,,,,,,,,,,,,,,,,,,,,,,,,,,,,,,,,,,,,,,,,,,,
S19,,,,,,,,,,R43,,,,,,,,,,,,,,,,,,,,,,,,,,,,,,,,,,,,,,,,,,,,,,,,,,,,,,,,,,,,,,,,,,,,,,,,,,,,,,,,,,,,,,,,,,,,,,,,,,,,,,,,,,,,,,,,,,,,,,,,,,
S20,,,,,,,,,,R48,,,,,,,,,,,,,,,,,,,,,,,,,,,,,,,,,,,,,,,,,,,,,,,,,,,,,,,,,,,,,,,,,,,,,,,,,,,,,,,,,,,,,,,,,,,,,,,,,,,,,,,,,,,,,,,,,,,,,,,,,,
S21,,,,,,,,,,R45,,,,,,,,,,,,,,,,,,,,,,,,,,,,,,,,,,,,,,,,,,,,,,,,,,,,,,,,,,,,,,,,,,,,,,,,,,,,,,,,,,,,,,,,,,,,,,,,,,,,,,,,,,,,,,,,,,,,,,,,,,
S22,,,,,,,,,,R44,,,,,,,,,,,,,,,,,,,,,,,,,,,,,,,,,,,,,,,,,,,,,,,,,,,,,,,,,,,,,,,,,,,,,,,,,,,,,,,,,,,,,,,,,,,,,,,,,,,,,,,,,,,,,,,,,,,,,,,,,,
S23,,,,,,,,,,R47,,,,,,,,,,,,,,,,,,,,,,,,,,,,,,,,,,,,,,,,,,,,,,,,,,,,,,,,,,,,,,,,,,,,,,,,,,,,,,,,,,,,,,,,,,,,,,,,,,,,,,,,,,,,,,,,,,,,,,,,,,
S24,,,,,,,,,,S61,,,,,,,,,,,,,,,,,,,,,,,,,,,,,,,,,,,,,,,,,,,,,,,,,,,,,,,,,,,,,,,,,,,,,,,,,,,,,,,,,,,,,,,,,,,,,,,,,,,,,,,,,,,,,,,,,,,,,,,,,,
S25,,,,,,S62,,,,,,,,,,,,,,,,,,,,,,,,,,,,,,,,,,,,,,,,,,,,,,,,,,,,,,,,,,,,,,,,,,,,,,,,,,,,,,,,,,,,,,,,,,,,,,,,,,,,,,,,,,,,,,,,,,,,,,,,,,,,,,
S26,,,,,,,,,,,,,,,,,,,,,,,,,,,,,,,,,,,,,,,,,,,,,,,,,,,,,,,,,,,,,,,,,,,R1,,,,,,,,,,,,,,,,,,,,,,,,,,,,,,,,,,,,,,,,,,,,,,,,,,,,,,,,,,,,,,,,,
S27,,,,,,S63,,,,,,,,,,,,,,,,,,,,,,,,,,,,,,,,,,,,,,,,,,,,,,,,,,,,,,,,,,,,,,,,,,,,,,,,,,,,,,,,,,,,,,,,,,,,,,,,,,,,,,,,,,,,,,,,,,,,,,,,,,,,,,
S28,,,,,,S64,,,,,,,,,,,,,,,,,,,,,,,,,,,,,,,,,,,,,,,,,,,,,,,,,,,,,,,,,,,,,,,,,,,,,,,,,,,,,,,,,,,,,,,,,,,,,,,,,,,,,,,,,,,,,,,,,,,,,,,,,,,,,,
S29,,,,,R48,,,,R48,,,,,,,,,,,,,,,,,,,,,,,,,,,,,,,,,,,,,,,,,,,,,,,,,,,,,,,,,,,,,,,,,,,,,,,,,,,,,,,,,,,,,,,,,,,,,,,,,,,,,,,,,,,,,,,,,,,,,,,,,,,
S30,,,,,S73,S69,,,,,,,,,,S82,,,,,,,,,,,,,,,,,,,,,S68,S94,S81,S85,,S86,S72,S67,S92,S80,S91,,,,,,,,,,,,,,,S95,,,,,,,,,,,,,,,,,,,,,,,,,,,,,,,,,,,,,,,,,,,,S66,S90,S83,S77,S79,S70,S74,S71,S87,S93,S76,S75,S88,S89,S84,,,S65,,,,,,,,,S78
S31,,,,,R44,,,,R44,,,,,,,,,,,,,,,,,,,,,,,,,,,,,,,,,,,,,,,,,,,,,,,,,,,,,,,,,,,,,,,,,,,,,,,,,,,,,,,,,,,,,,,,,,,,,,,,,,,,,,,,,,,,,,,,,,,,,,,,,,,
S32,,,R51,,R51,,,,,,,,,,R51,,R51,R51,R51,R51,R51,R51,R51,R51,R51,R51,R51,R51,,R51,R51,R51,R51,,,,,,,,,,,R51,R51,,,,,,,,,,,,,,,,,,,,,,,,,,,,,,,,,,,,,,,,,,,,,,,,,,,,,,,,,,,,,,,,,,,,,,,,,,,,,,,,,,,,,,,
S33,,,R16,,R16,,,,,,,,,,R16,,R16,R16,R16,R16,R16,R16,R16,R16,R16,R16,R16,R16,,R16,R16,R16,R16,,,,,,,,,,,R16,R16,,,,,,,,,,,,,,,,,,,,,,,,,,,,,,,,,,,,,,,,,,,,,,,,,,,,,,,,,,,,,,,,,,,,,,,,,,,,,,,,,,,,,,,
S34,,,,,,,,,,,,,S96,,,,,,,,,,,,,,,,,,,,,,,,,,,,,,,,,,,,,,,,,,,,,,,,,,,,,,,,,,,,,,,,,,,,,,,,,,,,,,,,,,,,,,,,,,,,,,,,,,,,,,,,,,,,,,,,,,,,,,,
S35,,,R57,,R57,,,,,,,,,,R57,,R57,R57,R57,R57,R57,R57,R57,R57,R57,R57,R57,R57,,R57,R57,R57,R57,,,,,,,,,,,R57,R57,,,,,,,,,,,,,,,,,,,,,,,,,,,,,,,,,,,,,,,,,,,,,,,,,,,,,,,,,,,,,,,,,,,,,,,,,,,,,,,,,,,,,,,
S36,,,,,R46,,,,R46,,,,,,,,,,,,,,,,,,,,,,,,,,,,,,,,,,,,,,,,,,,,,,,,,,,,,,,,,,,,,,,,,,,,,,,,,,,,,,,,,,,,,,,,,,,,,,,,,,,,,,,,,,,,,,,,,,,,,,,,,,,
S37,,,R56,,R56,,,,,,,,,,R56,,R56,R56,R56,R56,R56,R56,R56,R56,R56,R56,R56,R56,,R56,R56,R56,R56,,,,,,,,,,,R56,R56,,,,,,,,,,,,,,,,,,,,,,,,,,,,,,,,,,,,,,,,,,,,,,,,,,,,,,,,,,,,,,,,,,,,,,,,,,,,,,,,,,,,,,,
S38,,,,,,S97,,,,,,,,,,,,,,,,,,,,,,,,,,,,,,,,,,,,,,,,,,,,,,,,,,,,,,,,,,,,,,,,,,,,,,,,,,,,,,,,,,,,,,,,,,,,,,,,,,,,,,,,,,,,,,,,,,,,,,,,,,,,,,
S39,,,,,,S98,,,,,,,,,,,,,,,,,,,,,,,,,,,,,,,,,,,,,,,,,,,,,,,,,,,,,,,,,,,,,,,,,,,,,,,,,,,,,,,,,,,,,,,,,,,,,,,,,,,,,,,,,,,,,,,,,,,,,,,,,,,,,,
S40,,,R18,,R18,,,,,,,,,,R18,,R18,R18,R18,R18,R18,R18,R18,R18,R18,R18,R18,R18,,R18,R18,R18,R18,,,,,,,,,,,R18,R18,,,,,,,,,,,,,,,,,,,,,,,,,,,,,,,,,,,,,,,,,,,,,,,,,,,,,,,,,,,,,,,,,,,,,,,,,,,,,,,,,,,,,,,
S41,,,,,,S99,,,,R114,,,,R114,,,,,,,,,,,,,,,,,,,,,,,,,,,,,,,,,,R114,R114,R114,R114,R114,,,,,,,,,,,,,,,,,,,,,,,,,,,,,,,,,,,,,,,,,,,,,,,,,,,,,,,,,,,,,,,,,,,,,,,,,,,,,,,,
S42,,,,,,,,,,,,,S100,,,,,,,,,,,,,,,,,,,,,,,,,,,,,,,,,,,,,,,,,,,,,,,,,,,,,,,,,,,,,,,,,,,,,,,,,,,,,,,,,,,,,,,,,,,,,,,,,,,,,,,,,,,,,,,,,,,,,,,
S43,,,,,,,,,,,,,,,,,S8,S11,S10,S7,S14,S9,,,,,,,,,,,,,,,,,,,,,,,,,,,,,,,,,,,,,,,,,,,,,,,,,,,,,,,,,,,,,,,,,,,,,,S101,,,,,,,,,,,,,,,,,,,,,,,,,,,,,,,,,,,,,,,,
S44,,,,,,,,,,,,,S102,,,,,,,,,,,,,,,,,,,,,,,,,,,,,,,,,,,,,,,,,,,,,,,,,,,,,,,,,,,,,,,,,,,,,,,,,,,,,,,,,,,,,,,,,,,,,,,,,,,,,,,,,,,,,,,,,,,,,,,
S45,,,,,,S103,,,,,,,,,,,,,,,,,,,,,,,,,,,,,,,,,,,,,,,,,,,,,,,,,,,,,,,,,,,,,,,,,,,,,,,,,,,,,,,,,,,,,,,,,,,,,,,,,,,,,,,,,,,,,,,,,,,,,,,,,,,,,,
S46,,,,,S105,,,,S106,,,,,,,,,,,,,,,,,,,,,,,,,,,,,,,,,,,,,,,,,,,,,,,,,,,,,,,,,,,,,,,,,,,,,S107,S104,,,,,,,,,,,,,,,,,,,,,,,,,,,,,,,,,,,,,,,,,,,,,,,,,,,,,
S47,,,R17,,R17,,,,,,,,,,R17,,R17,R17,R17,R17,R17,R17,R17,R17,R17,R17,R17,R17,,R17,R17,R17,R17,,,,,,,,,,,R17,R17,,,,,,,,,,,,,,,,,,,,,,,,,,,,,,,,,,,,,,,,,,,,,,,,,,,,,,,,,,,,,,,,,,,,,,,,,,,,,,,,,,,,,,,
S48,,,,,,S108,,,,,,,,,,,,,,,,,,,,,,,,,,,,,,,,,,,,,,,,,,,,,,,,,,,,,,,,,,,,,,,,,,,,,,,,,,,,,,,,,,,,,,,,,,,,,,,,,,,,,,,,,,,,,,,,,,,,,,,,,,,,,,
S49,,,,,R45,,,,R45,,,,,,,,,,,,,,,,,,,,,,,,,,,,,,,,,,,,,,,,,,,,,,,,,,,,,,,,,,,,,,,,,,,,,,,,,,,,,,,,,,,,,,,,,,,,,,,,,,,,,,,,,,,,,,,,,,,,,,,,,,,
S50,,,R49,,R49,,,,,,,,,,R49,,R49,R49,R49,R49,R49,R49,R49,R49,R49,R49,R49,R49,,R49,R49,R49,R49,,,,,,,,,,,R49,R49,,,,,,,,,,,,,,,,,,,,,,,,,,,,,,,,,,,,,,,,,,,,,,,,,,,,,,,,,,,,,,,,,,,,,,,,,,,,,,,,,,,,,,,
S51,,,,,,,,,,,,,S109,,,,,,,,,,,,,,,,,,,,,,,,,,,,,,,,,,,,,,,,,,,,,,,,,,,,,,,,,,,,,,,,,,,,,,,,,,,,,,,,,,,,,,,,,,,,,,,,,,,,,,,,,,,,,,,,,,,,,,,
S52,,,R55,,R55,,,,,,,,,,R55,,R55,R55,R55,R55,R55,R55,R55,R55,R55,R55,R55,R55,,R55,R55,R55,R55,,,,,,,,,,,R55,R55,,,,,,,,,,,,,,,,,,,,,,,,,,,,,,,,,,,,,,,,,,,,,,,,,,,,,,,,,,,,,,,,,,,,,,,,,,,,,,,,,,,,,,,
S53,,,,,,,,,,S115,,,,S117,,,,,,,,,,,,,,,,,,,,,,,,,,,,,,,,,,S114,S116,S113,S110,S111,,,,,,,,,,,,,,,,,,,,,,,,,,,,,,,,,,,,,,,,,,,,,,,,,,,,,,,,,,,,,,,,,,,,,,,,S112,,,,,,,,
S54,,,,,,,,,,,,,S118,,,,,,,,,,,,,,,,,,,,,,,,,,,,,,,,,,,,,,,,,,,,,,,,,,,,,,,,,,,,,,,,,,,,,,,,,,,,,,,,,,,,,,,,,,,,,,,,,,,,,,,,,,,,,,,,,,,,,,,
S55,,,,,R43,,,,R43,,,,,,,,,,,,,,,,,,,,,,,,,,,,,,,,,,,,,,,,,,,,,,,,,,,,,,,,,,,,,,,,,,,,,,,,,,,,,,,,,,,,,,,,,,,,,,,,,,,,,,,,,,,,,,,,,,,,,,,,,,,
S56,,,R58,,R58,,,,,,,,,,R58,,R58,R58,R58,R58,R58,R58,R58,R58,R58,R58,R58,R58,,R58,R58,R58,R58,,,,,,,,,,,R58,R58,,,,,,,,,,,,,,,,,,,,,,,,,,,,,,,,,,,,,,,,,,,,,,,,,,,,,,,,,,,,,,,,,,,,,,,,,,,,,,,,,,,,,,,
S57,,,,,,S119,,,,,,,,,,,,,,,,,,,,,,,,,,,,,,,,,,,,,,,,,,,,,,,,,,,,,,,,,,,,,,,,,,,,,,,,,,,,,,,,,,,,,,,,,,,,,,,,,,,,,,,,,,,,,,,,,,,,,,,,,,,,,,
S58,,,,,,,,,,,,,,,,,S8,S11,S10,S7,S14,S9,,,,,,,,,,,,,,,,,,,,,,,,,,,,,,,,,,,,,,,,,,,,,,,,,,,,,,,,,,,,,,,,,,,,,,S120,,,,,,,,,,,,,,,,,,,,,,,,,,,,,,,,,,,,,,,,
S59,,S121,,,,,,,,,,,,,,,,,,,,,,,,,,,,,,,,,,,,,,,,,,,,,,,,,,,,,,,,,,,,,,,,,,,,,,,,,,,,,,,,,,,,,,,,,,,,,,,,,,,,,,,,,,,,,,,,,,,,,,,,,,,,,,,,,,
S60,,,,,R47,,,,R47,,,,,,,,,,,,,,,,,,,,,,,,,,,,,,,,,,,,,,,,,,,,,,,,,,,,,,,,,,,,,,,,,,,,,,,,,,,,,,,,,,,,,,,,,,,,,,,,,,,,,,,,,,,,,,,,,,,,,,,,,,,
S61,,,,,,,,,,,S122,,,,,,,,,,,,,,,,,,,,,,,,,,,,,,,,,,,,,,,,,,,,,,,,,,,,,,,,,,,,,,,,,,,,,,,,,,,,,,,,,,,,,,,,,,,,,,,,,,,,,,,,,,,,,,,,,,,,,,,,,
S62,,,,,,,R6,,S126,,,,,,,,S8,S11,S10,S7,S14,S9,,,,,,,,,,,,,,,,,,,,,,,,,,,,,,,,,,,,,,,,,,,,,,,,,,S124,S123,S125,,,,,,,,,,,,,,,,,,S127,,,,,,,,,,,,,,,,,,,,,,,,,,,,,,,,,,,,,,,,
S63,,,,,S132,,,,,,,,,,S134,,S55,S31,S49,S36,S60,S29,,,,,,,,,,,,,,,,,,,,,,,,,,,,,,,,,,,,,,,,,,,,,,,,,,,,,,S129,S130,,,S128,,,S131,,,,,,,,,S136,,,,,,,S135,,,,,,S133,,,,,,,,,,,,,S53,,,,,,,,,,,,,,
S64,,,,,S144,S141,,,,,,,,,,S153,,,,,,,,,,,,,,,,,,,,,S140,S164,S152,S156,,S86,S72,S139,S161,S151,S162,,,,,,,,,,,,,,,S95,,,,,,,,,,,,,,,,,,,,,,,,,,,,,,,,,,,,,,,,,,,,S138,S160,S154,S148,S150,S142,S145,S143,S157,S163,S147,S146,S158,S159,S155,,,S137,,,,,,,,,S149
S65,,,,,,,,,,,,,R109,,,,,,,,,,,,,,,,,,,,,,,,,,,,R109,R109,R109,,,,,,,,,,R109,R109,R109,R109,R109,R109,R109,R109,R109,R109,R109,R109,R109,R109,,,,,,,,,,,,,,,,,,,,,,,,,,,,,,,,,,,,,,,,,,,,,,,,,,,,,,,,,,,,,,,,,,
S66,,,,,,,,,,,,,S165,,,,,,,,,,,,,,,,,,,,,,,,,,,,,,,,,,,,,,,,,,,,,,,,,,,,,,,,,,,,,,,,,,,,,,,,,,,,,,,,,,,,,,,,,,,,,,,,,,,,,,,,,,,,,,,,,,,,,,,
S67,,,,,,S166,,,,,,,,,,,,,,,,,,,,,,,,,,,,,,,,,,,,,,,,,,,,,,,,,,,,,,,,,,,,,,,,,,,,,,,,,,,,,,,,,,,,,,,,,,,,,,,,,,,,,,,,,,,,,,,,,,,,,,,,,,,,,,
S68,,,,,,,,,,,,,R123,,,,,,,,,,,,,,,,,,,,,,,,,,,,R123,R123,R123,,,,,,,,,,R123,R123,R123,R123,R123,R123,R123,R123,R123,R123,R123,R123,R123,R123,,,,,,,,,,,,,,,,,,,,,,,,,,,,,,,,,,,,,,,,,,,,,,,,,,,,,,,,,,,,,,,,,,
S69,,,,,S144,S141,,,,,,,,,,S153,,,,,,,,,,,,,,,,,,,,,S140,S164,S152,S156,,S86,S72,S139,S161,S151,S162,,,,,,,,,,,,,,,S95,,,,,,,,,,,,,,,,,,,,,,,,,,,,,,,,,,,,,,,,,,,,S167,S160,S154,S148,S150,S142,S145,S143,S157,S163,S147,S146,S158,S159,S155,,,S137,,,,,,,,,S149
S70,,,,,,,,,,,,,R94,,,,,,,,,,,,,,,,,,,,,,,,,,,,,,,,,,,,,,,,R94,R94,R94,R94,R94,S169,S170,S171,S168,,,,,,,,,,,,,,,,,,,,,,,,,,,,,,,,,,,,,,,,,,,,,,,,,,,,,,,,,,,,,,,,,,,,S172,,,
S71,,,,,,,,,,,,,R98,,,,,,,,,,,,,,,,,,,,,,,,,,,,,,,,,,,,,,,,R98,R98,R98,R98,R98,R98,R98,R98,R98,R98,R98,S174,S176,S173,,,,,,,,,,,,,,,,,,,,,,,,,,,,,,,,,,,,,,,,,,,,,,,,,,,,,,,,,,,,,,,,,S175,
S72,,,,,R150,R150,,,,,,,,,,R150,,,,,,,,,,,,,,,,,,,,,R150,R150,R150,R150,,R150,R150,R150,R150,R150,R150,,,,,,,,,,,,,,,R150,,,,,,,,,,,,,,,,,,,,,,,,,,,,,,,,,,,,,,,,,,,,,,,,,,,,,,,,,,,,,,,,,,,,,,
S73,,,,,,S177,,,,R114,,,R114,,,,,,,,,,,,,,,,,,,,,,,,,,,,R114,R114,R114,,,,,,,,,,R114,R114,R114,R114,R114,R114,R114,R114,R114,R114,R114,R114,R114,R114,,,,,,,,,,,,,,,,,,,,,,,,,,,,,,,,,,,,,,,,,,,,,,,,,,,,,,,,,,,,,,,,,,
S74,,,,,,,,,,,,,R96,,,,,,,,,,,,,,,,,,,,,,,,,,,,,,,,,,,,,,,,R96,R96,R96,R96,R96,R96,R96,R96,R96,S179,S180,,,,,,,,,,,,,,,,,,,,,,,,,,,,,,,,,,,,,,,,,,,,,,,,,,,,,,,,,,,,,,,,,,,S178,,
S75,,,,,,,,,,,,,R107,,,,,,,,,,,,,,,,,,,,,,,,,,,,R107,R107,R107,,,,,,,,,,R107,R107,R107,R107,R107,R107,R107,R107,R107,R107,R107,R107,R107,R107,,,,,,,,,,,,,,,,,,,,,,,,,,,,,,,,,,,,,,,,,,,,,,,,,,,,,,,,,,,,,,,,,,
S76,,,,,,,,,,,,,R102,,,,,,,,,,,,,,,,,,,,,,,,,,,,S182,S181,S183,,,,,,,,,,R102,R102,R102,R102,R102,R102,R102,R102,R102,R102,R102,R102,R102,R102,,,,,,,,,,,,,,,,,,,,,,,,,,,,,,,,,,,,,,,,,,,,,,,,,,,,,,,,,,,,,,,,,,
S77,,,,,,,,,,,,,R90,,,,,,,,,,,,,,,,,,,,,,,,,,,,,,,,,,,,,,,,R90,R90,S184,,,,,,,,,,,,,,,,,,,,,,,,,,,,,,,,,,,,,,,,,,,,,,,,,,,,,,,,,,,,,,,,,,,,,,,,S185,,,,,
S78,,,,,S73,S69,,,,,,,,,,S82,,,,,,,,,,,,,,,,,,,,,S68,S94,S81,S85,,S86,S72,S67,S92,S80,S91,,,,,,,,,,,,,,,S95,,,,,,,,,,,,,,,,,,,,,,,,,,,,,,,,,,,,,,,,,,,,,,,,,,,,S87,S186,S76,S75,S88,S89,S84,,,S65,,,,,,,,,S78
S79,,,,,,,,,,,,,R92,,,,,,,,,,,,,,,,,,,,,,,,,,,,,,,,,,,,,,,,R92,R92,R92,S189,S188,,,,,,,,,,,,,,,,,,,,,,,,,,,,,,,,,,,,,,,,,,,,,,,,,,,,,,,,,,,,,,,,,,,,,,,S187,,,,
S80,,,,,,,,,,,,,R127,,,,,,,,,,,,,,,,,,,,,,,,,,,,R127,R127,R127,,,,,,,,,,R127,R127,R127,R127,R127,R127,R127,R127,R127,R127,R127,R127,R127,R127,,,,,,,,,,,,,,,,,,,,,,,,,,,,,,,,,,,,,,,,,,,,,,,,,,,,,,,,,,,,,,,,,,
S81,,,,,,,,,,,,,R125,,,,,,,,,,,,,,,,,,,,,,,,,,,,R125,R125,R125,,,,,,,,,,R125,R125,R125,R125,R125,R125,R125,R125,R125,R125,R125,R125,R125,R125,,,,,,,,,,,,,,,,,,,,,,,,,,,,,,,,,,,,,,,,,,,,,,,,,,,,,,,,,,,,,,,,,,
S82,,,,,,,,,,,,,R122,,,,,,,,,,,,,,,,,,,,,,,,,,,,R122,R122,R122,,,,,,,,,,R122,R122,R122,R122,R122,R122,R122,R122,R122,R122,R122,R122,R122,R122,,,,,,,,,,,,,,,,,,,,,,,,,,,,,,,,,,,,,,,,,,,,,,,,,,,,,,,,,,,,,,,,,,
S83,,,,,,,,,,,,,R88,,,,,,,,,,,,,,,,,,,,,,,,,,,,,,,,,,,,,,,,R88,S191,,,,,,,,,,,,,,,,,,,,,,,,,,,,,,,,,,,,,,,,,,,,,,,,,,,,,,,,,,,,,,,,,,,,,,,,S190,,,,,,
S84,,,,,,,,,,,,,R112,,,,,,,,,,,,,,,,,,,,,,,,,,,,R112,R112,R112,,,,,,,,,,R112,R112,R112,R112,R112,R112,R112,R112,R112,R112,R112,R112,R112,R112,,,,,,,,,,,,,,,,,,,,,,,,,,,,,,,,,,,,,,,,,,,,,,,,,,,,,,,,,,,,,,,,,,
S85,,,,,,,,,,,,,R126,,,,,,,,,,,,,,,,,,,,,,,,,,,,R126,R126,R126,,,,,,,,,,R126,R126,R126,R126,R126,R126,R126,R126,R126,R126,R126,R126,R126,R126,,,,,,,,,,,,,,,,,,,,,,,,,,,,,,,,,,,,,,,,,,,,,,,,,,,,,,,,,,,,,,,,,,
S86,,,,,R149,R149,,,,,,,,,,R149,,,,,,,,,,,,,,,,,,,,,R149,R149,R149,R149,,R149,R149,R149,R149,R149,R149,,,,,,,,,,,,,,,R149,,,,,,,,,,,,,,,,,,,,,,,,,,,,,,,,,,,,,,,,,,,,,,,,,,,,,,,,,,,,,,,,,,,,,,
S87,,,,,,,,,,,,,R104,,,,,,,,,,,,,,,,,,,,,,,,,,,,,,,,,,,,,,,,R104,R104,R104,R104,R104,R104,R104,R104,R104,R104,R104,R104,R104,R104,,,,,,,,,,,,,,,,,,,,,,,,,,,,,,,,,,,,,,,,,,,,,,,,,,,,,,,,,,,,,,,,,,
S88,,,,,,,,,,S192,,,R108,,,,,,,,,,,,,,,,,,,,,,,,,,,,R108,R108,R108,,,,,,,,,,R108,R108,R108,R108,R108,R108,R108,R108,R108,R108,R108,R108,R108,R108,,,,,,,,,,,,,,,,,,,,,,,,,,,,,,,,,,,,,,,,,,,,,,,,,,,,,,,,,,,,,,,,,,
S89,,,,,,,,,,,,,R111,,,,,,,,,,,,,,,,,,,,,,,,,,,,R111,R111,R111,,,,,,,,,,R111,R111,R111,R111,R111,R111,R111,R111,R111,R111,R111,R111,R111,R111,,,,,,,,,,,,,,,,,,,,,,,,,,,,,,,,,,,,,,,,,,,,,,,,,,,,,,,,,,,,,,,,,,
S90,,,,,,,,,,,,,R86,,,,,,,,,,,,,,,,,,,,,,,,,,,,,,,,,,,,,,,,S193,,,,,,,,,,,,,,,,,,,,,,,,,,,,,,,,,,,,,,,,,,,,,,,,,,,,,,,,,,,,,,,,,,,,,,,,S194,,,,,,,
S91,,,,,,,,,,,,,R128,,,,,,,,,,,,,,,,,,,,,,,,,,,,R128,R128,R128,,,,,,,,,,R128,R128,R128,R128,R128,R128,R128,R128,R128,R128,R128,R128,R128,R128,,,,,,,,,,,,,,,,,,,,,,,,,,,,,,,,,,,,,,,,,,,,,,,,,,,,,,,,,,,,,,,,,,
S92,,,,,,S195,,,,,,,,,,,,,,,,,,,,,,,,,,,,,,,,,,,,,,,,,,,,,,,,,,,,,,,,,,,,,,,,,,,,,,,,,,,,,,,,,,,,,,,,,,,,,,,,,,,,,,,,,,,,,,,,,,,,,,,,,,,,,,
S93,,,,,,,,,,,,,R100,,,,,,,,,,,,,,,,,,,,,,,,,,,,,,,,,,,,,,,,R100,R100,R100,R100,R100,R100,R100,R100,R100,R100,R100,R100,R100,R100,,,,,,,,,,,,,,,,,,,,,,,,,,,,,,,,,,,,,,,,,,,,,,,,,,,,,,,,,,,,,,,,,,
S94,,,,,,,,,,,,,R124,,,,,,,,,,,,,,,,,,,,,,,,,,,,R124,R124,R124,,,,,,,,,,R124,R124,R124,R124,R124,R124,R124,R124,R124,R124,R124,R124,R124,R124,,,,,,,,,,,,,,,,,,,,,,,,,,,,,,,,,,,,,,,,,,,,,,,,,,,,,,,,,,,,,,,,,,
S95,,,,,R151,R151,,,,,,,,,,R151,,,,,,,,,,,,,,,,,,,,,R151,R151,R151,R151,,R151,R151,R151,R151,R151,R151,,,,,,,,,,,,,,,R151,,,,,,,,,,,,,,,,,,,,,,,,,,,,,,,,,,,,,,,,,,,,,,,,,,,,,,,,,,,,,,,,,,,,,,
S96,,,R60,,R60,,,,,,,,,,R60,,R60,R60,R60,R60,R60,R60,R60,R60,R60,R60,R60,R60,,R60,R60,R60,R60,,,,,,,,,,,R60,R60,,,,,,,,,,,,,,,,,,,,,,,,,,,,,,,,,,,,,,,,,,,,,,,,,,,,,,,,,,,,,,,,,,,,,,,,,,,,,,,,,,,,,,,
S97,,,,,S144,S141,,,,,,,,,,S153,,,,,,,,,,,,,,,,,,,,,S140,S164,S152,S156,,S86,S72,S139,S161,S151,S162,,,,,,,,,,,,,,,S95,,,,,,,,,,,,,,,,,,,,,,,,,,,,,,,,,,,,,,,,,,,,S196,S160,S154,S148,S150,S142,S145,S143,S157,S163,S147,S146,S158,S159,S155,,,S137,,,,,,,,,S149
S98,,,,,S144,S141,,,,,,,,,,S153,,,,,,,,,,,,,,,,,,,,,S140,S164,S152,S156,,S86,S72,S139,S161,S151,S162,,,,,,,,,,,,,,,S95,,,,,,,,,,,,,,,,,,,,,,,,,,,,,,,,,,,,,,,,,,,,S197,S160,S154,S148,S150,S142,S145,S143,S157,S163,S147,S146,S158,S159,S155,,,S137,,,,,,,,,S149
S99,,,,,S205,S202,R119,,,,,,,,,S215,,,,,,,,,,,,,,,,,,,,,S201,S227,S213,S218,,S86,S72,S200,S225,S212,S224,,,,,,,,,,,,,,,S95,,,,,,,,,,,,,,,,,,,,,,,,,,,,,,,,,,,,,,,,,,,,S199,S223,S216,S209,S211,S203,S206,S204,S219,S226,S208,S207,S220,S221,S217,S222,S214,S198,,,,,,,,,S210
S100,,,R52,,R52,,,,,,,,,,R52,,R52,R52,R52,R52,R52,R52,R52,R52,R52,R52,R52,R52,,R52,R52,R52,R52,,,,,,,,,,,R52,R52,,,,,,,,,,,,,,,,,,,,,,,,,,,,,,,,,,,,,,,,,,,,,,,,,,,,,,,,,,,,,,,,,,,,,,,,,,,,,,,,,,,,,,,
S101,,,,,S230,,,,,,,,,,,,,,,,,,,,,,,,,,,,,,,,,,,,,,,,,,,,,,,,,,,,,,,,,,,,,,,,,,,,,,,,,,,,S229,S228,,,,,,,,,,,,,,,,,,,,,,,,,,,,,,,,,,,,,,,,,,,,,,,,,,
S102,,,R61,,R61,,,,,,,,,,R61,,R61,R61,R61,R61,R61,R61,R61,R61,R61,R61,R61,R61,,R61,R61,R61,R61,,,,,,,,,,,R61,R61,,,,,,,,,,,,,,,,,,,,,,,,,,,,,,,,,,,,,,,,,,,,,,,,,,,,,,,,,,,,,,,,,,,,,,,,,,,,,,,,,,,,,,,
S103,,,,,S144,S141,,,,,,,,,,S153,,,,,,,,,,,,,,,,,,,,,S140,S164,S152,S156,,S86,S72,S139,S161,S151,S162,,,,,,,,,,,,,,,S95,,,,,,,,,,,,,,,,,,,,,,,,,,,,,,,,,,,,,,,,,,,,S231,S160,S154,S148,S150,S142,S145,S143,S157,S163,S147,S146,S158,S159,S155,,,S137,,,,,,,,,S149
S104,,,,,,,,R21,,,,,R21,,,,,,,,,,,,,,,,,,,,,,,,,,,,,,,,,,,,,,,,,,,,,,,,,,,,,,,,,,,,,,,,,,,,,,,,,,,,,,,,,,,,,,,,,,,,,,,,,,,,,,,,,,,,,,,,,,,,,,,
S105,,,,,,,,R22,,,,,R22,S232,,,,,,,,,,,,,,,,,,,,,,,,,,,,,,,,,,,,,,,,,,,,,,,,,,,,,,,,,,,,,,,,,,,,,,,,,,,,,,,,,,,,,,,,,,,,,,,,,,,,,,,,,,,,,,,,,,,,,,
S106,,,,,S236,,,,,,,,,,,,,,,,,,,,,,,,,,,,,,,,,,,,,,,,,,,,,,,,,,,,,,,,,,,,,,,,,,,,,,,,,,,,,,,S233,S237,S234,,,S235,,,,,,,,,,,,,,,,,,,,,,,,,,,,,,,,,,,,,,,,,,,
S107,,,,,,,,S238,,,,,S239,,,,,,,,,,,,,,,,,,,,,,,,,,,,,,,,,,,,,,,,,,,,,,,,,,,,,,,,,,,,,,,,,,,,,,,,,,,,,,,,,,,,,,,,,,,,,,,,,,,,,,,,,,,,,,,,,,,,,,,
S108,,,,,S144,S141,,,,,,,,,,S153,,,,,,,,,,,,,,,,,,,,,S140,S164,S152,S156,,S86,S72,S139,S161,S151,S162,,,,,,,,,,,,,,,S95,,,,,,,,,,,,,,,,,,,,,,,,,,,,,,,,,,,,,,,,,,,,S240,S160,S154,S148,S150,S142,S145,S143,S157,S163,S147,S146,S158,S159,S155,,,S137,,,,,,,,,S149
S109,,,R53,,R53,,,,,,,,,,R53,,R53,R53,R53,R53,R53,R53,R53,R53,R53,R53,R53,R53,,R53,R53,R53,R53,,,,,,,,,,,R53,R53,,,,,,,,,,,,,,,,,,,,,,,,,,,,,,,,,,,,,,,,,,,,,,,,,,,,,,,,,,,,,,,,,,,,,,,,,,,,,,,,,,,,,,,
S110,,,,,R133,R133,,,,,,,,,,R133,,,,,,,,,,,,,,,,,,,,,R133,R133,R133,R133,,R133,R133,R133,R133,R133,R133,,,,,,,,,,,,,,,R133,,,,,,,,,,,,,,,,,,,,,,,,,,,,,,,,,,,,,,,,,,,,,,,,,,,,,,,,,,,,,,,,,,,,,,
S111,,,,,R134,R134,,,,,,,,,,R134,,,,,,,,,,,,,,,,,,,,,R134,R134,R134,R134,,R134,R134,R134,R134,R134,R134,,,,,,,,,,,,,,,R134,,,,,,,,,,,,,,,,,,,,,,,,,,,,,,,,,,,,,,,,,,,,,,,,,,,,,,,,,,,,,,,,,,,,,,
S112,,,,,S73,S69,,,,,,,,,,S82,,,,,,,,,,,,,,,,,,,,,S68,S94,S81,S85,,S86,S72,S67,S92,S80,S91,,,,,,,,,,,,,,,S95,,,,,,,,,,,,,,,,,,,,,,,,,,,,,,,,,,,,,,,,,,,,S241,S90,S83,S77,S79,S70,S74,S71,S87,S93,S76,S75,S88,S89,S84,,,S65,,,,,,,,,S78
S113,,,,,R132,R132,,,,,,,,,,R132,,,,,,,,,,,,,,,,,,,,,R132,R132,R132,R132,,R132,R132,R132,R132,R132,R132,,,,,,,,,,,,,,,R132,,,,,,,,,,,,,,,,,,,,,,,,,,,,,,,,,,,,,,,,,,,,,,,,,,,,,,,,,,,,,,,,,,,,,,
S114,,,,,R130,R130,,,,,,,,,,R130,,,,,,,,,,,,,,,,,,,,,R130,R130,R130,R130,,R130,R130,R130,R130,R130,R130,,,,,,,,,,,,,,,R130,,,,,,,,,,,,,,,,,,,,,,,,,,,,,,,,,,,,,,,,,,,,,,,,,,,,,,,,,,,,,,,,,,,,,,
S115,,,,,S249,S246,,,,,,,,,,S258,,,,,,,,,,,,,,,,,,,,,S245,S269,S257,S261,,S86,S72,S244,S266,S256,S267,,,,,,,,,,,,,,,S95,,,,,,,,,,,,,,,,,,,,,,,,,,,,,,,,,,,,,,,,,,,,S243,S265,S259,S253,S255,S247,S250,S248,S262,S268,S252,S251,S263,S264,S260,,,S242,,,,,,,,,S254
S116,,,,,R131,R131,,,,,,,,,,R131,,,,,,,,,,,,,,,,,,,,,R131,R131,R131,R131,,R131,R131,R131,R131,R131,R131,,,,,,,,,,,,,,,R131,,,,,,,,,,,,,,,,,,,,,,,,,,,,,,,,,,,,,,,,,,,,,,,,,,,,,,,,,,,,,,,,,,,,,,
S117,,,,,R129,R129,,,,,,,,,,R129,,,,,,,,,,,,,,,,,,,,,R129,R129,R129,R129,,R129,R129,R129,R129,R129,R129,,,,,,,,,,,,,,,R129,,,,,,,,,,,,,,,,,,,,,,,,,,,,,,,,,,,,,,,,,,,,,,,,,,,,,,,,,,,,,,,,,,,,,,
S118,,,R54,,R54,,,,,,,,,,R54,,R54,R54,R54,R54,R54,R54,R54,R54,R54,R54,R54,R54,,R54,R54,R54,R54,,,,,,,,,,,R54,R54,,,,,,,,,,,,,,,,,,,,,,,,,,,,,,,,,,,,,,,,,,,,,,,,,,,,,,,,,,,,,,,,,,,,,,,,,,,,,,,,,,,,,,,
S119,,,,,S144,S141,,,,,,,,,,S153,,,,,,,,,,,,,,,,,,,,,S140,S164,S152,S156,,S86,S72,S139,S161,S151,S162,,,,,,,,,,,,,,,S95,,,,,,,,,,,,,,,,,,,,,,,,,,,,,,,,,,,,,,,,,,,,S270,S160,S154,S148,S150,S142,S145,S143,S157,S163,S147,S146,S158,S159,S155,,,S137,,,,,,,,,S149
S120,,,,,S271,,,,,,,,,,,,,,,,,,,,,,,,,,,,,,,,,,,,,,,,,,,,,,,,,,,,,,,,,,,,,,,,,,,,,,,,,,,,,,,,,,,,,,,,,,,,,,,,,,,,,,,,,,,,,,,,,,,,,,,,,,,,,,,
S121,,,R50,,R50,,,,,,,,,,R50,,R50,R50,R50,R50,R50,R50,R50,R50,R50,R50,R50,R50,,R50,R50,R50,R50,,,,,,,,,,,R50,R50,,,,,,,,,,,,,,,,,,,,,,,,,,,,,,,,,,,,,,,,,,,,,,,,S272,,,,,,,,,,,,,,,,,,,,,,,,,,,,,,,,,,,,,,,
S122,,,,,R13,,,,,S273,,,,,,,,,,,,,,,,,,,,,,,,,,,,,,,,,,,,,,,,,,,,,,,,,,,,,,,,,,,,,,,,,,,,,,,,,,,,,,,,,,,,,,,,,,,,,,,,,,,,,,,,,,,,,,,,,,,,,,,,,,
S123,,,,,,,R5,S274,,,,,,,,,,,,,,,,,,,,,,,,,,,,,,,,,,,,,,,,,,,,,,,,,,,,,,,,,,,,,,,,,,,,,,,,,,,,,,,,,,,,,,,,,,,,,,,,,,,,,,,,,,,,,,,,,,,,,,,,,,,,
S124,,,,,,,S275,,,,,,,,,,,,,,,,,,,,,,,,,,,,,,,,,,,,,,,,,,,,,,,,,,,,,,,,,,,,,,,,,,,,,,,,,,,,,,,,,,,,,,,,,,,,,,,,,,,,,,,,,,,,,,,,,,,,,,,,,,,,,
S125,,,,,,,R8,R8,,,,,,,,,,,,,,,,,,,,,,,,,,,,,,,,,,,,,,,,,,,,,,,,,,,,,,,,,,,,,,,,,,,,,,,,,,,,,,,,,,,,,,,,,,,,,,,,,,,,,,,,,,,,,,,,,,,,,,,,,,,,
S126,,,,,,,,,,,,,,,,,S8,S11,S10,S7,S14,S9,,,,,,,,,,,,,,,,,,,,,,,,,,,,,,,,,,,,,,,,,,,,,,,,,,,,,,,,,,,,,,,,,,,,,,S276,,,,,,,,,,,,,,,,,,,,,,,,,,,,,,,,,,,,,,,,
S127,,,,,S277,,,,,,,,,,,,,,,,,,,,,,,,,,,,,,,,,,,,,,,,,,,,,,,,,,,,,,,,,,,,,,,,,,,,,,,,,,,,,,,,,,,,,,,,,,,,,,,,,,,,,,,,,,,,,,,,,,,,,,,,,,,,,,,
S128,,,,,R17,R17,,,,,,,,,,R17,,,,,,,,,,,,,,,,,,,,,R17,R17,R17,R17,,R17,R17,R17,R17,R17,R17,,,,,,,,,,,,,,,R17,,,,,,,,,,,,,,,,,,,,,,,,,,,,,,,,,,,,,,,,,,,,,,,,,,,,,,,,,,,,,,,,,,,,,,
S129,,,,,R71,R71,,,,,,,,,,R71,,,,,,,,,,,,,,,,,,,,,R71,R71,R71,R71,,R71,R71,R71,R71,R71,R71,,,,,,,,,,,,,,,R71,,,,,,,,,,,,,,,,,,,,,,,,,,,,,,,,,,,,,,,,,,,,,,,,,,,,,,,,,,,,,,,,,,,,,,
S130,,,,,R16,R16,,,,,,,,,,R16,,,,,,,,,,,,,,,,,,,,,R16,R16,R16,R16,,R16,R16,R16,R16,R16,R16,,,,,,,,,,,,,,,R16,,,,,,,,,,,,,,,,,,,,,,,,,,,,,,,,,,,,,,,,,,,,,,,,,,,,,,,,,,,,,,,,,,,,,,
S131,,,,,R18,R18,,,,,,,,,,R18,,,,,,,,,,,,,,,,,,,,,R18,R18,R18,R18,,R18,R18,R18,R18,R18,R18,,,,,,,,,,,,,,,R18,,,,,,,,,,,,,,,,,,,,,,,,,,,,,,,,,,,,,,,,,,,,,,,,,,,,,,,,,,,,,,,,,,,,,,
S132,,,,,,,,,,R114,,,,R114,,,,,,,,,,,,,,,,,,,,,,,,,,,,,,,,,,R114,R114,R114,R114,R114,,,,,,,,,,,,,,,,,,,,,,,,,,,,,,,,,,,,,,,,,,,,,,,,,,,,,,,,,,,,,,,,,,,,,,,,,,,,,,,,
S133,,,,,,,,,,,,,S278,,,,,,,,,,,,,,,,,,,,,,,,,,,,,,,,,,,,,,,,,,,,,,,,,,,,,,,,,,,,,,,,,,,,,,,,,,,,,,,,,,,,,,,,,,,,,,,,,,,,,,,,,,,,,,,,,,,,,,,
S134,,,,,,,,,,,,,,,,,S8,S11,S10,S7,S14,S9,,,,,,,,,,,,,,,,,,,,,,,,,,,,,,,,,,,,,,,,,,,,,,,,,,,,,,,,,,,,,,,,,,,,,,S279,,,,,,,,,,,,,,,,,,,,,,,,,,,,,,,,,,,,,,,,
S135,,,,,S73,S69,,,,,,,,,,S82,,,,,,,,,,,,,,,,,,,,,S68,S94,S81,S85,,S86,S72,S67,S92,S80,S91,,,,,,,,,,,,,,,S95,,,,,,,,,,,,,,,,,,,,,,,,,,,,,,,,,,,,,,,,,,,,S280,S90,S83,S77,S79,S70,S74,S71,S87,S93,S76,S75,S88,S89,S84,,,S65,,,,,,,,,S78
S136,,,,,S105,,,,S281,,,,,,,,,,,,,,,,,,,,,,,,,,,,,,,,,,,,,,,,,,,,,,,,,,,,,,,,,,,,,,,,,,,,,S282,S104,,,,,,,,,,,,,,,,,,,,,,,,,,,,,,,,,,,,,,,,,,,,,,,,,,,,,
S137,,,,,,,R109,,,,,,,,,,,,,,,,,,,,,,,,,,,,,,,,,,R109,R109,R109,,,,,,,,,,R109,R109,R109,R109,R109,R109,R109,R109,R109,R109,R109,R109,R109,R109,,,,,,,,,,,,,,,,,,,,,,,,,,,,,,,,,,,,,,,,,,,,,,,,,,,,,,,,,,,,,,,,,,
S138,,,,,,,S283,,,,,,,,,,,,,,,,,,,,,,,,,,,,,,,,,,,,,,,,,,,,,,,,,,,,,,,,,,,,,,,,,,,,,,,,,,,,,,,,,,,,,,,,,,,,,,,,,,,,,,,,,,,,,,,,,,,,,,,,,,,,,
S139,,,,,,S284,,,,,,,,,,,,,,,,,,,,,,,,,,,,,,,,,,,,,,,,,,,,,,,,,,,,,,,,,,,,,,,,,,,,,,,,,,,,,,,,,,,,,,,,,,,,,,,,,,,,,,,,,,,,,,,,,,,,,,,,,,,,,,
S140,,,,,,,R123,,,,,,,,,,,,,,,,,,,,,,,,,,,,,,,,,,R123,R123,R123,,,,,,,,,,R123,R123,R123,R123,R123,R123,R123,R123,R123,R123,R123,R123,R123,R123,,,,,,,,,,,,,,,,,,,,,,,,,,,,,,,,,,,,,,,,,,,,,,,,,,,,,,,,,,,,,,,,,,
S141,,,,,S144,S141,,,,,,,,,,S153,,,,,,,,,,,,,,,,,,,,,S140,S164,S152,S156,,S86,S72,S139,S161,S151,S162,,,,,,,,,,,,,,,S95,,,,,,,,,,,,,,,,,,,,,,,,,,,,,,,,,,,,,,,,,,,,S285,S160,S154,S148,S150,S142,S145,S143,S157,S163,S147,S146,S158,S159,S155,,,S137,,,,,,,,,S149
S142,,,,,,,R94,,,,,,,,,,,,,,,,,,,,,,,,,,,,,,,,,,,,,,,,,,,,,,R94,R94,R94,R94,R94,S169,S170,S171,S168,,,,,,,,,,,,,,,,,,,,,,,,,,,,,,,,,,,,,,,,,,,,,,,,,,,,,,,,,,,,,,,,,,,,S286,,,
S143,,,,,,,R98,,,,,,,,,,,,,,,,,,,,,,,,,,,,,,,,,,,,,,,,,,,,,,R98,R98,R98,R98,R98,R98,R98,R98,R98,R98,R98,S174,S176,S173,,,,,,,,,,,,,,,,,,,,,,,,,,,,,,,,,,,,,,,,,,,,,,,,,,,,,,,,,,,,,,,,,S287,
S144,,,,,,S288,R114,,,R114,,,,,,,,,,,,,,,,,,,,,,,,,,,,,,,R114,R114,R114,,,,,,,,,,R114,R114,R114,R114,R114,R114,R114,R114,R114,R114,R114,R114,R114,R114,,,,,,,,,,,,,,,,,,,,,,,,,,,,,,,,,,,,,,,,,,,,,,,,,,,,,,,,,,,,,,,,,,
S145,,,,,,,R96,,,,,,,,,,,,,,,,,,,,,,,,,,,,,,,,,,,,,,,,,,,,,,R96,R96,R96,R96,R96,R96,R96,R96,R96,S179,S180,,,,,,,,,,,,,,,,,,,,,,,,,,,,,,,,,,,,,,,,,,,,,,,,,,,,,,,,,,,,,,,,,,,S289,,
S146,,,,,,,R107,,,,,,,,,,,,,,,,,,,,,,,,,,,,,,,,,,R107,R107,R107,,,,,,,,,,R107,R107,R107,R107,R107,R107,R107,R107,R107,R107,R107,R107,R107,R107,,,,,,,,,,,,,,,,,,,,,,,,,,,,,,,,,,,,,,,,,,,,,,,,,,,,,,,,,,,,,,,,,,
S147,,,,,,,R102,,,,,,,,,,,,,,,,,,,,,,,,,,,,,,,,,,S291,S290,S292,,,,,,,,,,R102,R102,R102,R102,R102,R102,R102,R102,R102,R102,R102,R102,R102,R102,,,,,,,,,,,,,,,,,,,,,,,,,,,,,,,,,,,,,,,,,,,,,,,,,,,,,,,,,,,,,,,,,,
S148,,,,,,,R90,,,,,,,,,,,,,,,,,,,,,,,,,,,,,,,,,,,,,,,,,,,,,,R90,R90,S184,,,,,,,,,,,,,,,,,,,,,,,,,,,,,,,,,,,,,,,,,,,,,,,,,,,,,,,,,,,,,,,,,,,,,,,,S293,,,,,
S149,,,,,S144,S141,,,,,,,,,,S153,,,,,,,,,,,,,,,,,,,,,S140,S164,S152,S156,,S86,S72,S139,S161,S151,S162,,,,,,,,,,,,,,,S95,,,,,,,,,,,,,,,,,,,,,,,,,,,,,,,,,,,,,,,,,,,,,,,,,,,,S157,S294,S147,S146,S158,S159,S155,,,S137,,,,,,,,,S149
S150,,,,,,,R92,,,,,,,,,,,,,,,,,,,,,,,,,,,,,,,,,,,,,,,,,,,,,,R92,R92,R92,S189,S188,,,,,,,,,,,,,,,,,,,,,,,,,,,,,,,,,,,,,,,,,,,,,,,,,,,,,,,,,,,,,,,,,,,,,,,S295,,,,
S151,,,,,,,R127,,,,,,,,,,,,,,,,,,,,,,,,,,,,,,,,,,R127,R127,R127,,,,,,,,,,R127,R127,R127,R127,R127,R127,R127,R127,R127,R127,R127,R127,R127,R127,,,,,,,,,,,,,,,,,,,,,,,,,,,,,,,,,,,,,,,,,,,,,,,,,,,,,,,,,,,,,,,,,,
S152,,,,,,,R125,,,,,,,,,,,,,,,,,,,,,,,,,,,,,,,,,,R125,R125,R125,,,,,,,,,,R125,R125,R125,R125,R125,R125,R125,R125,R125,R125,R125,R125,R125,R125,,,,,,,,,,,,,,,,,,,,,,,,,,,,,,,,,,,,,,,,,,,,,,,,,,,,,,,,,,,,,,,,,,
S153,,,,,,,R122,,,,,,,,,,,,,,,,,,,,,,,,,,,,,,,,,,R122,R122,R122,,,,,,,,,,R122,R122,R122,R122,R122,R122,R122,R122,R122,R122,R122,R122,R122,R122,,,,,,,,,,,,,,,,,,,,,,,,,,,,,,,,,,,,,,,,,,,,,,,,,,,,,,,,,,,,,,,,,,
S154,,,,,,,R88,,,,,,,,,,,,,,,,,,,,,,,,,,,,,,,,,,,,,,,,,,,,,,R88,S191,,,,,,,,,,,,,,,,,,,,,,,,,,,,,,,,,,,,,,,,,,,,,,,,,,,,,,,,,,,,,,,,,,,,,,,,S296,,,,,,
S155,,,,,,,R112,,,,,,,,,,,,,,,,,,,,,,,,,,,,,,,,,,R112,R112,R112,,,,,,,,,,R112,R112,R112,R112,R112,R112,R112,R112,R112,R112,R112,R112,R112,R112,,,,,,,,,,,,,,,,,,,,,,,,,,,,,,,,,,,,,,,,,,,,,,,,,,,,,,,,,,,,,,,,,,
S156,,,,,,,R126,,,,,,,,,,,,,,,,,,,,,,,,,,,,,,,,,,R126,R126,R126,,,,,,,,,,R126,R126,R126,R126,R126,R126,R126,R126,R126,R126,R126,R126,R126,R126,,,,,,,,,,,,,,,,,,,,,,,,,,,,,,,,,,,,,,,,,,,,,,,,,,,,,,,,,,,,,,,,,,
S157,,,,,,,R104,,,,,,,,,,,,,,,,,,,,,,,,,,,,,,,,,,,,,,,,,,,,,,R104,R104,R104,R104,R104,R104,R104,R104,R104,R104,R104,R104,R104,R104,,,,,,,,,,,,,,,,,,,,,,,,,,,,,,,,,,,,,,,,,,,,,,,,,,,,,,,,,,,,,,,,,,
S158,,,,,,,R108,,,S297,,,,,,,,,,,,,,,,,,,,,,,,,,,,,,,R108,R108,R108,,,,,,,,,,R108,R108,R108,R108,R108,R108,R108,R108,R108,R108,R108,R108,R108,R108,,,,,,,,,,,,,,,,,,,,,,,,,,,,,,,,,,,,,,,,,,,,,,,,,,,,,,,,,,,,,,,,,,
S159,,,,,,,R111,,,,,,,,,,,,,,,,,,,,,,,,,,,,,,,,,,R111,R111,R111,,,,,,,,,,R111,R111,R111,R111,R111,R111,R111,R111,R111,R111,R111,R111,R111,R111,,,,,,,,,,,,,,,,,,,,,,,,,,,,,,,,,,,,,,,,,,,,,,,,,,,,,,,,,,,,,,,,,,
S160,,,,,,,R86,,,,,,,,,,,,,,,,,,,,,,,,,,,,,,,,,,,,,,,,,,,,,,S193,,,,,,,,,,,,,,,,,,,,,,,,,,,,,,,,,,,,,,,,,,,,,,,,,,,,,,,,,,,,,,,,,,,,,,,,S298,,,,,,,
S161,,,,,,S299,,,,,,,,,,,,,,,,,,,,,,,,,,,,,,,,,,,,,,,,,,,,,,,,,,,,,,,,,,,,,,,,,,,,,,,,,,,,,,,,,,,,,,,,,,,,,,,,,,,,,,,,,,,,,,,,,,,,,,,,,,,,,,
S162,,,,,,,R128,,,,,,,,,,,,,,,,,,,,,,,,,,,,,,,,,,R128,R128,R128,,,,,,,,,,R128,R128,R128,R128,R128,R128,R128,R128,R128,R128,R128,R128,R128,R128,,,,,,,,,,,,,,,,,,,,,,,,,,,,,,,,,,,,,,,,,,,,,,,,,,,,,,,,,,,,,,,,,,
S163,,,,,,,R100,,,,,,,,,,,,,,,,,,,,,,,,,,,,,,,,,,,,,,,,,,,,,,R100,R100,R100,R100,R100,R100,R100,R100,R100,R100,R100,R100,R100,R100,,,,,,,,,,,,,,,,,,,,,,,,,,,,,,,,,,,,,,,,,,,,,,,,,,,,,,,,,,,,,,,,,,
S164,,,,,,,R124,,,,,,,,,,,,,,,,,,,,,,,,,,,,,,,,,,R124,R124,R124,,,,,,,,,,R124,R124,R124,R124,R124,R124,R124,R124,R124,R124,R124,R124,R124,R124,,,,,,,,,,,,,,,,,,,,,,,,,,,,,,,,,,,,,,,,,,,,,,,,,,,,,,,,,,,,,,,,,,
S165,,,R59,,R59,,,,,,,,,,R59,,R59,R59,R59,R59,R59,R59,R59,R59,R59,R59,R59,R59,,R59,R59,R59,R59,,,,,,,,,,,R59,R59,,,,,,,,,,,,,,,,,,,,,,,,,,,,,,,,,,,,,,,,,,,,,,,,,,,,,,,,,,,,,,,,,,,,,,,,,,,,,,,,,,,,,,,
S166,,,,,S144,S141,,,,,,,,,,S153,,,,,,,,,,,,,,,,,,,,,S140,S164,S152,S156,,S86,S72,S139,S161,S151,S162,,,,,,,,,,,,,,,S95,,,,,,,,,,,,,,,,,,,,,,,,,,,,,,,,,,,,,,,,,,,,S300,S160,S154,S148,S150,S142,S145,S143,S157,S163,S147,S146,S158,S159,S155,,,S137,,,,,,,,,S149
S167,,,,,,,S301,,,,,,,,,,,,,,,,,,,,,,,,,,,,,,,,,,,,,,,,,,,,,,,,,,,,,,,,,,,,,,,,,,,,,,,,,,,,,,,,,,,,,,,,,,,,,,,,,,,,,,,,,,,,,,,,,,,,,,,,,,,,,
S168,,,,,R143,R143,,,,,,,,,,R143,,,,,,,,,,,,,,,,,,,,,R143,R143,R143,R143,,R143,R143,R143,R143,R143,R143,,,,,,,,,,,,,,,R143,,,,,,,,,,,,,,,,,,,,,,,,,,,,,,,,,,,,,,,,,,,,,,,,,,,,,,,,,,,,,,,,,,,,,,
S169,,,,,R140,R140,,,,,,,,,,R140,,,,,,,,,,,,,,,,,,,,,R140,R140,R140,R140,,R140,R140,R140,R140,R140,R140,,,,,,,,,,,,,,,R140,,,,,,,,,,,,,,,,,,,,,,,,,,,,,,,,,,,,,,,,,,,,,,,,,,,,,,,,,,,,,,,,,,,,,,
S170,,,,,R141,R141,,,,,,,,,,R141,,,,,,,,,,,,,,,,,,,,,R141,R141,R141,R141,,R141,R141,R141,R141,R141,R141,,,,,,,,,,,,,,,R141,,,,,,,,,,,,,,,,,,,,,,,,,,,,,,,,,,,,,,,,,,,,,,,,,,,,,,,,,,,,,,,,,,,,,,
S171,,,,,R142,R142,,,,,,,,,,R142,,,,,,,,,,,,,,,,,,,,,R142,R142,R142,R142,,R142,R142,R142,R142,R142,R142,,,,,,,,,,,,,,,R142,,,,,,,,,,,,,,,,,,,,,,,,,,,,,,,,,,,,,,,,,,,,,,,,,,,,,,,,,,,,,,,,,,,,,,
S172,,,,,S73,S69,,,,,,,,,,S82,,,,,,,,,,,,,,,,,,,,,S68,S94,S81,S85,,S86,S72,S67,S92,S80,S91,,,,,,,,,,,,,,,S95,,,,,,,,,,,,,,,,,,,,,,,,,,,,,,,,,,,,,,,,,,,,,,,,,,S302,S71,S87,S93,S76,S75,S88,S89,S84,,,S65,,,,,,,,,S78
S173,,,,,R148,R148,,,,,,,,,,R148,,,,,,,,,,,,,,,,,,,,,R148,R148,R148,R148,,R148,R148,R148,R148,R148,R148,,,,,,,,,,,,,,,R148,,,,,,,,,,,,,,,,,,,,,,,,,,,,,,,,,,,,,,,,,,,,,,,,,,,,,,,,,,,,,,,,,,,,,,
S174,,,,,R146,R146,,,,,,,,,,R146,,,,,,,,,,,,,,,,,,,,,R146,R146,R146,R146,,R146,R146,R146,R146,R146,R146,,,,,,,,,,,,,,,R146,,,,,,,,,,,,,,,,,,,,,,,,,,,,,,,,,,,,,,,,,,,,,,,,,,,,,,,,,,,,,,,,,,,,,,
S175,,,,,S73,S69,,,,,,,,,,S82,,,,,,,,,,,,,,,,,,,,,S68,S94,S81,S85,,S86,S72,S67,S92,S80,S91,,,,,,,,,,,,,,,S95,,,,,,,,,,,,,,,,,,,,,,,,,,,,,,,,,,,,,,,,,,,,,,,,,,,,S87,S303,S76,S75,S88,S89,S84,,,S65,,,,,,,,,S78
S176,,,,,R147,R147,,,,,,,,,,R147,,,,,,,,,,,,,,,,,,,,,R147,R147,R147,R147,,R147,R147,R147,R147,R147,R147,,,,,,,,,,,,,,,R147,,,,,,,,,,,,,,,,,,,,,,,,,,,,,,,,,,,,,,,,,,,,,,,,,,,,,,,,,,,,,,,,,,,,,,
S177,,,,,S205,S202,R119,,,,,,,,,S215,,,,,,,,,,,,,,,,,,,,,S201,S227,S213,S218,,S86,S72,S200,S225,S212,S224,,,,,,,,,,,,,,,S95,,,,,,,,,,,,,,,,,,,,,,,,,,,,,,,,,,,,,,,,,,,,S199,S223,S216,S209,S211,S203,S206,S204,S219,S226,S208,S207,S220,S221,S217,S304,S214,S198,,,,,,,,,S210
S178,,,,,S73,S69,,,,,,,,,,S82,,,,,,,,,,,,,,,,,,,,,S68,S94,S81,S85,,S86,S72,S67,S92,S80,S91,,,,,,,,,,,,,,,S95,,,,,,,,,,,,,,,,,,,,,,,,,,,,,,,,,,,,,,,,,,,,,,,,,,,S305,S87,S93,S76,S75,S88,S89,S84,,,S65,,,,,,,,,S78
S179,,,,,R144,R144,,,,,,,,,,R144,,,,,,,,,,,,,,,,,,,,,R144,R144,R144,R144,,R144,R144,R144,R144,R144,R144,,,,,,,,,,,,,,,R144,,,,,,,,,,,,,,,,,,,,,,,,,,,,,,,,,,,,,,,,,,,,,,,,,,,,,,,,,,,,,,,,,,,,,,
S180,,,,,R145,R145,,,,,,,,,,R145,,,,,,,,,,,,,,,,,,,,,R145,R145,R145,R145,,R145,R145,R145,R145,R145,R145,,,,,,,,,,,,,,,R145,,,,,,,,,,,,,,,,,,,,,,,,,,,,,,,,,,,,,,,,,,,,,,,,,,,,,,,,,,,,,,,,,,,,,,
S181,,,,,,,,,,,,,R105,,,,,,,,,,,,,,,,,,,,,,,,,,,,R105,R105,R105,,,,,,,,,,R105,R105,R105,R105,R105,R105,R105,R105,R105,R105,R105,R105,R105,R105,,,,,,,,,,,,,,,,,,,,,,,,,,,,,,,,,,,,,,,,,,,,,,,,,,,,,,,,,,,,,,,,,,
S182,,,,,S73,S69,,,,,,,,,,S82,,,,,,,,,,,,,,,,,,,,,S68,S94,S81,S85,,,,S67,S92,S80,S91,,,,,,,,,,,,,,,,,,,,,,,,,,,,,,,,,,,,,,,,,,,,,,,,,,,,,,,,,,,,,,,,,,,S306,,S76,S75,S88,S89,S84,,,S65,,,,,,,,,
S183,,,,,,,,,,,,,R106,,,,,,,,,,,,,,,,,,,,,,,,,,,,R106,R106,R106,,,,,,,,,,R106,R106,R106,R106,R106,R106,R106,R106,R106,R106,R106,R106,R106,R106,,,,,,,,,,,,,,,,,,,,,,,,,,,,,,,,,,,,,,,,,,,,,,,,,,,,,,,,,,,,,,,,,,
S184,,,,,R137,R137,,,,,,,,,,R137,,,,,,,,,,,,,,,,,,,,,R137,R137,R137,R137,,R137,R137,R137,R137,R137,R137,,,,,,,,,,,,,,,R137,,,,,,,,,,,,,,,,,,,,,,,,,,,,,,,,,,,,,,,,,,,,,,,,,,,,,,,,,,,,,,,,,,,,,,
S185,,,,,S73,S69,,,,,,,,,,S82,,,,,,,,,,,,,,,,,,,,,S68,S94,S81,S85,,S86,S72,S67,S92,S80,S91,,,,,,,,,,,,,,,S95,,,,,,,,,,,,,,,,,,,,,,,,,,,,,,,,,,,,,,,,,,,,,,,,S307,S70,S74,S71,S87,S93,S76,S75,S88,S89,S84,,,S65,,,,,,,,,S78
S186,,,,,,,,,,,,,R103,,,,,,,,,,,,,,,,,,,,,,,,,,,,,,,,,,,,,,,,R103,R103,R103,R103,R103,R103,R103,R103,R103,R103,R103,R103,R103,R103,,,,,,,,,,,,,,,,,,,,,,,,,,,,,,,,,,,,,,,,,,,,,,,,,,,,,,,,,,,,,,,,,,
S187,,,,,S73,S69,,,,,,,,,,S82,,,,,,,,,,,,,,,,,,,,,S68,S94,S81,S85,,S86,S72,S67,S92,S80,S91,,,,,,,,,,,,,,,S95,,,,,,,,,,,,,,,,,,,,,,,,,,,,,,,,,,,,,,,,,,,,,,,,,S308,S74,S71,S87,S93,S76,S75,S88,S89,S84,,,S65,,,,,,,,,S78
S188,,,,,R139,R139,,,,,,,,,,R139,,,,,,,,,,,,,,,,,,,,,R139,R139,R139,R139,,R139,R139,R139,R139,R139,R139,,,,,,,,,,,,,,,R139,,,,,,,,,,,,,,,,,,,,,,,,,,,,,,,,,,,,,,,,,,,,,,,,,,,,,,,,,,,,,,,,,,,,,,
S189,,,,,R138,R138,,,,,,,,,,R138,,,,,,,,,,,,,,,,,,,,,R138,R138,R138,R138,,R138,R138,R138,R138,R138,R138,,,,,,,,,,,,,,,R138,,,,,,,,,,,,,,,,,,,,,,,,,,,,,,,,,,,,,,,,,,,,,,,,,,,,,,,,,,,,,,,,,,,,,,
S190,,,,,S73,S69,,,,,,,,,,S82,,,,,,,,,,,,,,,,,,,,,S68,S94,S81,S85,,S86,S72,S67,S92,S80,S91,,,,,,,,,,,,,,,S95,,,,,,,,,,,,,,,,,,,,,,,,,,,,,,,,,,,,,,,,,,,,,,,S309,S79,S70,S74,S71,S87,S93,S76,S75,S88,S89,S84,,,S65,,,,,,,,,S78
S191,,,,,R136,R136,,,,,,,,,,R136,,,,,,,,,,,,,,,,,,,,,R136,R136,R136,R136,,R136,R136,R136,R136,R136,R136,,,,,,,,,,,,,,,R136,,,,,,,,,,,,,,,,,,,,,,,,,,,,,,,,,,,,,,,,,,,,,,,,,,,,,,,,,,,,,,,,,,,,,,
S192,,,,,S249,S246,,,,,,,,,,S258,,,,,,,,,,,,,,,,,,,,,S245,S269,S257,S261,,S86,S72,S244,S266,S256,S267,,,,,,,,,,,,,,,S95,,,,,,,,,,,,,,,,,,,,,,,,,,,,,,,,,,,,,,,,,,,,S310,S265,S259,S253,S255,S247,S250,S248,S262,S268,S252,S251,S263,S264,S260,,,S242,,,,,,,,,S254
S193,,,,,R135,R135,,,,,,,,,,R135,,,,,,,,,,,,,,,,,,,,,R135,R135,R135,R135,,R135,R135,R135,R135,R135,R135,,,,,,,,,,,,,,,R135,,,,,,,,,,,,,,,,,,,,,,,,,,,,,,,,,,,,,,,,,,,,,,,,,,,,,,,,,,,,,,,,,,,,,,
S194,,,,,S73,S69,,,,,,,,,,S82,,,,,,,,,,,,,,,,,,,,,S68,S94,S81,S85,,S86,S72,S67,S92,S80,S91,,,,,,,,,,,,,,,S95,,,,,,,,,,,,,,,,,,,,,,,,,,,,,,,,,,,,,,,,,,,,,,S311,S77,S79,S70,S74,S71,S87,S93,S76,S75,S88,S89,S84,,,S65,,,,,,,,,S78
S195,,,,,S144,S141,,,,,,,,,,S153,,,,,,,,,,,,,,,,,,,,,S140,S164,S152,S156,,S86,S72,S139,S161,S151,S162,,,,,,,,,,,,,,,S95,,,,,,,,,,,,,,,,,,,,,,,,,,,,,,,,,,,,,,,,,,,,S312,S160,S154,S148,S150,S142,S145,S143,S157,S163,S147,S146,S158,S159,S155,,,S137,,,,,,,,,S149
S196,,,,,,,S313,,,,,,,,,,,,,,,,,,,,,,,,,,,,,,,,,,,,,,,,,,,,,,,,,,,,,,,,,,,,,,,,,,,,,,,,,,,,,,,,,,,,,,,,,,,,,,,,,,,,,,,,,,,,,,,,,,,,,,,,,,,,,
S197,,,,,,,S314,,,,,,,,,,,,,,,,,,,,,,,,,,,,,,,,,,,,,,,,,,,,,,,,,,,,,,,,,,,,,,,,,,,,,,,,,,,,,,,,,,,,,,,,,,,,,,,,,,,,,,,,,,,,,,,,,,,,,,,,,,,,,
S198,,,,,,,R109,R109,,,,,,,,,,,,,,,,,,,,,,,,,,,,,,,,,R109,R109,R109,,,,,,,,,,R109,R109,R109,R109,R109,R109,R109,R109,R109,R109,R109,R109,R109,R109,,,,,,,,,,,,,,,,,,,,,,,,,,,,,,,,,,,,,,,,,,,,,,,,,,,,,,,,,,,,,,,,,,
S199,,,,,,,R121,R121,,,,,,,,,,,,,,,,,,,,,,,,,,,,,,,,,,,,,,,,,,,,,,,,,,,,,,,,,,,,,,,,,,,,,,,,,,,,,,,,,,,,,,,,,,,,,,,,,,,,,,,,,,,,,,,,,,,,,,,,,,,,
S200,,,,,,S315,,,,,,,,,,,,,,,,,,,,,,,,,,,,,,,,,,,,,,,,,,,,,,,,,,,,,,,,,,,,,,,,,,,,,,,,,,,,,,,,,,,,,,,,,,,,,,,,,,,,,,,,,,,,,,,,,,,,,,,,,,,,,,
S201,,,,,,,R123,R123,,,,,,,,,,,,,,,,,,,,,,,,,,,,,,,,,R123,R123,R123,,,,,,,,,,R123,R123,R123,R123,R123,R123,R123,R123,R123,R123,R123,R123,R123,R123,,,,,,,,,,,,,,,,,,,,,,,,,,,,,,,,,,,,,,,,,,,,,,,,,,,,,,,,,,,,,,,,,,
S202,,,,,S144,S141,,,,,,,,,,S153,,,,,,,,,,,,,,,,,,,,,S140,S164,S152,S156,,S86,S72,S139,S161,S151,S162,,,,,,,,,,,,,,,S95,,,,,,,,,,,,,,,,,,,,,,,,,,,,,,,,,,,,,,,,,,,,S316,S160,S154,S148,S150,S142,S145,S143,S157,S163,S147,S146,S158,S159,S155,,,S137,,,,,,,,,S149
S203,,,,,,,R94,R94,,,,,,,,,,,,,,,,,,,,,,,,,,,,,,,,,,,,,,,,,,,,,R94,R94,R94,R94,R94,S169,S170,S171,S168,,,,,,,,,,,,,,,,,,,,,,,,,,,,,,,,,,,,,,,,,,,,,,,,,,,,,,,,,,,,,,,,,,,,S317,,,
S204,,,,,,,R98,R98,,,,,,,,,,,,,,,,,,,,,,,,,,,,,,,,,,,,,,,,,,,,,R98,R98,R98,R98,R98,R98,R98,R98,R98,R98,R98,S174,S176,S173,,,,,,,,,,,,,,,,,,,,,,,,,,,,,,,,,,,,,,,,,,,,,,,,,,,,,,,,,,,,,,,,,S318,
S205,,,,,,S319,R114,R114,,R114,,,,,,,,,,,,,,,,,,,,,,,,,,,,,,,R114,R114,R114,,,,,,,,,,R114,R114,R114,R114,R114,R114,R114,R114,R114,R114,R114,R114,R114,R114,,,,,,,,,,,,,,,,,,,,,,,,,,,,,,,,,,,,,,,,,,,,,,,,,,,,,,,,,,,,,,,,,,
S206,,,,,,,R96,R96,,,,,,,,,,,,,,,,,,,,,,,,,,,,,,,,,,,,,,,,,,,,,R96,R96,R96,R96,R96,R96,R96,R96,R96,S179,S180,,,,,,,,,,,,,,,,,,,,,,,,,,,,,,,,,,,,,,,,,,,,,,,,,,,,,,,,,,,,,,,,,,,S320,,
S207,,,,,,,R107,R107,,,,,,,,,,,,,,,,,,,,,,,,,,,,,,,,,R107,R107,R107,,,,,,,,,,R107,R107,R107,R107,R107,R107,R107,R107,R107,R107,R107,R107,R107,R107,,,,,,,,,,,,,,,,,,,,,,,,,,,,,,,,,,,,,,,,,,,,,,,,,,,,,,,,,,,,,,,,,,
S208,,,,,,,R102,R102,,,,,,,,,,,,,,,,,,,,,,,,,,,,,,,,,S322,S321,S323,,,,,,,,,,R102,R102,R102,R102,R102,R102,R102,R102,R102,R102,R102,R102,R102,R102,,,,,,,,,,,,,,,,,,,,,,,,,,,,,,,,,,,,,,,,,,,,,,,,,,,,,,,,,,,,,,,,,,
S209,,,,,,,R90,R90,,,,,,,,,,,,,,,,,,,,,,,,,,,,,,,,,,,,,,,,,,,,,R90,R90,S184,,,,,,,,,,,,,,,,,,,,,,,,,,,,,,,,,,,,,,,,,,,,,,,,,,,,,,,,,,,,,,,,,,,,,,,,S324,,,,,
S210,,,,,S205,S202,,,,,,,,,,S215,,,,,,,,,,,,,,,,,,,,,S201,S227,S213,S218,,S86,S72,S200,S225,S212,S224,,,,,,,,,,,,,,,S95,,,,,,,,,,,,,,,,,,,,,,,,,,,,,,,,,,,,,,,,,,,,,,,,,,,,S219,S325,S208,S207,S220,S221,S217,,,S198,,,,,,,,,S210
S211,,,,,,,R92,R92,,,,,,,,,,,,,,,,,,,,,,,,,,,,,,,,,,,,,,,,,,,,,R92,R92,R92,S189,S188,,,,,,,,,,,,,,,,,,,,,,,,,,,,,,,,,,,,,,,,,,,,,,,,,,,,,,,,,,,,,,,,,,,,,,,S326,,,,
S212,,,,,,,R127,R127,,,,,,,,,,,,,,,,,,,,,,,,,,,,,,,,,R127,R127,R127,,,,,,,,,,R127,R127,R127,R127,R127,R127,R127,R127,R127,R127,R127,R127,R127,R127,,,,,,,,,,,,,,,,,,,,,,,,,,,,,,,,,,,,,,,,,,,,,,,,,,,,,,,,,,,,,,,,,,
S213,,,,,,,R125,R125,,,,,,,,,,,,,,,,,,,,,,,,,,,,,,,,,R125,R125,R125,,,,,,,,,,R125,R125,R125,R125,R125,R125,R125,R125,R125,R125,R125,R125,R125,R125,,,,,,,,,,,,,,,,,,,,,,,,,,,,,,,,,,,,,,,,,,,,,,,,,,,,,,,,,,,,,,,,,,
S214,,,,,,,R118,S327,,,,,,,,,,,,,,,,,,,,,,,,,,,,,,,,,,,,,,,,,,,,,,,,,,,,,,,,,,,,,,,,,,,,,,,,,,,,,,,,,,,,,,,,,,,,,,,,,,,,,,,,,,,,,,,,,,,,,,,,,,,,
S215,,,,,,,R122,R122,,,,,,,,,,,,,,,,,,,,,,,,,,,,,,,,,R122,R122,R122,,,,,,,,,,R122,R122,R122,R122,R122,R122,R122,R122,R122,R122,R122,R122,R122,R122,,,,,,,,,,,,,,,,,,,,,,,,,,,,,,,,,,,,,,,,,,,,,,,,,,,,,,,,,,,,,,,,,,
S216,,,,,,,R88,R88,,,,,,,,,,,,,,,,,,,,,,,,,,,,,,,,,,,,,,,,,,,,,R88,S191,,,,,,,,,,,,,,,,,,,,,,,,,,,,,,,,,,,,,,,,,,,,,,,,,,,,,,,,,,,,,,,,,,,,,,,,S328,,,,,,
S217,,,,,,,R112,R112,,,,,,,,,,,,,,,,,,,,,,,,,,,,,,,,,R112,R112,R112,,,,,,,,,,R112,R112,R112,R112,R112,R112,R112,R112,R112,R112,R112,R112,R112,R112,,,,,,,,,,,,,,,,,,,,,,,,,,,,,,,,,,,,,,,,,,,,,,,,,,,,,,,,,,,,,,,,,,
S218,,,,,,,R126,R126,,,,,,,,,,,,,,,,,,,,,,,,,,,,,,,,,R126,R126,R126,,,,,,,,,,R126,R126,R126,R126,R126,R126,R126,R126,R126,R126,R126,R126,R126,R126,,,,,,,,,,,,,,,,,,,,,,,,,,,,,,,,,,,,,,,,,,,,,,,,,,,,,,,,,,,,,,,,,,
S219,,,,,,,R104,R104,,,,,,,,,,,,,,,,,,,,,,,,,,,,,,,,,,,,,,,,,,,,,R104,R104,R104,R104,R104,R104,R104,R104,R104,R104,R104,R104,R104,R104,,,,,,,,,,,,,,,,,,,,,,,,,,,,,,,,,,,,,,,,,,,,,,,,,,,,,,,,,,,,,,,,,,
S220,,,,,,,R108,R108,,S329,,,,,,,,,,,,,,,,,,,,,,,,,,,,,,,R108,R108,R108,,,,,,,,,,R108,R108,R108,R108,R108,R108,R108,R108,R108,R108,R108,R108,R108,R108,,,,,,,,,,,,,,,,,,,,,,,,,,,,,,,,,,,,,,,,,,,,,,,,,,,,,,,,,,,,,,,,,,
S221,,,,,,,R111,R111,,,,,,,,,,,,,,,,,,,,,,,,,,,,,,,,,R111,R111,R111,,,,,,,,,,R111,R111,R111,R111,R111,R111,R111,R111,R111,R111,R111,R111,R111,R111,,,,,,,,,,,,,,,,,,,,,,,,,,,,,,,,,,,,,,,,,,,,,,,,,,,,,,,,,,,,,,,,,,
S222,,,,,,,S330,,,,,,,,,,,,,,,,,,,,,,,,,,,,,,,,,,,,,,,,,,,,,,,,,,,,,,,,,,,,,,,,,,,,,,,,,,,,,,,,,,,,,,,,,,,,,,,,,,,,,,,,,,,,,,,,,,,,,,,,,,,,,
S223,,,,,,,R86,R86,,,,,,,,,,,,,,,,,,,,,,,,,,,,,,,,,,,,,,,,,,,,,S193,,,,,,,,,,,,,,,,,,,,,,,,,,,,,,,,,,,,,,,,,,,,,,,,,,,,,,,,,,,,,,,,,,,,,,,,S331,,,,,,,
S224,,,,,,,R128,R128,,,,,,,,,,,,,,,,,,,,,,,,,,,,,,,,,R128,R128,R128,,,,,,,,,,R128,R128,R128,R128,R128,R128,R128,R128,R128,R128,R128,R128,R128,R128,,,,,,,,,,,,,,,,,,,,,,,,,,,,,,,,,,,,,,,,,,,,,,,,,,,,,,,,,,,,,,,,,,
S225,,,,,,S332,,,,,,,,,,,,,,,,,,,,,,,,,,,,,,,,,,,,,,,,,,,,,,,,,,,,,,,,,,,,,,,,,,,,,,,,,,,,,,,,,,,,,,,,,,,,,,,,,,,,,,,,,,,,,,,,,,,,,,,,,,,,,,
S226,,,,,,,R100,R100,,,,,,,,,,,,,,,,,,,,,,,,,,,,,,,,,,,,,,,,,,,,,R100,R100,R100,R100,R100,R100,R100,R100,R100,R100,R100,R100,R100,R100,,,,,,,,,,,,,,,,,,,,,,,,,,,,,,,,,,,,,,,,,,,,,,,,,,,,,,,,,,,,,,,,,,
S227,,,,,,,R124,R124,,,,,,,,,,,,,,,,,,,,,,,,,,,,,,,,,R124,R124,R124,,,,,,,,,,R124,R124,R124,R124,R124,R124,R124,R124,R124,R124,R124,R124,R124,R124,,,,,,,,,,,,,,,,,,,,,,,,,,,,,,,,,,,,,,,,,,,,,,,,,,,,,,,,,,,,,,,,,,
S228,,,,,,,,R26,,,,,R26,,,,,,,,,,,,,,,,,,,,,,,,,,,,,,,,,,,,,,,,,,,,,,,,,,,,,,,,,,,,,,,,,,,,,,,,,,,,,,,,,,,,,,,,,,,,,,,,,,,,,,,,,,,,,,,,,,,,,,,
S229,,,,,,,,S333,,,,,S334,,,,,,,,,,,,,,,,,,,,,,,,,,,,,,,,,,,,,,,,,,,,,,,,,,,,,,,,,,,,,,,,,,,,,,,,,,,,,,,,,,,,,,,,,,,,,,,,,,,,,,,,,,,,,,,,,,,,,,,
S230,,,,,,,,,,,,,,S335,,,,,,,,,,,,,,,,,,,,,,,,,,,,,,,,,,,,,,,,,,,,,,,,,,,,,,,,,,,,,,,,,,,,,,,,,,,,,,,,,,,,,,,,,,,,,,,,,,,,,,,,,,,,,,,,,,,,,,
S231,,,,,,,S336,,,,,,,,,,,,,,,,,,,,,,,,,,,,,,,,,,,,,,,,,,,,,,,,,,,,,,,,,,,,,,,,,,,,,,,,,,,,,,,,,,,,,,,,,,,,,,,,,,,,,,,,,,,,,,,,,,,,,,,,,,,,,
S232,,,,,S344,S341,,,,,,,,,,S353,,,,,,,,,,,,,,,,,,,,,S340,S364,S352,S356,,S86,S72,S339,S362,S351,S361,,,,,,,,,,,,,,,S95,,,,,,,,,,,,,,,,,,,,,,,,,,,,,,,,,,,,,,,,,,,,S338,S360,S354,S348,S350,S342,S345,S343,S357,S363,S347,S346,S358,S359,S355,,,S337,,,,,,,,,S349
S233,,,,,,,,S365,,,,,S366,,,,,,,,,,,,,,,,,,,,,,,,,,,,,,,,,,,,,,,,,,,,,,,,,,,,,,,,,,,,,,,,,,,,,,,,,,,,,,,,,,,,,,,,,,,,,,,,,,,,,,,,,,,,,,,,,,,,,,,
S234,,,,,,,,R31,,,,,R31,,,,,,,,,,,,,,,,,,,,,,,,,,,,,,,,,,,,,,,,,,,,,,,,,,,,,,,,,,,,,,,,,,,,,,,,,,,,,,,,,,,,,,,,,,,,,,,,,,,,,,,,,,,,,,,,,,,,,,,
S235,,,,,,,,R32,,,,,R32,,,,,,,,,,,,,,,,,,,,,,,,,,,,,,,,,,,,,,,,,,,,,,,,,,,,,,,,,,,,,,,,,,,,,,,,,,,,,,,,,,,,,,,,,,,,,,,,,,,,,,,,,,,,,,,,,,,,,,,
S236,,,,,,,,,,S367,,,,,,,,,,,,,,,,,,,,,,,,,,,,,,,,,,,,,,,,,,,,,,,,,,,,,,,,,,,,,,,,,,,,,,,,,,,,,,,,,,,,,,,,,,,,,,,,,,,,,,,,,,,,,,,,,,,,,,,,,,
S237,,,,,,,,R30,,,,,R30,,,,,,,,,,,,,,,,,,,,,,,,,,,,,,,,,,,,,,,,,,,,,,,,,,,,,,,,,,,,,,,,,,,,,,,,,,,,,,,,,,,,,,,,,,,,,,,,,,,,,,,,,,,,,,,,,,,,,,,
S238,,,,,S105,,,,,,,,,,,,,,,,,,,,,,,,,,,,,,,,,,,,,,,,,,,,,,,,,,,,,,,,,,,,,,,,,,,,,,,,,,S368,,,,,,,,,,,,,,,,,,,,,,,,,,,,,,,,,,,,,,,,,,,,,,,,,,,,,
S239,,,R19,,R19,,,,,,,,,,R19,,R19,R19,R19,R19,R19,R19,R19,R19,R19,R19,R19,R19,,R19,R19,R19,R19,,,,,,,,,,,R19,R19,,,,,,,,,,,,,,,,,,,,,,,,,,,,,,,,,,,,,,,,,,,,,,,,,,,,,,,,,,,,,,,,,,,,,,,,,,,,,,,,,,,,,,,
S240,,,,,,,S369,,,,,,,,,,,,,,,,,,,,,,,,,,,,,,,,,,,,,,,,,,,,,,,,,,,,,,,,,,,,,,,,,,,,,,,,,,,,,,,,,,,,,,,,,,,,,,,,,,,,,,,,,,,,,,,,,,,,,,,,,,,,,
S241,,,,,,,,,,,,,R85,,,,,,,,,,,,,,,,,,,,,,,,,,,,,,,,,,,,,,,,,,,,,,,,,,,,,,,,,,,,,,,,,,,,,,,,,,,,,,,,,,,,,,,,,,,,,,,,,,,,,,,,,,,,,,,,,,,,,,,
S242,,,,,,,,,,,R109,,,,,,,,,,,,,,,,,,,,,,,,,,,,,,R109,R109,R109,,,,,,,,,,R109,R109,R109,R109,R109,R109,R109,R109,R109,R109,R109,R109,R109,R109,,,,,,,,,,,,,,,,,,,,,,,,,,,,,,,,,,,,,,,,,,,,,,,,,,,,,,,,,,,,,,,,,,
S243,,,,,,,,,,,S370,,,,,,,,,,,,,,,,,,,,,,,,,,,,,,,,,,,,,,,,,,,,,,,,,,,,,,,,,,,,,,,,,,,,,,,,,,,,,,,,,,,,,,,,,,,,,,,,,,,,,,,,,,,,,,,,,,,,,,,,,
S244,,,,,,S371,,,,,,,,,,,,,,,,,,,,,,,,,,,,,,,,,,,,,,,,,,,,,,,,,,,,,,,,,,,,,,,,,,,,,,,,,,,,,,,,,,,,,,,,,,,,,,,,,,,,,,,,,,,,,,,,,,,,,,,,,,,,,,
S245,,,,,,,,,,,R123,,,,,,,,,,,,,,,,,,,,,,,,,,,,,,R123,R123,R123,,,,,,,,,,R123,R123,R123,R123,R123,R123,R123,R123,R123,R123,R123,R123,R123,R123,,,,,,,,,,,,,,,,,,,,,,,,,,,,,,,,,,,,,,,,,,,,,,,,,,,,,,,,,,,,,,,,,,
S246,,,,,S144,S141,,,,,,,,,,S153,,,,,,,,,,,,,,,,,,,,,S140,S164,S152,S156,,S86,S72,S139,S161,S151,S162,,,,,,,,,,,,,,,S95,,,,,,,,,,,,,,,,,,,,,,,,,,,,,,,,,,,,,,,,,,,,S372,S160,S154,S148,S150,S142,S145,S143,S157,S163,S147,S146,S158,S159,S155,,,S137,,,,,,,,,S149
S247,,,,,,,,,,,R94,,,,,,,,,,,,,,,,,,,,,,,,,,,,,,,,,,,,,,,,,,R94,R94,R94,R94,R94,S169,S170,S171,S168,,,,,,,,,,,,,,,,,,,,,,,,,,,,,,,,,,,,,,,,,,,,,,,,,,,,,,,,,,,,,,,,,,,,S373,,,
S248,,,,,,,,,,,R98,,,,,,,,,,,,,,,,,,,,,,,,,,,,,,,,,,,,,,,,,,R98,R98,R98,R98,R98,R98,R98,R98,R98,R98,R98,S174,S176,S173,,,,,,,,,,,,,,,,,,,,,,,,,,,,,,,,,,,,,,,,,,,,,,,,,,,,,,,,,,,,,,,,,S374,
S249,,,,,,S375,,,,R114,R114,,,,,,,,,,,,,,,,,,,,,,,,,,,,,,R114,R114,R114,,,,,,,,,,R114,R114,R114,R114,R114,R114,R114,R114,R114,R114,R114,R114,R114,R114,,,,,,,,,,,,,,,,,,,,,,,,,,,,,,,,,,,,,,,,,,,,,,,,,,,,,,,,,,,,,,,,,,
S250,,,,,,,,,,,R96,,,,,,,,,,,,,,,,,,,,,,,,,,,,,,,,,,,,,,,,,,R96,R96,R96,R96,R96,R96,R96,R96,R96,S179,S180,,,,,,,,,,,,,,,,,,,,,,,,,,,,,,,,,,,,,,,,,,,,,,,,,,,,,,,,,,,,,,,,,,,S376,,
S251,,,,,,,,,,,R107,,,,,,,,,,,,,,,,,,,,,,,,,,,,,,R107,R107,R107,,,,,,,,,,R107,R107,R107,R107,R107,R107,R107,R107,R107,R107,R107,R107,R107,R107,,,,,,,,,,,,,,,,,,,,,,,,,,,,,,,,,,,,,,,,,,,,,,,,,,,,,,,,,,,,,,,,,,
S252,,,,,,,,,,,R102,,,,,,,,,,,,,,,,,,,,,,,,,,,,,,S378,S377,S379,,,,,,,,,,R102,R102,R102,R102,R102,R102,R102,R102,R102,R102,R102,R102,R102,R102,,,,,,,,,,,,,,,,,,,,,,,,,,,,,,,,,,,,,,,,,,,,,,,,,,,,,,,,,,,,,,,,,,
S253,,,,,,,,,,,R90,,,,,,,,,,,,,,,,,,,,,,,,,,,,,,,,,,,,,,,,,,R90,R90,S184,,,,,,,,,,,,,,,,,,,,,,,,,,,,,,,,,,,,,,,,,,,,,,,,,,,,,,,,,,,,,,,,,,,,,,,,S380,,,,,
S254,,,,,S249,S246,,,,,,,,,,S258,,,,,,,,,,,,,,,,,,,,,S245,S269,S257,S261,,S86,S72,S244,S266,S256,S267,,,,,,,,,,,,,,,S95,,,,,,,,,,,,,,,,,,,,,,,,,,,,,,,,,,,,,,,,,,,,,,,,,,,,S262,S381,S252,S251,S263,S264,S260,,,S242,,,,,,,,,S254
S255,,,,,,,,,,,R92,,,,,,,,,,,,,,,,,,,,,,,,,,,,,,,,,,,,,,,,,,R92,R92,R92,S189,S188,,,,,,,,,,,,,,,,,,,,,,,,,,,,,,,,,,,,,,,,,,,,,,,,,,,,,,,,,,,,,,,,,,,,,,,S382,,,,
S256,,,,,,,,,,,R127,,,,,,,,,,,,,,,,,,,,,,,,,,,,,,R127,R127,R127,,,,,,,,,,R127,R127,R127,R127,R127,R127,R127,R127,R127,R127,R127,R127,R127,R127,,,,,,,,,,,,,,,,,,,,,,,,,,,,,,,,,,,,,,,,,,,,,,,,,,,,,,,,,,,,,,,,,,
S257,,,,,,,,,,,R125,,,,,,,,,,,,,,,,,,,,,,,,,,,,,,R125,R125,R125,,,,,,,,,,R125,R125,R125,R125,R125,R125,R125,R125,R125,R125,R125,R125,R125,R125,,,,,,,,,,,,,,,,,,,,,,,,,,,,,,,,,,,,,,,,,,,,,,,,,,,,,,,,,,,,,,,,,,
S258,,,,,,,,,,,R122,,,,,,,,,,,,,,,,,,,,,,,,,,,,,,R122,R122,R122,,,,,,,,,,R122,R122,R122,R122,R122,R122,R122,R122,R122,R122,R122,R122,R122,R122,,,,,,,,,,,,,,,,,,,,,,,,,,,,,,,,,,,,,,,,,,,,,,,,,,,,,,,,,,,,,,,,,,
S259,,,,,,,,,,,R88,,,,,,,,,,,,,,,,,,,,,,,,,,,,,,,,,,,,,,,,,,R88,S191,,,,,,,,,,,,,,,,,,,,,,,,,,,,,,,,,,,,,,,,,,,,,,,,,,,,,,,,,,,,,,,,,,,,,,,,S383,,,,,,
S260,,,,,,,,,,,R112,,,,,,,,,,,,,,,,,,,,,,,,,,,,,,R112,R112,R112,,,,,,,,,,R112,R112,R112,R112,R112,R112,R112,R112,R112,R112,R112,R112,R112,R112,,,,,,,,,,,,,,,,,,,,,,,,,,,,,,,,,,,,,,,,,,,,,,,,,,,,,,,,,,,,,,,,,,
S261,,,,,,,,,,,R126,,,,,,,,,,,,,,,,,,,,,,,,,,,,,,R126,R126,R126,,,,,,,,,,R126,R126,R126,R126,R126,R126,R126,R126,R126,R126,R126,R126,R126,R126,,,,,,,,,,,,,,,,,,,,,,,,,,,,,,,,,,,,,,,,,,,,,,,,,,,,,,,,,,,,,,,,,,
S262,,,,,,,,,,,R104,,,,,,,,,,,,,,,,,,,,,,,,,,,,,,,,,,,,,,,,,,R104,R104,R104,R104,R104,R104,R104,R104,R104,R104,R104,R104,R104,R104,,,,,,,,,,,,,,,,,,,,,,,,,,,,,,,,,,,,,,,,,,,,,,,,,,,,,,,,,,,,,,,,,,
S263,,,,,,,,,,S384,R108,,,,,,,,,,,,,,,,,,,,,,,,,,,,,,R108,R108,R108,,,,,,,,,,R108,R108,R108,R108,R108,R108,R108,R108,R108,R108,R108,R108,R108,R108,,,,,,,,,,,,,,,,,,,,,,,,,,,,,,,,,,,,,,,,,,,,,,,,,,,,,,,,,,,,,,,,,,
S264,,,,,,,,,,,R111,,,,,,,,,,,,,,,,,,,,,,,,,,,,,,R111,R111,R111,,,,,,,,,,R111,R111,R111,R111,R111,R111,R111,R111,R111,R111,R111,R111,R111,R111,,,,,,,,,,,,,,,,,,,,,,,,,,,,,,,,,,,,,,,,,,,,,,,,,,,,,,,,,,,,,,,,,,
S265,,,,,,,,,,,R86,,,,,,,,,,,,,,,,,,,,,,,,,,,,,,,,,,,,,,,,,,S193,,,,,,,,,,,,,,,,,,,,,,,,,,,,,,,,,,,,,,,,,,,,,,,,,,,,,,,,,,,,,,,,,,,,,,,,S385,,,,,,,
S266,,,,,,S386,,,,,,,,,,,,,,,,,,,,,,,,,,,,,,,,,,,,,,,,,,,,,,,,,,,,,,,,,,,,,,,,,,,,,,,,,,,,,,,,,,,,,,,,,,,,,,,,,,,,,,,,,,,,,,,,,,,,,,,,,,,,,,
S267,,,,,,,,,,,R128,,,,,,,,,,,,,,,,,,,,,,,,,,,,,,R128,R128,R128,,,,,,,,,,R128,R128,R128,R128,R128,R128,R128,R128,R128,R128,R128,R128,R128,R128,,,,,,,,,,,,,,,,,,,,,,,,,,,,,,,,,,,,,,,,,,,,,,,,,,,,,,,,,,,,,,,,,,
S268,,,,,,,,,,,R100,,,,,,,,,,,,,,,,,,,,,,,,,,,,,,,,,,,,,,,,,,R100,R100,R100,R100,R100,R100,R100,R100,R100,R100,R100,R100,R100,R100,,,,,,,,,,,,,,,,,,,,,,,,,,,,,,,,,,,,,,,,,,,,,,,,,,,,,,,,,,,,,,,,,,
S269,,,,,,,,,,,R124,,,,,,,,,,,,,,,,,,,,,,,,,,,,,,R124,R124,R124,,,,,,,,,,R124,R124,R124,R124,R124,R124,R124,R124,R124,R124,R124,R124,R124,R124,,,,,,,,,,,,,,,,,,,,,,,,,,,,,,,,,,,,,,,,,,,,,,,,,,,,,,,,,,,,,,,,,,
S270,,,,,,,S387,,,,,,,,,,,,,,,,,,,,,,,,,,,,,,,,,,,,,,,,,,,,,,,,,,,,,,,,,,,,,,,,,,,,,,,,,,,,,,,,,,,,,,,,,,,,,,,,,,,,,,,,,,,,,,,,,,,,,,,,,,,,,
S271,,,,,,,,,,,,,S388,,,,,,,,,,,,,,,,,,,,,,,,,,,,,,,,,,,,,,,,,,,,,,,,,,,,,,,,,,,,,,,,,,,,,,,,,,,,,,,,,,,,,,,,,,,,,,,,,,,,,,,,,,,,,,,,,,,,,,,
S272,,,S389,,S41,,,,,,,,,,S43,,S55,S31,S49,S36,S60,S29,S30,S34,S44,S58,S39,S48,,S45,S59,S27,S38,,,,,,,,,,,S28,S57,,,,,,,,,,,,,,,,,,,,,,,,,,,,,,,S32,S33,,,S47,,,S40,,,,,,,,,S46,,S50,S56,S52,,S37,,S35,,,,,S42,,,,,,,,,,,,,S53,S54,S51,,,,,,,,,,,,
S273,,,,,,,,,,,S390,,,,,,,,,,,,,,,,,,,,,,,,,,,,,,,,,,,,,,,,,,,,,,,,,,,,,,,,,,,,,,,,,,,,,,,,,,,,,,,,,,,,,,,,,,,,,,,,,,,,,,,,,,,,,,,,,,,,,,,,,
S274,,,,,,,,,S126,,,,,,,,S8,S11,S10,S7,S14,S9,,,,,,,,,,,,,,,,,,,,,,,,,,,,,,,,,,,,,,,,,,,,,,,,,,,,S391,,,,,,,,,,,,,,,,,,S127,,,,,,,,,,,,,,,,,,,,,,,,,,,,,,,,,,,,,,,,
S275,,S392,,,,,,,,,,,,,,,,,,,,,,,,,,,,,,,,,,,,,,,,,,,,,,,,,,,,,,,,,,,,,,,,,,,,,,,,,,,,,,,,,,,,,,,,,,,,,,,,,,,,,,,,,,,,,,,,,,,,,,,,,,,,,,,,,,
S276,,,,,S393,,,,,,,,,,,,,,,,,,,,,,,,,,,,,,,,,,,,,,,,,,,,,,,,,,,,,,,,,,,,,,,,,,,,,,,,,,,,,,,,,,,,,,,,,,,,,,,,,,,,,,,,,,,,,,,,,,,,,,,,,,,,,,,
S277,,,,,,,R9,R9,,,,,,,,,,,,,,,,,,,,,,,,,,,,,,,,,,,,,,,,,,,,,,,,,,,,,,,,,,,,,,,,,,,,,,,,,,,,,,,,,,,,,,,,,,,,,,,,,,,,,,,,,,,,,,,,,,,,,,,,,,,,
S278,,,,,R70,R70,,,,,,,,,,R70,,,,,,,,,,,,,,,,,,,,,R70,R70,R70,R70,,R70,R70,R70,R70,R70,R70,,,,,,,,,,,,,,,R70,,,,,,,,,,,,,,,,,,,,,,,,,,,,,,,,,,,,,,,,,,,,,,,,,,,,,,,,,,,,,,,,,,,,,,
S279,,,,,S230,,,,,,,,,,,,,,,,,,,,,,,,,,,,,,,,,,,,,,,,,,,,,,,,,,,,,,,,,,,,,,,,,,,,,,,,,,,,S394,S228,,,,,,,,,,,,,,,,,,,,,,,,,,,,,,,,,,,,,,,,,,,,,,,,,,
S280,,,,,,,,,,,,,S395,,,,,,,,,,,,,,,,,,,,,,,,,,,,,,,,,,,,,,,,,,,,,,,,,,,,,,,,,,,,,,,,,,,,,,,,,,,,,,,,,,,,,,,,,,,,,,,,,,,,,,,,,,,,,,,,,,,,,,,
S281,,,,,S236,,,,,,,,,,,,,,,,,,,,,,,,,,,,,,,,,,,,,,,,,,,,,,,,,,,,,,,,,,,,,,,,,,,,,,,,,,,,,,,S396,S237,S234,,,S235,,,,,,,,,,,,,,,,,,,,,,,,,,,,,,,,,,,,,,,,,,,
S282,,,,,,,,S238,,,,,S397,,,,,,,,,,,,,,,,,,,,,,,,,,,,,,,,,,,,,,,,,,,,,,,,,,,,,,,,,,,,,,,,,,,,,,,,,,,,,,,,,,,,,,,,,,,,,,,,,,,,,,,,,,,,,,,,,,,,,,,
S283,,,,,,,,,,,,,R116,,,,,,,,,,,,,,,,,,,,,,,,,,,,,,,,,,,,,,,,,,,,,,,,,,,,,,,,,,,,,,,,,,,,,,,,,,,,,,,,,,,,,,,,,,,,,,,,,,,,,,,,,,,,,,,,,,,,,,,
S284,,,,,S144,S141,,,,,,,,,,S153,,,,,,,,,,,,,,,,,,,,,S140,S164,S152,S156,,S86,S72,S139,S161,S151,S162,,,,,,,,,,,,,,,S95,,,,,,,,,,,,,,,,,,,,,,,,,,,,,,,,,,,,,,,,,,,,S398,S160,S154,S148,S150,S142,S145,S143,S157,S163,S147,S146,S158,S159,S155,,,S137,,,,,,,,,S149
S285,,,,,,,S399,,,,,,,,,,,,,,,,,,,,,,,,,,,,,,,,,,,,,,,,,,,,,,,,,,,,,,,,,,,,,,,,,,,,,,,,,,,,,,,,,,,,,,,,,,,,,,,,,,,,,,,,,,,,,,,,,,,,,,,,,,,,,
S286,,,,,S144,S141,,,,,,,,,,S153,,,,,,,,,,,,,,,,,,,,,S140,S164,S152,S156,,S86,S72,S139,S161,S151,S162,,,,,,,,,,,,,,,S95,,,,,,,,,,,,,,,,,,,,,,,,,,,,,,,,,,,,,,,,,,,,,,,,,,S400,S143,S157,S163,S147,S146,S158,S159,S155,,,S137,,,,,,,,,S149
S287,,,,,S144,S141,,,,,,,,,,S153,,,,,,,,,,,,,,,,,,,,,S140,S164,S152,S156,,S86,S72,S139,S161,S151,S162,,,,,,,,,,,,,,,S95,,,,,,,,,,,,,,,,,,,,,,,,,,,,,,,,,,,,,,,,,,,,,,,,,,,,S157,S401,S147,S146,S158,S159,S155,,,S137,,,,,,,,,S149
S288,,,,,S205,S202,R119,,,,,,,,,S215,,,,,,,,,,,,,,,,,,,,,S201,S227,S213,S218,,S86,S72,S200,S225,S212,S224,,,,,,,,,,,,,,,S95,,,,,,,,,,,,,,,,,,,,,,,,,,,,,,,,,,,,,,,,,,,,S199,S223,S216,S209,S211,S203,S206,S204,S219,S226,S208,S207,S220,S221,S217,S402,S214,S198,,,,,,,,,S210
S289,,,,,S144,S141,,,,,,,,,,S153,,,,,,,,,,,,,,,,,,,,,S140,S164,S152,S156,,S86,S72,S139,S161,S151,S162,,,,,,,,,,,,,,,S95,,,,,,,,,,,,,,,,,,,,,,,,,,,,,,,,,,,,,,,,,,,,,,,,,,,S403,S157,S163,S147,S146,S158,S159,S155,,,S137,,,,,,,,,S149
S290,,,,,,,R105,,,,,,,,,,,,,,,,,,,,,,,,,,,,,,,,,,R105,R105,R105,,,,,,,,,,R105,R105,R105,R105,R105,R105,R105,R105,R105,R105,R105,R105,R105,R105,,,,,,,,,,,,,,,,,,,,,,,,,,,,,,,,,,,,,,,,,,,,,,,,,,,,,,,,,,,,,,,,,,
S291,,,,,S144,S141,,,,,,,,,,S153,,,,,,,,,,,,,,,,,,,,,S140,S164,S152,S156,,,,S139,S161,S151,S162,,,,,,,,,,,,,,,,,,,,,,,,,,,,,,,,,,,,,,,,,,,,,,,,,,,,,,,,,,,,,,,,,,,S404,,S147,S146,S158,S159,S155,,,S137,,,,,,,,,
S292,,,,,,,R106,,,,,,,,,,,,,,,,,,,,,,,,,,,,,,,,,,R106,R106,R106,,,,,,,,,,R106,R106,R106,R106,R106,R106,R106,R106,R106,R106,R106,R106,R106,R106,,,,,,,,,,,,,,,,,,,,,,,,,,,,,,,,,,,,,,,,,,,,,,,,,,,,,,,,,,,,,,,,,,
S293,,,,,S144,S141,,,,,,,,,,S153,,,,,,,,,,,,,,,,,,,,,S140,S164,S152,S156,,S86,S72,S139,S161,S151,S162,,,,,,,,,,,,,,,S95,,,,,,,,,,,,,,,,,,,,,,,,,,,,,,,,,,,,,,,,,,,,,,,,S405,S142,S145,S143,S157,S163,S147,S146,S158,S159,S155,,,S137,,,,,,,,,S149
S294,,,,,,,R103,,,,,,,,,,,,,,,,,,,,,,,,,,,,,,,,,,,,,,,,,,,,,,R103,R103,R103,R103,R103,R103,R103,R103,R103,R103,R103,R103,R103,R103,,,,,,,,,,,,,,,,,,,,,,,,,,,,,,,,,,,,,,,,,,,,,,,,,,,,,,,,,,,,,,,,,,
S295,,,,,S144,S141,,,,,,,,,,S153,,,,,,,,,,,,,,,,,,,,,S140,S164,S152,S156,,S86,S72,S139,S161,S151,S162,,,,,,,,,,,,,,,S95,,,,,,,,,,,,,,,,,,,,,,,,,,,,,,,,,,,,,,,,,,,,,,,,,S406,S145,S143,S157,S163,S147,S146,S158,S159,S155,,,S137,,,,,,,,,S149
S296,,,,,S144,S141,,,,,,,,,,S153,,,,,,,,,,,,,,,,,,,,,S140,S164,S152,S156,,S86,S72,S139,S161,S151,S162,,,,,,,,,,,,,,,S95,,,,,,,,,,,,,,,,,,,,,,,,,,,,,,,,,,,,,,,,,,,,,,,S407,S150,S142,S145,S143,S157,S163,S147,S146,S158,S159,S155,,,S137,,,,,,,,,S149
S297,,,,,S249,S246,,,,,,,,,,S258,,,,,,,,,,,,,,,,,,,,,S245,S269,S257,S261,,S86,S72,S244,S266,S256,S267,,,,,,,,,,,,,,,S95,,,,,,,,,,,,,,,,,,,,,,,,,,,,,,,,,,,,,,,,,,,,S408,S265,S259,S253,S255,S247,S250,S248,S262,S268,S252,S251,S263,S264,S260,,,S242,,,,,,,,,S254
S298,,,,,S144,S141,,,,,,,,,,S153,,,,,,,,,,,,,,,,,,,,,S140,S164,S152,S156,,S86,S72,S139,S161,S151,S162,,,,,,,,,,,,,,,S95,,,,,,,,,,,,,,,,,,,,,,,,,,,,,,,,,,,,,,,,,,,,,,S409,S148,S150,S142,S145,S143,S157,S163,S147,S146,S158,S159,S155,,,S137,,,,,,,,,S149
S299,,,,,S144,S141,,,,,,,,,,S153,,,,,,,,,,,,,,,,,,,,,S140,S164,S152,S156,,S86,S72,S139,S161,S151,S162,,,,,,,,,,,,,,,S95,,,,,,,,,,,,,,,,,,,,,,,,,,,,,,,,,,,,,,,,,,,,S410,S160,S154,S148,S150,S142,S145,S143,S157,S163,S147,S146,S158,S159,S155,,,S137,,,,,,,,,S149
S300,,,,,,,S411,,,,,,,,,,,,,,,,,,,,,,,,,,,,,,,,,,,,,,,,,,,,,,,,,,,,,,,,,,,,,,,,,,,,,,,,,,,,,,,,,,,,,,,,,,,,,,,,,,,,,,,,,,,,,,,,,,,,,,,,,,,,,
S301,,,,,,,,,,,,,R110,,,,,,,,,,,,,,,,,,,,,,,,,,,,R110,R110,R110,,,,,,,,,,R110,R110,R110,R110,R110,R110,R110,R110,R110,R110,R110,R110,R110,R110,,,,,,,,,,,,,,,,,,,,,,,,,,,,,,,,,,,,,,,,,,,,,,,,,,,,,,,,,,,,,,,,,,
S302,,,,,,,,,,,,,R95,,,,,,,,,,,,,,,,,,,,,,,,,,,,,,,,,,,,,,,,R95,R95,R95,R95,R95,R95,R95,R95,R95,S179,S180,,,,,,,,,,,,,,,,,,,,,,,,,,,,,,,,,,,,,,,,,,,,,,,,,,,,,,,,,,,,,,,,,,,S178,,
S303,,,,,,,,,,,,,R99,,,,,,,,,,,,,,,,,,,,,,,,,,,,,,,,,,,,,,,,R99,R99,R99,R99,R99,R99,R99,R99,R99,R99,R99,R99,R99,R99,,,,,,,,,,,,,,,,,,,,,,,,,,,,,,,,,,,,,,,,,,,,,,,,,,,,,,,,,,,,,,,,,,
S304,,,,,,,S412,,,,,,,,,,,,,,,,,,,,,,,,,,,,,,,,,,,,,,,,,,,,,,,,,,,,,,,,,,,,,,,,,,,,,,,,,,,,,,,,,,,,,,,,,,,,,,,,,,,,,,,,,,,,,,,,,,,,,,,,,,,,,
S305,,,,,,,,,,,,,R97,,,,,,,,,,,,,,,,,,,,,,,,,,,,,,,,,,,,,,,,R97,R97,R97,R97,R97,R97,R97,R97,R97,R97,R97,S174,S176,S173,,,,,,,,,,,,,,,,,,,,,,,,,,,,,,,,,,,,,,,,,,,,,,,,,,,,,,,,,,,,,,,,,S175,
S306,,,,,,,,,,,,,R101,,,,,,,,,,,,,,,,,,,,,,,,,,,,,,,,,,,,,,,,R101,R101,R101,R101,R101,R101,R101,R101,R101,R101,R101,R101,R101,R101,,,,,,,,,,,,,,,,,,,,,,,,,,,,,,,,,,,,,,,,,,,,,,,,,,,,,,,,,,,,,,,,,,
S307,,,,,,,,,,,,,R91,,,,,,,,,,,,,,,,,,,,,,,,,,,,,,,,,,,,,,,,R91,R91,R91,S189,S188,,,,,,,,,,,,,,,,,,,,,,,,,,,,,,,,,,,,,,,,,,,,,,,,,,,,,,,,,,,,,,,,,,,,,,,S187,,,,
S308,,,,,,,,,,,,,R93,,,,,,,,,,,,,,,,,,,,,,,,,,,,,,,,,,,,,,,,R93,R93,R93,R93,R93,S169,S170,S171,S168,,,,,,,,,,,,,,,,,,,,,,,,,,,,,,,,,,,,,,,,,,,,,,,,,,,,,,,,,,,,,,,,,,,,S172,,,
S309,,,,,,,,,,,,,R89,,,,,,,,,,,,,,,,,,,,,,,,,,,,,,,,,,,,,,,,R89,R89,S184,,,,,,,,,,,,,,,,,,,,,,,,,,,,,,,,,,,,,,,,,,,,,,,,,,,,,,,,,,,,,,,,,,,,,,,,S185,,,,,
S310,,,,,,,,,,,S413,,,,,,,,,,,,,,,,,,,,,,,,,,,,,,,,,,,,,,,,,,,,,,,,,,,,,,,,,,,,,,,,,,,,,,,,,,,,,,,,,,,,,,,,,,,,,,,,,,,,,,,,,,,,,,,,,,,,,,,,,
S311,,,,,,,,,,,,,R87,,,,,,,,,,,,,,,,,,,,,,,,,,,,,,,,,,,,,,,,R87,S191,,,,,,,,,,,,,,,,,,,,,,,,,,,,,,,,,,,,,,,,,,,,,,,,,,,,,,,,,,,,,,,,,,,,,,,,S190,,,,,,
S312,,,,,,,S414,,,,,,,,,,,,,,,,,,,,,,,,,,,,,,,,,,,,,,,,,,,,,,,,,,,,,,,,,,,,,,,,,,,,,,,,,,,,,,,,,,,,,,,,,,,,,,,,,,,,,,,,,,,,,,,,,,,,,,,,,,,,,
S313,,S415,,,,,,,,,,,,,,,,,,,,,,,,,,,,,,,,,,,,,,,,,,,,,,,,,,,,,,,,,,,,,,,,,,,,,,,,,,,,,,,,,,,,,,,,,,,,,,,,,,,,,,,,,,,,,,,,,,,,,,,,,,,,,,,,,,
S314,,,,,,,,,,,,,S416,,,,,,,,,,,,,,,,,,,,,,,,,,,,,,,,,,,,,,,,,,,,,,,,,,,,,,,,,,,,,,,,,,,,,,,,,,,,,,,,,,,,,,,,,,,,,,,,,,,,,,,,,,,,,,,,,,,,,,,
S315,,,,,S144,S141,,,,,,,,,,S153,,,,,,,,,,,,,,,,,,,,,S140,S164,S152,S156,,S86,S72,S139,S161,S151,S162,,,,,,,,,,,,,,,S95,,,,,,,,,,,,,,,,,,,,,,,,,,,,,,,,,,,,,,,,,,,,S417,S160,S154,S148,S150,S142,S145,S143,S157,S163,S147,S146,S158,S159,S155,,,S137,,,,,,,,,S149
S316,,,,,,,S418,,,,,,,,,,,,,,,,,,,,,,,,,,,,,,,,,,,,,,,,,,,,,,,,,,,,,,,,,,,,,,,,,,,,,,,,,,,,,,,,,,,,,,,,,,,,,,,,,,,,,,,,,,,,,,,,,,,,,,,,,,,,,
S317,,,,,S205,S202,,,,,,,,,,S215,,,,,,,,,,,,,,,,,,,,,S201,S227,S213,S218,,S86,S72,S200,S225,S212,S224,,,,,,,,,,,,,,,S95,,,,,,,,,,,,,,,,,,,,,,,,,,,,,,,,,,,,,,,,,,,,,,,,,,S419,S204,S219,S226,S208,S207,S220,S221,S217,,,S198,,,,,,,,,S210
S318,,,,,S205,S202,,,,,,,,,,S215,,,,,,,,,,,,,,,,,,,,,S201,S227,S213,S218,,S86,S72,S200,S225,S212,S224,,,,,,,,,,,,,,,S95,,,,,,,,,,,,,,,,,,,,,,,,,,,,,,,,,,,,,,,,,,,,,,,,,,,,S219,S420,S208,S207,S220,S221,S217,,,S198,,,,,,,,,S210
S319,,,,,S205,S202,R119,,,,,,,,,S215,,,,,,,,,,,,,,,,,,,,,S201,S227,S213,S218,,S86,S72,S200,S225,S212,S224,,,,,,,,,,,,,,,S95,,,,,,,,,,,,,,,,,,,,,,,,,,,,,,,,,,,,,,,,,,,,S199,S223,S216,S209,S211,S203,S206,S204,S219,S226,S208,S207,S220,S221,S217,S421,S214,S198,,,,,,,,,S210
S320,,,,,S205,S202,,,,,,,,,,S215,,,,,,,,,,,,,,,,,,,,,S201,S227,S213,S218,,S86,S72,S200,S225,S212,S224,,,,,,,,,,,,,,,S95,,,,,,,,,,,,,,,,,,,,,,,,,,,,,,,,,,,,,,,,,,,,,,,,,,,S422,S219,S226,S208,S207,S220,S221,S217,,,S198,,,,,,,,,S210
S321,,,,,,,R105,R105,,,,,,,,,,,,,,,,,,,,,,,,,,,,,,,,,R105,R105,R105,,,,,,,,,,R105,R105,R105,R105,R105,R105,R105,R105,R105,R105,R105,R105,R105,R105,,,,,,,,,,,,,,,,,,,,,,,,,,,,,,,,,,,,,,,,,,,,,,,,,,,,,,,,,,,,,,,,,,
S322,,,,,S205,S202,,,,,,,,,,S215,,,,,,,,,,,,,,,,,,,,,S201,S227,S213,S218,,,,S200,S225,S212,S224,,,,,,,,,,,,,,,,,,,,,,,,,,,,,,,,,,,,,,,,,,,,,,,,,,,,,,,,,,,,,,,,,,,S423,,S208,S207,S220,S221,S217,,,S198,,,,,,,,,
S323,,,,,,,R106,R106,,,,,,,,,,,,,,,,,,,,,,,,,,,,,,,,,R106,R106,R106,,,,,,,,,,R106,R106,R106,R106,R106,R106,R106,R106,R106,R106,R106,R106,R106,R106,,,,,,,,,,,,,,,,,,,,,,,,,,,,,,,,,,,,,,,,,,,,,,,,,,,,,,,,,,,,,,,,,,
S324,,,,,S205,S202,,,,,,,,,,S215,,,,,,,,,,,,,,,,,,,,,S201,S227,S213,S218,,S86,S72,S200,S225,S212,S224,,,,,,,,,,,,,,,S95,,,,,,,,,,,,,,,,,,,,,,,,,,,,,,,,,,,,,,,,,,,,,,,,S424,S203,S206,S204,S219,S226,S208,S207,S220,S221,S217,,,S198,,,,,,,,,S210
S325,,,,,,,R103,R103,,,,,,,,,,,,,,,,,,,,,,,,,,,,,,,,,,,,,,,,,,,,,R103,R103,R103,R103,R103,R103,R103,R103,R103,R103,R103,R103,R103,R103,,,,,,,,,,,,,,,,,,,,,,,,,,,,,,,,,,,,,,,,,,,,,,,,,,,,,,,,,,,,,,,,,,
S326,,,,,S205,S202,,,,,,,,,,S215,,,,,,,,,,,,,,,,,,,,,S201,S227,S213,S218,,S86,S72,S200,S225,S212,S224,,,,,,,,,,,,,,,S95,,,,,,,,,,,,,,,,,,,,,,,,,,,,,,,,,,,,,,,,,,,,,,,,,S425,S206,S204,S219,S226,S208,S207,S220,S221,S217,,,S198,,,,,,,,,S210
S327,,,,,S205,S202,,,,,,,,,,S215,,,,,,,,,,,,,,,,,,,,,S201,S227,S213,S218,,S86,S72,S200,S225,S212,S224,,,,,,,,,,,,,,,S95,,,,,,,,,,,,,,,,,,,,,,,,,,,,,,,,,,,,,,,,,,,,S426,S223,S216,S209,S211,S203,S206,S204,S219,S226,S208,S207,S220,S221,S217,,,S198,,,,,,,,,S210
S328,,,,,S205,S202,,,,,,,,,,S215,,,,,,,,,,,,,,,,,,,,,S201,S227,S213,S218,,S86,S72,S200,S225,S212,S224,,,,,,,,,,,,,,,S95,,,,,,,,,,,,,,,,,,,,,,,,,,,,,,,,,,,,,,,,,,,,,,,S427,S211,S203,S206,S204,S219,S226,S208,S207,S220,S221,S217,,,S198,,,,,,,,,S210
S329,,,,,S249,S246,,,,,,,,,,S258,,,,,,,,,,,,,,,,,,,,,S245,S269,S257,S261,,S86,S72,S244,S266,S256,S267,,,,,,,,,,,,,,,S95,,,,,,,,,,,,,,,,,,,,,,,,,,,,,,,,,,,,,,,,,,,,S428,S265,S259,S253,S255,S247,S250,S248,S262,S268,S252,S251,S263,S264,S260,,,S242,,,,,,,,,S254
S330,,,,,,,,,,,,,R115,,,,,,,,,,,,,,,,,,,,,,,,,,,,,,,,,,,,,,,,,,,,,,,,,,,,,,,,,,,,,,,,,,,,,,,,,,,,,,,,,,,,,,,,,,,,,,,,,,,,,,,,,,,,,,,,,,,,,,,
S331,,,,,S205,S202,,,,,,,,,,S215,,,,,,,,,,,,,,,,,,,,,S201,S227,S213,S218,,S86,S72,S200,S225,S212,S224,,,,,,,,,,,,,,,S95,,,,,,,,,,,,,,,,,,,,,,,,,,,,,,,,,,,,,,,,,,,,,,S429,S209,S211,S203,S206,S204,S219,S226,S208,S207,S220,S221,S217,,,S198,,,,,,,,,S210
S332,,,,,S144,S141,,,,,,,,,,S153,,,,,,,,,,,,,,,,,,,,,S140,S164,S152,S156,,S86,S72,S139,S161,S151,S162,,,,,,,,,,,,,,,S95,,,,,,,,,,,,,,,,,,,,,,,,,,,,,,,,,,,,,,,,,,,,S430,S160,S154,S148,S150,S142,S145,S143,S157,S163,S147,S146,S158,S159,S155,,,S137,,,,,,,,,S149
S333,,,,,S230,,,,,,,,,,,,,,,,,,,,,,,,,,,,,,,,,,,,,,,,,,,,,,,,,,,,,,,,,,,,,,,,,,,,,,,,,,,,,S431,,,,,,,,,,,,,,,,,,,,,,,,,,,,,,,,,,,,,,,,,,,,,,,,,,
S334,,,R24,,R24,,,,,,,,,,R24,,R24,R24,R24,R24,R24,R24,R24,R24,R24,R24,R24,R24,,R24,R24,R24,R24,,,,,,,,,,,R24,R24,,,,,,,,,,,,,,,,,,,,,,,,,,,,,,,,,,,,,,,,,,,,,,,,,,,,,,,,,,,,,,,,,,,,,,,,,,,,,,,,,,,,,,,
S335,,,,,S344,S341,,,,,,,,,,S353,,,,,,,,,,,,,,,,,,,,,S340,S364,S352,S356,,S86,S72,S339,S362,S351,S361,,,,,,,,,,,,,,,S95,,,,,,,,,,,,,,,,,,,,,,,,,,,,,,,,,,,,,,,,,,,,S432,S360,S354,S348,S350,S342,S345,S343,S357,S363,S347,S346,S358,S359,S355,,,S337,,,,,,,,,S349
S336,,S433,,,,,,,,,,,,,,,,,,,,,,,,,,,,,,,,,,,,,,,,,,,,,,,,,,,,,,,,,,,,,,,,,,,,,,,,,,,,,,,,,,,,,,,,,,,,,,,,,,,,,,,,,,,,,,,,,,,,,,,,,,,,,,,,,,
S337,,,,,,,,R109,,,,,R109,,,,,,,,,,,,,,,,,,,,,,,,,,,,R109,R109,R109,,,,,,,,,,R109,R109,R109,R109,R109,R109,R109,R109,R109,R109,R109,R109,R109,R109,,,,,,,,,,,,,,,,,,,,,,,,,,,,,,,,,,,,,,,,,,,,,,,,,,,,,,,,,,,,,,,,,,
S338,,,,,,,,R23,,,,,R23,,,,,,,,,,,,,,,,,,,,,,,,,,,,,,,,,,,,,,,,,,,,,,,,,,,,,,,,,,,,,,,,,,,,,,,,,,,,,,,,,,,,,,,,,,,,,,,,,,,,,,,,,,,,,,,,,,,,,,,
S339,,,,,,S434,,,,,,,,,,,,,,,,,,,,,,,,,,,,,,,,,,,,,,,,,,,,,,,,,,,,,,,,,,,,,,,,,,,,,,,,,,,,,,,,,,,,,,,,,,,,,,,,,,,,,,,,,,,,,,,,,,,,,,,,,,,,,,
S340,,,,,,,,R123,,,,,R123,,,,,,,,,,,,,,,,,,,,,,,,,,,,R123,R123,R123,,,,,,,,,,R123,R123,R123,R123,R123,R123,R123,R123,R123,R123,R123,R123,R123,R123,,,,,,,,,,,,,,,,,,,,,,,,,,,,,,,,,,,,,,,,,,,,,,,,,,,,,,,,,,,,,,,,,,
S341,,,,,S144,S141,,,,,,,,,,S153,,,,,,,,,,,,,,,,,,,,,S140,S164,S152,S156,,S86,S72,S139,S161,S151,S162,,,,,,,,,,,,,,,S95,,,,,,,,,,,,,,,,,,,,,,,,,,,,,,,,,,,,,,,,,,,,S435,S160,S154,S148,S150,S142,S145,S143,S157,S163,S147,S146,S158,S159,S155,,,S137,,,,,,,,,S149
S342,,,,,,,,R94,,,,,R94,,,,,,,,,,,,,,,,,,,,,,,,,,,,,,,,,,,,,,,,R94,R94,R94,R94,R94,S169,S170,S171,S168,,,,,,,,,,,,,,,,,,,,,,,,,,,,,,,,,,,,,,,,,,,,,,,,,,,,,,,,,,,,,,,,,,,,S436,,,
S343,,,,,,,,R98,,,,,R98,,,,,,,,,,,,,,,,,,,,,,,,,,,,,,,,,,,,,,,,R98,R98,R98,R98,R98,R98,R98,R98,R98,R98,R98,S174,S176,S173,,,,,,,,,,,,,,,,,,,,,,,,,,,,,,,,,,,,,,,,,,,,,,,,,,,,,,,,,,,,,,,,,S437,
S344,,,,,,S438,,R114,,R114,,,R114,,,,,,,,,,,,,,,,,,,,,,,,,,,,R114,R114,R114,,,,,,,,,,R114,R114,R114,R114,R114,R114,R114,R114,R114,R114,R114,R114,R114,R114,,,,,,,,,,,,,,,,,,,,,,,,,,,,,,,,,,,,,,,,,,,,,,,,,,,,,,,,,,,,,,,,,,
S345,,,,,,,,R96,,,,,R96,,,,,,,,,,,,,,,,,,,,,,,,,,,,,,,,,,,,,,,,R96,R96,R96,R96,R96,R96,R96,R96,R96,S179,S180,,,,,,,,,,,,,,,,,,,,,,,,,,,,,,,,,,,,,,,,,,,,,,,,,,,,,,,,,,,,,,,,,,,S439,,
S346,,,,,,,,R107,,,,,R107,,,,,,,,,,,,,,,,,,,,,,,,,,,,R107,R107,R107,,,,,,,,,,R107,R107,R107,R107,R107,R107,R107,R107,R107,R107,R107,R107,R107,R107,,,,,,,,,,,,,,,,,,,,,,,,,,,,,,,,,,,,,,,,,,,,,,,,,,,,,,,,,,,,,,,,,,
S347,,,,,,,,R102,,,,,R102,,,,,,,,,,,,,,,,,,,,,,,,,,,,S441,S440,S442,,,,,,,,,,R102,R102,R102,R102,R102,R102,R102,R102,R102,R102,R102,R102,R102,R102,,,,,,,,,,,,,,,,,,,,,,,,,,,,,,,,,,,,,,,,,,,,,,,,,,,,,,,,,,,,,,,,,,
S348,,,,,,,,R90,,,,,R90,,,,,,,,,,,,,,,,,,,,,,,,,,,,,,,,,,,,,,,,R90,R90,S184,,,,,,,,,,,,,,,,,,,,,,,,,,,,,,,,,,,,,,,,,,,,,,,,,,,,,,,,,,,,,,,,,,,,,,,,S443,,,,,
S349,,,,,S344,S341,,,,,,,,,,S353,,,,,,,,,,,,,,,,,,,,,S340,S364,S352,S356,,S86,S72,S339,S362,S351,S361,,,,,,,,,,,,,,,S95,,,,,,,,,,,,,,,,,,,,,,,,,,,,,,,,,,,,,,,,,,,,,,,,,,,,S357,S444,S347,S346,S358,S359,S355,,,S337,,,,,,,,,S349
S350,,,,,,,,R92,,,,,R92,,,,,,,,,,,,,,,,,,,,,,,,,,,,,,,,,,,,,,,,R92,R92,R92,S189,S188,,,,,,,,,,,,,,,,,,,,,,,,,,,,,,,,,,,,,,,,,,,,,,,,,,,,,,,,,,,,,,,,,,,,,,,S445,,,,
S351,,,,,,,,R127,,,,,R127,,,,,,,,,,,,,,,,,,,,,,,,,,,,R127,R127,R127,,,,,,,,,,R127,R127,R127,R127,R127,R127,R127,R127,R127,R127,R127,R127,R127,R127,,,,,,,,,,,,,,,,,,,,,,,,,,,,,,,,,,,,,,,,,,,,,,,,,,,,,,,,,,,,,,,,,,
S352,,,,,,,,R125,,,,,R125,,,,,,,,,,,,,,,,,,,,,,,,,,,,R125,R125,R125,,,,,,,,,,R125,R125,R125,R125,R125,R125,R125,R125,R125,R125,R125,R125,R125,R125,,,,,,,,,,,,,,,,,,,,,,,,,,,,,,,,,,,,,,,,,,,,,,,,,,,,,,,,,,,,,,,,,,
S353,,,,,,,,R122,,,,,R122,,,,,,,,,,,,,,,,,,,,,,,,,,,,R122,R122,R122,,,,,,,,,,R122,R122,R122,R122,R122,R122,R122,R122,R122,R122,R122,R122,R122,R122,,,,,,,,,,,,,,,,,,,,,,,,,,,,,,,,,,,,,,,,,,,,,,,,,,,,,,,,,,,,,,,,,,
S354,,,,,,,,R88,,,,,R88,,,,,,,,,,,,,,,,,,,,,,,,,,,,,,,,,,,,,,,,R88,S191,,,,,,,,,,,,,,,,,,,,,,,,,,,,,,,,,,,,,,,,,,,,,,,,,,,,,,,,,,,,,,,,,,,,,,,,S446,,,,,,
S355,,,,,,,,R112,,,,,R112,,,,,,,,,,,,,,,,,,,,,,,,,,,,R112,R112,R112,,,,,,,,,,R112,R112,R112,R112,R112,R112,R112,R112,R112,R112,R112,R112,R112,R112,,,,,,,,,,,,,,,,,,,,,,,,,,,,,,,,,,,,,,,,,,,,,,,,,,,,,,,,,,,,,,,,,,
S356,,,,,,,,R126,,,,,R126,,,,,,,,,,,,,,,,,,,,,,,,,,,,R126,R126,R126,,,,,,,,,,R126,R126,R126,R126,R126,R126,R126,R126,R126,R126,R126,R126,R126,R126,,,,,,,,,,,,,,,,,,,,,,,,,,,,,,,,,,,,,,,,,,,,,,,,,,,,,,,,,,,,,,,,,,
S357,,,,,,,,R104,,,,,R104,,,,,,,,,,,,,,,,,,,,,,,,,,,,,,,,,,,,,,,,R104,R104,R104,R104,R104,R104,R104,R104,R104,R104,R104,R104,R104,R104,,,,,,,,,,,,,,,,,,,,,,,,,,,,,,,,,,,,,,,,,,,,,,,,,,,,,,,,,,,,,,,,,,
S358,,,,,,,,R108,,S447,,,R108,,,,,,,,,,,,,,,,,,,,,,,,,,,,R108,R108,R108,,,,,,,,,,R108,R108,R108,R108,R108,R108,R108,R108,R108,R108,R108,R108,R108,R108,,,,,,,,,,,,,,,,,,,,,,,,,,,,,,,,,,,,,,,,,,,,,,,,,,,,,,,,,,,,,,,,,,
S359,,,,,,,,R111,,,,,R111,,,,,,,,,,,,,,,,,,,,,,,,,,,,R111,R111,R111,,,,,,,,,,R111,R111,R111,R111,R111,R111,R111,R111,R111,R111,R111,R111,R111,R111,,,,,,,,,,,,,,,,,,,,,,,,,,,,,,,,,,,,,,,,,,,,,,,,,,,,,,,,,,,,,,,,,,
S360,,,,,,,,R86,,,,,R86,,,,,,,,,,,,,,,,,,,,,,,,,,,,,,,,,,,,,,,,S193,,,,,,,,,,,,,,,,,,,,,,,,,,,,,,,,,,,,,,,,,,,,,,,,,,,,,,,,,,,,,,,,,,,,,,,,S448,,,,,,,
S361,,,,,,,,R128,,,,,R128,,,,,,,,,,,,,,,,,,,,,,,,,,,,R128,R128,R128,,,,,,,,,,R128,R128,R128,R128,R128,R128,R128,R128,R128,R128,R128,R128,R128,R128,,,,,,,,,,,,,,,,,,,,,,,,,,,,,,,,,,,,,,,,,,,,,,,,,,,,,,,,,,,,,,,,,,
S362,,,,,,S449,,,,,,,,,,,,,,,,,,,,,,,,,,,,,,,,,,,,,,,,,,,,,,,,,,,,,,,,,,,,,,,,,,,,,,,,,,,,,,,,,,,,,,,,,,,,,,,,,,,,,,,,,,,,,,,,,,,,,,,,,,,,,,
S363,,,,,,,,R100,,,,,R100,,,,,,,,,,,,,,,,,,,,,,,,,,,,,,,,,,,,,,,,R100,R100,R100,R100,R100,R100,R100,R100,R100,R100,R100,R100,R100,R100,,,,,,,,,,,,,,,,,,,,,,,,,,,,,,,,,,,,,,,,,,,,,,,,,,,,,,,,,,,,,,,,,,
S364,,,,,,,,R124,,,,,R124,,,,,,,,,,,,,,,,,,,,,,,,,,,,R124,R124,R124,,,,,,,,,,R124,R124,R124,R124,R124,R124,R124,R124,R124,R124,R124,R124,R124,R124,,,,,,,,,,,,,,,,,,,,,,,,,,,,,,,,,,,,,,,,,,,,,,,,,,,,,,,,,,,,,,,,,,
S365,,,,,S236,,,,,,,,,,,,,,,,,,,,,,,,,,,,,,,,,,,,,,,,,,,,,,,,,,,,,,,,,,,,,,,,,,,,,,,,,,,,,,,,S450,S234,,,S235,,,,,,,,,,,,,,,,,,,,,,,,,,,,,,,,,,,,,,,,,,,
S366,,,R28,,R28,,,,,,,,,,R28,,R28,R28,R28,R28,R28,R28,R28,R28,R28,R28,R28,R28,,R28,R28,R28,R28,,,,,,,,,,,R28,R28,,,,,,,,,,,,,,,,,,,,,,,,,,,,,,,,,,,,,,,,,,,,,,,,,,,,,,,,,,,,,,,,,,,,,,,,,,,,,,,,,,,,,,,
S367,,,,,,,,,,,,,,,,S451,,,,,,,,,,,,,,,,,,,,,,,,,,,,,,,,,,,,,,,,,,,,,,,,,,,,,,,,,,,,,,,,,,,,,,,,,,,,,,,,,,,,,,,,,,,,,,,,,,,,,,,,,,,,,,,,,,,,
S368,,,,,,,,R20,,,,,R20,,,,,,,,,,,,,,,,,,,,,,,,,,,,,,,,,,,,,,,,,,,,,,,,,,,,,,,,,,,,,,,,,,,,,,,,,,,,,,,,,,,,,,,,,,,,,,,,,,,,,,,,,,,,,,,,,,,,,,,
S369,,S452,,,,,,,,,,,,,,,,,,,,,,,,,,,,,,,,,,,,,,,,,,,,,,,,,,,,,,,,,,,,,,,,,,,,,,,,,,,,,,,,,,,,,,,,,,,,,,,,,,,,,,,,,,,,,,,,,,,,,,,,,,,,,,,,,,
S370,,,,,,,,,,R113,,,,R113,,,,,,,,,,,,,,,,,,,,,,,,,,,,,,,,,,R113,R113,R113,R113,R113,,,,,,,,,,,,,,,,,,,,,,,,,,,,,,,,,,,,,,,,,,,,,,,,,,,,,,,,,,,,,,,,,,,,,,,,,,,,,,,,
S371,,,,,S144,S141,,,,,,,,,,S153,,,,,,,,,,,,,,,,,,,,,S140,S164,S152,S156,,S86,S72,S139,S161,S151,S162,,,,,,,,,,,,,,,S95,,,,,,,,,,,,,,,,,,,,,,,,,,,,,,,,,,,,,,,,,,,,S453,S160,S154,S148,S150,S142,S145,S143,S157,S163,S147,S146,S158,S159,S155,,,S137,,,,,,,,,S149
S372,,,,,,,S454,,,,,,,,,,,,,,,,,,,,,,,,,,,,,,,,,,,,,,,,,,,,,,,,,,,,,,,,,,,,,,,,,,,,,,,,,,,,,,,,,,,,,,,,,,,,,,,,,,,,,,,,,,,,,,,,,,,,,,,,,,,,,
S373,,,,,S249,S246,,,,,,,,,,S258,,,,,,,,,,,,,,,,,,,,,S245,S269,S257,S261,,S86,S72,S244,S266,S256,S267,,,,,,,,,,,,,,,S95,,,,,,,,,,,,,,,,,,,,,,,,,,,,,,,,,,,,,,,,,,,,,,,,,,S455,S248,S262,S268,S252,S251,S263,S264,S260,,,S242,,,,,,,,,S254
S374,,,,,S249,S246,,,,,,,,,,S258,,,,,,,,,,,,,,,,,,,,,S245,S269,S257,S261,,S86,S72,S244,S266,S256,S267,,,,,,,,,,,,,,,S95,,,,,,,,,,,,,,,,,,,,,,,,,,,,,,,,,,,,,,,,,,,,,,,,,,,,S262,S456,S252,S251,S263,S264,S260,,,S242,,,,,,,,,S254
S375,,,,,S205,S202,R119,,,,,,,,,S215,,,,,,,,,,,,,,,,,,,,,S201,S227,S213,S218,,S86,S72,S200,S225,S212,S224,,,,,,,,,,,,,,,S95,,,,,,,,,,,,,,,,,,,,,,,,,,,,,,,,,,,,,,,,,,,,S199,S223,S216,S209,S211,S203,S206,S204,S219,S226,S208,S207,S220,S221,S217,S457,S214,S198,,,,,,,,,S210
S376,,,,,S249,S246,,,,,,,,,,S258,,,,,,,,,,,,,,,,,,,,,S245,S269,S257,S261,,S86,S72,S244,S266,S256,S267,,,,,,,,,,,,,,,S95,,,,,,,,,,,,,,,,,,,,,,,,,,,,,,,,,,,,,,,,,,,,,,,,,,,S458,S262,S268,S252,S251,S263,S264,S260,,,S242,,,,,,,,,S254
S377,,,,,,,,,,,R105,,,,,,,,,,,,,,,,,,,,,,,,,,,,,,R105,R105,R105,,,,,,,,,,R105,R105,R105,R105,R105,R105,R105,R105,R105,R105,R105,R105,R105,R105,,,,,,,,,,,,,,,,,,,,,,,,,,,,,,,,,,,,,,,,,,,,,,,,,,,,,,,,,,,,,,,,,,
S378,,,,,S249,S246,,,,,,,,,,S258,,,,,,,,,,,,,,,,,,,,,S245,S269,S257,S261,,,,S244,S266,S256,S267,,,,,,,,,,,,,,,,,,,,,,,,,,,,,,,,,,,,,,,,,,,,,,,,,,,,,,,,,,,,,,,,,,,S459,,S252,S251,S263,S264,S260,,,S242,,,,,,,,,
S379,,,,,,,,,,,R106,,,,,,,,,,,,,,,,,,,,,,,,,,,,,,R106,R106,R106,,,,,,,,,,R106,R106,R106,R106,R106,R106,R106,R106,R106,R106,R106,R106,R106,R106,,,,,,,,,,,,,,,,,,,,,,,,,,,,,,,,,,,,,,,,,,,,,,,,,,,,,,,,,,,,,,,,,,
S380,,,,,S249,S246,,,,,,,,,,S258,,,,,,,,,,,,,,,,,,,,,S245,S269,S257,S261,,S86,S72,S244,S266,S256,S267,,,,,,,,,,,,,,,S95,,,,,,,,,,,,,,,,,,,,,,,,,,,,,,,,,,,,,,,,,,,,,,,,S460,S247,S250,S248,S262,S268,S252,S251,S263,S264,S260,,,S242,,,,,,,,,S254
S381,,,,,,,,,,,R103,,,,,,,,,,,,,,,,,,,,,,,,,,,,,,,,,,,,,,,,,,R103,R103,R103,R103,R103,R103,R103,R103,R103,R103,R103,R103,R103,R103,,,,,,,,,,,,,,,,,,,,,,,,,,,,,,,,,,,,,,,,,,,,,,,,,,,,,,,,,,,,,,,,,,
S382,,,,,S249,S246,,,,,,,,,,S258,,,,,,,,,,,,,,,,,,,,,S245,S269,S257,S261,,S86,S72,S244,S266,S256,S267,,,,,,,,,,,,,,,S95,,,,,,,,,,,,,,,,,,,,,,,,,,,,,,,,,,,,,,,,,,,,,,,,,S461,S250,S248,S262,S268,S252,S251,S263,S264,S260,,,S242,,,,,,,,,S254
S383,,,,,S249,S246,,,,,,,,,,S258,,,,,,,,,,,,,,,,,,,,,S245,S269,S257,S261,,S86,S72,S244,S266,S256,S267,,,,,,,,,,,,,,,S95,,,,,,,,,,,,,,,,,,,,,,,,,,,,,,,,,,,,,,,,,,,,,,,S462,S255,S247,S250,S248,S262,S268,S252,S251,S263,S264,S260,,,S242,,,,,,,,,S254
S384,,,,,S249,S246,,,,,,,,,,S258,,,,,,,,,,,,,,,,,,,,,S245,S269,S257,S261,,S86,S72,S244,S266,S256,S267,,,,,,,,,,,,,,,S95,,,,,,,,,,,,,,,,,,,,,,,,,,,,,,,,,,,,,,,,,,,,S463,S265,S259,S253,S255,S247,S250,S248,S262,S268,S252,S251,S263,S264,S260,,,S242,,,,,,,,,S254
S385,,,,,S249,S246,,,,,,,,,,S258,,,,,,,,,,,,,,,,,,,,,S245,S269,S257,S261,,S86,S72,S244,S266,S256,S267,,,,,,,,,,,,,,,S95,,,,,,,,,,,,,,,,,,,,,,,,,,,,,,,,,,,,,,,,,,,,,,S464,S253,S255,S247,S250,S248,S262,S268,S252,S251,S263,S264,S260,,,S242,,,,,,,,,S254
S386,,,,,S144,S141,,,,,,,,,,S153,,,,,,,,,,,,,,,,,,,,,S140,S164,S152,S156,,S86,S72,S139,S161,S151,S162,,,,,,,,,,,,,,,S95,,,,,,,,,,,,,,,,,,,,,,,,,,,,,,,,,,,,,,,,,,,,S465,S160,S154,S148,S150,S142,S145,S143,S157,S163,S147,S146,S158,S159,S155,,,S137,,,,,,,,,S149
S387,,,,,,,,,,,,,R117,,,,,,,,,,,,,,,,,,,,,,,,,,,,,,,,,,,,,,,,,,,,,,,,,,,,,,,,,,,,,,,,,,,,,,,,,,,,,,,,,,,,,,,,,,,,,,,,,,,,,,,,,,,,,,,,,,,,,,,
S388,,,R62,,R62,,,,,,,,,,R62,,R62,R62,R62,R62,R62,R62,R62,R62,R62,R62,R62,R62,,R62,R62,R62,R62,,,,,,,,,,,R62,R62,,,,,,,,,,,,,,,,,,,,,,,,,,,,,,,,,,,,,,,,,,,,,,,,,,,,,,,,,,,,,,,,,,,,,,,,,,,,,,,,,,,,,,,
S389,,,,,,,,,,,,,,,,,,,,,,,,,,,,,,S466,,,,,,,,,,,,,,,,,,,,,,,,,,,,,,,,,,,,,,,,,,,,,,,,,,,,,,,,,,,,,,,,,,,,,,,,,,,,,,,,,,,,,,,,,,,,,,,,,,,,,,
S390,,,,,R14,,,,,,,,,,,,,,,,,,,,,,,,,,,,,,,,,,,,,,,,,,,,,,,,,,,,,,,,,,,,,,,,,,,,,,,,,,,,,,,,,,,,,,,,,,,,,,,,,,,,,,,,,,,,,,,,,,,,,,,,,,,,,,,
S391,,,,,,,R7,R7,,,,,,,,,,,,,,,,,,,,,,,,,,,,,,,,,,,,,,,,,,,,,,,,,,,,,,,,,,,,,,,,,,,,,,,,,,,,,,,,,,,,,,,,,,,,,,,,,,,,,,,,,,,,,,,,,,,,,,,,,,,,
S392,,,R50,,R50,,,,,,,,,,R50,,R50,R50,R50,R50,R50,R50,R50,R50,R50,R50,R50,R50,,R50,R50,R50,R50,,,,,,,,,,,R50,R50,,,,,,,,,,,,,,,,,,,,,,,,,,,,,,,,,,,,,,,,,,,,,,,,S467,,,,,,,,,,,,,,,,,,,,,,,,,,,,,,,,,,,,,,,
S393,,,,,,,,,,S468,,,,,,,,,,,,,,,,,,,,,,,,,,,,,,,,,,,,,,,,,,,,,,,,,,,,,,,,,,,,,,,,,,,,,,,,,,,,,,,,,,,,,,,,,,,,,,,,,,,,,,,,,,,,,,,,,,,,,,,,,,
S394,,,,,,,,S333,,,,,S469,,,,,,,,,,,,,,,,,,,,,,,,,,,,,,,,,,,,,,,,,,,,,,,,,,,,,,,,,,,,,,,,,,,,,,,,,,,,,,,,,,,,,,,,,,,,,,,,,,,,,,,,,,,,,,,,,,,,,,,
S395,,,,,S132,,,,,,,,,,,,,,,,,,,,,,,,,,,,,,,,,,,,,,,,,,,,,,,,,,,,,,,,,,,,,,,,,,,,,,,,,,,,,,,,,,,,,,,,,,,,,,,,,,,,S471,,,,,,,,,,,,,S470,,,,,,,,,,,,,,
S396,,,,,,,,S365,,,,,S472,,,,,,,,,,,,,,,,,,,,,,,,,,,,,,,,,,,,,,,,,,,,,,,,,,,,,,,,,,,,,,,,,,,,,,,,,,,,,,,,,,,,,,,,,,,,,,,,,,,,,,,,,,,,,,,,,,,,,,,
S397,,,,,R19,R19,,,,,,,,,,R19,,,,,,,,,,,,,,,,,,,,,R19,R19,R19,R19,,R19,R19,R19,R19,R19,R19,,,,,,,,,,,,,,,R19,,,,,,,,,,,,,,,,,,,,,,,,,,,,,,,,,,,,,,,,,,,,,,,,,,,,,,,,,,,,,,,,,,,,,,
S398,,,,,,,S473,,,,,,,,,,,,,,,,,,,,,,,,,,,,,,,,,,,,,,,,,,,,,,,,,,,,,,,,,,,,,,,,,,,,,,,,,,,,,,,,,,,,,,,,,,,,,,,,,,,,,,,,,,,,,,,,,,,,,,,,,,,,,
S399,,,,,,,R110,,,,,,,,,,,,,,,,,,,,,,,,,,,,,,,,,,R110,R110,R110,,,,,,,,,,R110,R110,R110,R110,R110,R110,R110,R110,R110,R110,R110,R110,R110,R110,,,,,,,,,,,,,,,,,,,,,,,,,,,,,,,,,,,,,,,,,,,,,,,,,,,,,,,,,,,,,,,,,,
S400,,,,,,,R95,,,,,,,,,,,,,,,,,,,,,,,,,,,,,,,,,,,,,,,,,,,,,,R95,R95,R95,R95,R95,R95,R95,R95,R95,S179,S180,,,,,,,,,,,,,,,,,,,,,,,,,,,,,,,,,,,,,,,,,,,,,,,,,,,,,,,,,,,,,,,,,,,S289,,
S401,,,,,,,R99,,,,,,,,,,,,,,,,,,,,,,,,,,,,,,,,,,,,,,,,,,,,,,R99,R99,R99,R99,R99,R99,R99,R99,R99,R99,R99,R99,R99,R99,,,,,,,,,,,,,,,,,,,,,,,,,,,,,,,,,,,,,,,,,,,,,,,,,,,,,,,,,,,,,,,,,,
S402,,,,,,,S474,,,,,,,,,,,,,,,,,,,,,,,,,,,,,,,,,,,,,,,,,,,,,,,,,,,,,,,,,,,,,,,,,,,,,,,,,,,,,,,,,,,,,,,,,,,,,,,,,,,,,,,,,,,,,,,,,,,,,,,,,,,,,
S403,,,,,,,R97,,,,,,,,,,,,,,,,,,,,,,,,,,,,,,,,,,,,,,,,,,,,,,R97,R97,R97,R97,R97,R97,R97,R97,R97,R97,R97,S174,S176,S173,,,,,,,,,,,,,,,,,,,,,,,,,,,,,,,,,,,,,,,,,,,,,,,,,,,,,,,,,,,,,,,,,S287,
S404,,,,,,,R101,,,,,,,,,,,,,,,,,,,,,,,,,,,,,,,,,,,,,,,,,,,,,,R101,R101,R101,R101,R101,R101,R101,R101,R101,R101,R101,R101,R101,R101,,,,,,,,,,,,,,,,,,,,,,,,,,,,,,,,,,,,,,,,,,,,,,,,,,,,,,,,,,,,,,,,,,
S405,,,,,,,R91,,,,,,,,,,,,,,,,,,,,,,,,,,,,,,,,,,,,,,,,,,,,,,R91,R91,R91,S189,S188,,,,,,,,,,,,,,,,,,,,,,,,,,,,,,,,,,,,,,,,,,,,,,,,,,,,,,,,,,,,,,,,,,,,,,,S295,,,,
S406,,,,,,,R93,,,,,,,,,,,,,,,,,,,,,,,,,,,,,,,,,,,,,,,,,,,,,,R93,R93,R93,R93,R93,S169,S170,S171,S168,,,,,,,,,,,,,,,,,,,,,,,,,,,,,,,,,,,,,,,,,,,,,,,,,,,,,,,,,,,,,,,,,,,,S286,,,
S407,,,,,,,R89,,,,,,,,,,,,,,,,,,,,,,,,,,,,,,,,,,,,,,,,,,,,,,R89,R89,S184,,,,,,,,,,,,,,,,,,,,,,,,,,,,,,,,,,,,,,,,,,,,,,,,,,,,,,,,,,,,,,,,,,,,,,,,S293,,,,,
S408,,,,,,,,,,,S475,,,,,,,,,,,,,,,,,,,,,,,,,,,,,,,,,,,,,,,,,,,,,,,,,,,,,,,,,,,,,,,,,,,,,,,,,,,,,,,,,,,,,,,,,,,,,,,,,,,,,,,,,,,,,,,,,,,,,,,,,
S409,,,,,,,R87,,,,,,,,,,,,,,,,,,,,,,,,,,,,,,,,,,,,,,,,,,,,,,R87,S191,,,,,,,,,,,,,,,,,,,,,,,,,,,,,,,,,,,,,,,,,,,,,,,,,,,,,,,,,,,,,,,,,,,,,,,,S296,,,,,,
S410,,,,,,,S476,,,,,,,,,,,,,,,,,,,,,,,,,,,,,,,,,,,,,,,,,,,,,,,,,,,,,,,,,,,,,,,,,,,,,,,,,,,,,,,,,,,,,,,,,,,,,,,,,,,,,,,,,,,,,,,,,,,,,,,,,,,,,
S411,,,,,,,,,,,,,R116,,,,,,,,,,,,,,,,,,,,,,,,,,,,R116,R116,R116,,,,,,,,,,R116,R116,R116,R116,R116,R116,R116,R116,R116,R116,R116,R116,R116,R116,,,,,,,,,,,,,,,,,,,,,,,,,,,,,,,,,,,,,,,,,,,,,,,,,,,,,,,,,,,,,,,,,,
S412,,,,,,,,,,,,,R115,,,,,,,,,,,,,,,,,,,,,,,,,,,,R115,R115,R115,,,,,,,,,,R115,R115,R115,R115,R115,R115,R115,R115,R115,R115,R115,R115,R115,R115,,,,,,,,,,,,,,,,,,,,,,,,,,,,,,,,,,,,,,,,,,,,,,,,,,,,,,,,,,,,,,,,,,
S413,,,,,,,,,,R113,,,R113,,,,,,,,,,,,,,,,,,,,,,,,,,,,R113,R113,R113,,,,,,,,,,R113,R113,R113,R113,R113,R113,R113,R113,R113,R113,R113,R113,R113,R113,,,,,,,,,,,,,,,,,,,,,,,,,,,,,,,,,,,,,,,,,,,,,,,,,,,,,,,,,,,,,,,,,,
S414,,,,,,,,,,,,,R117,,,,,,,,,,,,,,,,,,,,,,,,,,,,R117,R117,R117,,,,,,,,,,R117,R117,R117,R117,R117,R117,R117,R117,R117,R117,R117,R117,R117,R117,,,,,,,,,,,,,,,,,,,,,,,,,,,,,,,,,,,,,,,,,,,,,,,,,,,,,,,,,,,,,,,,,,
S415,,,R74,,,,,,,,,,,,,,,,,,,,,,,,,,,,,,,R74,,R74,,,,,,,,,,,,,,,,,,,,,,,,,,,,,,,,,,,,,,,,,,,,,,,,,,,,,,,,,,,,,,,,,S477,,,,,,,,,,,,,,,,,,,,,,,,,,,,,,,
S416,,,R63,,R63,,,,,,,,,,R63,,R63,R63,R63,R63,R63,R63,R63,R63,R63,R63,R63,R63,,R63,R63,R63,R63,,,,,,,,,,,R63,R63,,,,,,,,,,,,,,,,,,,,,,,,,,,,,,,,,,,,,,,,,,,,,,,,,,,,,,,,,,,,,,,,,,,,,,,,,,,,,,,,,,,,,,,
S417,,,,,,,S478,,,,,,,,,,,,,,,,,,,,,,,,,,,,,,,,,,,,,,,,,,,,,,,,,,,,,,,,,,,,,,,,,,,,,,,,,,,,,,,,,,,,,,,,,,,,,,,,,,,,,,,,,,,,,,,,,,,,,,,,,,,,,
S418,,,,,,,R110,R110,,,,,,,,,,,,,,,,,,,,,,,,,,,,,,,,,R110,R110,R110,,,,,,,,,,R110,R110,R110,R110,R110,R110,R110,R110,R110,R110,R110,R110,R110,R110,,,,,,,,,,,,,,,,,,,,,,,,,,,,,,,,,,,,,,,,,,,,,,,,,,,,,,,,,,,,,,,,,,
S419,,,,,,,R95,R95,,,,,,,,,,,,,,,,,,,,,,,,,,,,,,,,,,,,,,,,,,,,,R95,R95,R95,R95,R95,R95,R95,R95,R95,S179,S180,,,,,,,,,,,,,,,,,,,,,,,,,,,,,,,,,,,,,,,,,,,,,,,,,,,,,,,,,,,,,,,,,,,S320,,
S420,,,,,,,R99,R99,,,,,,,,,,,,,,,,,,,,,,,,,,,,,,,,,,,,,,,,,,,,,R99,R99,R99,R99,R99,R99,R99,R99,R99,R99,R99,R99,R99,R99,,,,,,,,,,,,,,,,,,,,,,,,,,,,,,,,,,,,,,,,,,,,,,,,,,,,,,,,,,,,,,,,,,
S421,,,,,,,S479,,,,,,,,,,,,,,,,,,,,,,,,,,,,,,,,,,,,,,,,,,,,,,,,,,,,,,,,,,,,,,,,,,,,,,,,,,,,,,,,,,,,,,,,,,,,,,,,,,,,,,,,,,,,,,,,,,,,,,,,,,,,,
S422,,,,,,,R97,R97,,,,,,,,,,,,,,,,,,,,,,,,,,,,,,,,,,,,,,,,,,,,,R97,R97,R97,R97,R97,R97,R97,R97,R97,R97,R97,S174,S176,S173,,,,,,,,,,,,,,,,,,,,,,,,,,,,,,,,,,,,,,,,,,,,,,,,,,,,,,,,,,,,,,,,,S318,
S423,,,,,,,R101,R101,,,,,,,,,,,,,,,,,,,,,,,,,,,,,,,,,,,,,,,,,,,,,R101,R101,R101,R101,R101,R101,R101,R101,R101,R101,R101,R101,R101,R101,,,,,,,,,,,,,,,,,,,,,,,,,,,,,,,,,,,,,,,,,,,,,,,,,,,,,,,,,,,,,,,,,,
S424,,,,,,,R91,R91,,,,,,,,,,,,,,,,,,,,,,,,,,,,,,,,,,,,,,,,,,,,,R91,R91,R91,S189,S188,,,,,,,,,,,,,,,,,,,,,,,,,,,,,,,,,,,,,,,,,,,,,,,,,,,,,,,,,,,,,,,,,,,,,,,S326,,,,
S425,,,,,,,R93,R93,,,,,,,,,,,,,,,,,,,,,,,,,,,,,,,,,,,,,,,,,,,,,R93,R93,R93,R93,R93,S169,S170,S171,S168,,,,,,,,,,,,,,,,,,,,,,,,,,,,,,,,,,,,,,,,,,,,,,,,,,,,,,,,,,,,,,,,,,,,S317,,,
S426,,,,,,,R120,R120,,,,,,,,,,,,,,,,,,,,,,,,,,,,,,,,,,,,,,,,,,,,,,,,,,,,,,,,,,,,,,,,,,,,,,,,,,,,,,,,,,,,,,,,,,,,,,,,,,,,,,,,,,,,,,,,,,,,,,,,,,,,
S427,,,,,,,R89,R89,,,,,,,,,,,,,,,,,,,,,,,,,,,,,,,,,,,,,,,,,,,,,R89,R89,S184,,,,,,,,,,,,,,,,,,,,,,,,,,,,,,,,,,,,,,,,,,,,,,,,,,,,,,,,,,,,,,,,,,,,,,,,S324,,,,,
S428,,,,,,,,,,,S480,,,,,,,,,,,,,,,,,,,,,,,,,,,,,,,,,,,,,,,,,,,,,,,,,,,,,,,,,,,,,,,,,,,,,,,,,,,,,,,,,,,,,,,,,,,,,,,,,,,,,,,,,,,,,,,,,,,,,,,,,
S429,,,,,,,R87,R87,,,,,,,,,,,,,,,,,,,,,,,,,,,,,,,,,,,,,,,,,,,,,R87,S191,,,,,,,,,,,,,,,,,,,,,,,,,,,,,,,,,,,,,,,,,,,,,,,,,,,,,,,,,,,,,,,,,,,,,,,,S328,,,,,,
S430,,,,,,,S481,,,,,,,,,,,,,,,,,,,,,,,,,,,,,,,,,,,,,,,,,,,,,,,,,,,,,,,,,,,,,,,,,,,,,,,,,,,,,,,,,,,,,,,,,,,,,,,,,,,,,,,,,,,,,,,,,,,,,,,,,,,,,
S431,,,,,,,,R25,,,,,R25,,,,,,,,,,,,,,,,,,,,,,,,,,,,,,,,,,,,,,,,,,,,,,,,,,,,,,,,,,,,,,,,,,,,,,,,,,,,,,,,,,,,,,,,,,,,,,,,,,,,,,,,,,,,,,,,,,,,,,,
S432,,,,,,,,R27,,,,,R27,,,,,,,,,,,,,,,,,,,,,,,,,,,,,,,,,,,,,,,,,,,,,,,,,,,,,,,,,,,,,,,,,,,,,,,,,,,,,,,,,,,,,,,,,,,,,,,,,,,,,,,,,,,,,,,,,,,,,,,
S433,,,R50,,R50,,,,,,,,,,R50,,R50,R50,R50,R50,R50,R50,R50,R50,R50,R50,R50,R50,,R50,R50,R50,R50,,,,,,,,,,,R50,R50,,,,,,,,,,,,,,,,,,,,,,,,,,,,,,,,,,,,,,,,,,,,,,,,S482,,,,,,,,,,,,,,,,,,,,,,,,,,,,,,,,,,,,,,,
S434,,,,,S144,S141,,,,,,,,,,S153,,,,,,,,,,,,,,,,,,,,,S140,S164,S152,S156,,S86,S72,S139,S161,S151,S162,,,,,,,,,,,,,,,S95,,,,,,,,,,,,,,,,,,,,,,,,,,,,,,,,,,,,,,,,,,,,S483,S160,S154,S148,S150,S142,S145,S143,S157,S163,S147,S146,S158,S159,S155,,,S137,,,,,,,,,S149
S435,,,,,,,S484,,,,,,,,,,,,,,,,,,,,,,,,,,,,,,,,,,,,,,,,,,,,,,,,,,,,,,,,,,,,,,,,,,,,,,,,,,,,,,,,,,,,,,,,,,,,,,,,,,,,,,,,,,,,,,,,,,,,,,,,,,,,,
S436,,,,,S344,S341,,,,,,,,,,S353,,,,,,,,,,,,,,,,,,,,,S340,S364,S352,S356,,S86,S72,S339,S362,S351,S361,,,,,,,,,,,,,,,S95,,,,,,,,,,,,,,,,,,,,,,,,,,,,,,,,,,,,,,,,,,,,,,,,,,S485,S343,S357,S363,S347,S346,S358,S359,S355,,,S337,,,,,,,,,S349
S437,,,,,S344,S341,,,,,,,,,,S353,,,,,,,,,,,,,,,,,,,,,S340,S364,S352,S356,,S86,S72,S339,S362,S351,S361,,,,,,,,,,,,,,,S95,,,,,,,,,,,,,,,,,,,,,,,,,,,,,,,,,,,,,,,,,,,,,,,,,,,,S357,S486,S347,S346,S358,S359,S355,,,S337,,,,,,,,,S349
S438,,,,,S205,S202,R119,,,,,,,,,S215,,,,,,,,,,,,,,,,,,,,,S201,S227,S213,S218,,S86,S72,S200,S225,S212,S224,,,,,,,,,,,,,,,S95,,,,,,,,,,,,,,,,,,,,,,,,,,,,,,,,,,,,,,,,,,,,S199,S223,S216,S209,S211,S203,S206,S204,S219,S226,S208,S207,S220,S221,S217,S487,S214,S198,,,,,,,,,S210
S439,,,,,S344,S341,,,,,,,,,,S353,,,,,,,,,,,,,,,,,,,,,S340,S364,S352,S356,,S86,S72,S339,S362,S351,S361,,,,,,,,,,,,,,,S95,,,,,,,,,,,,,,,,,,,,,,,,,,,,,,,,,,,,,,,,,,,,,,,,,,,S488,S357,S363,S347,S346,S358,S359,S355,,,S337,,,,,,,,,S349
S440,,,,,,,,R105,,,,,R105,,,,,,,,,,,,,,,,,,,,,,,,,,,,R105,R105,R105,,,,,,,,,,R105,R105,R105,R105,R105,R105,R105,R105,R105,R105,R105,R105,R105,R105,,,,,,,,,,,,,,,,,,,,,,,,,,,,,,,,,,,,,,,,,,,,,,,,,,,,,,,,,,,,,,,,,,
S441,,,,,S344,S341,,,,,,,,,,S353,,,,,,,,,,,,,,,,,,,,,S340,S364,S352,S356,,,,S339,S362,S351,S361,,,,,,,,,,,,,,,,,,,,,,,,,,,,,,,,,,,,,,,,,,,,,,,,,,,,,,,,,,,,,,,,,,,S489,,S347,S346,S358,S359,S355,,,S337,,,,,,,,,
S442,,,,,,,,R106,,,,,R106,,,,,,,,,,,,,,,,,,,,,,,,,,,,R106,R106,R106,,,,,,,,,,R106,R106,R106,R106,R106,R106,R106,R106,R106,R106,R106,R106,R106,R106,,,,,,,,,,,,,,,,,,,,,,,,,,,,,,,,,,,,,,,,,,,,,,,,,,,,,,,,,,,,,,,,,,
S443,,,,,S344,S341,,,,,,,,,,S353,,,,,,,,,,,,,,,,,,,,,S340,S364,S352,S356,,S86,S72,S339,S362,S351,S361,,,,,,,,,,,,,,,S95,,,,,,,,,,,,,,,,,,,,,,,,,,,,,,,,,,,,,,,,,,,,,,,,S490,S342,S345,S343,S357,S363,S347,S346,S358,S359,S355,,,S337,,,,,,,,,S349
S444,,,,,,,,R103,,,,,R103,,,,,,,,,,,,,,,,,,,,,,,,,,,,,,,,,,,,,,,,R103,R103,R103,R103,R103,R103,R103,R103,R103,R103,R103,R103,R103,R103,,,,,,,,,,,,,,,,,,,,,,,,,,,,,,,,,,,,,,,,,,,,,,,,,,,,,,,,,,,,,,,,,,
S445,,,,,S344,S341,,,,,,,,,,S353,,,,,,,,,,,,,,,,,,,,,S340,S364,S352,S356,,S86,S72,S339,S362,S351,S361,,,,,,,,,,,,,,,S95,,,,,,,,,,,,,,,,,,,,,,,,,,,,,,,,,,,,,,,,,,,,,,,,,S491,S345,S343,S357,S363,S347,S346,S358,S359,S355,,,S337,,,,,,,,,S349
S446,,,,,S344,S341,,,,,,,,,,S353,,,,,,,,,,,,,,,,,,,,,S340,S364,S352,S356,,S86,S72,S339,S362,S351,S361,,,,,,,,,,,,,,,S95,,,,,,,,,,,,,,,,,,,,,,,,,,,,,,,,,,,,,,,,,,,,,,,S492,S350,S342,S345,S343,S357,S363,S347,S346,S358,S359,S355,,,S337,,,,,,,,,S349
S447,,,,,S249,S246,,,,,,,,,,S258,,,,,,,,,,,,,,,,,,,,,S245,S269,S257,S261,,S86,S72,S244,S266,S256,S267,,,,,,,,,,,,,,,S95,,,,,,,,,,,,,,,,,,,,,,,,,,,,,,,,,,,,,,,,,,,,S493,S265,S259,S253,S255,S247,S250,S248,S262,S268,S252,S251,S263,S264,S260,,,S242,,,,,,,,,S254
S448,,,,,S344,S341,,,,,,,,,,S353,,,,,,,,,,,,,,,,,,,,,S340,S364,S352,S356,,S86,S72,S339,S362,S351,S361,,,,,,,,,,,,,,,S95,,,,,,,,,,,,,,,,,,,,,,,,,,,,,,,,,,,,,,,,,,,,,,S494,S348,S350,S342,S345,S343,S357,S363,S347,S346,S358,S359,S355,,,S337,,,,,,,,,S349
S449,,,,,S144,S141,,,,,,,,,,S153,,,,,,,,,,,,,,,,,,,,,S140,S164,S152,S156,,S86,S72,S139,S161,S151,S162,,,,,,,,,,,,,,,S95,,,,,,,,,,,,,,,,,,,,,,,,,,,,,,,,,,,,,,,,,,,,S495,S160,S154,S148,S150,S142,S145,S143,S157,S163,S147,S146,S158,S159,S155,,,S137,,,,,,,,,S149
S450,,,,,,,,R29,,,,,R29,,,,,,,,,,,,,,,,,,,,,,,,,,,,,,,,,,,,,,,,,,,,,,,,,,,,,,,,,,,,,,,,,,,,,,,,,,,,,,,,,,,,,,,,,,,,,,,,,,,,,,,,,,,,,,,,,,,,,,,
S451,,,,,,,,,,,S496,,,,,,,,,,,,,,,,,,,,,,,,,,,,,,,,,,,,,,,,,,,,,,,,,,,,,,,,,,,,,,,,,,,,,,,,,,,,,,,,,,,,,,,,,,,,,,,,,,,,,,,,,,,,,,,,,,,,,,,,,
S452,,,R50,,R50,,,,,,,,,,R50,,R50,R50,R50,R50,R50,R50,R50,R50,R50,R50,R50,R50,,R50,R50,R50,R50,,,,,,,,,,,R50,R50,,,,,,,,,,,,,,,,,,,,,,,,,,,,,,,,,,,,,,,,,,,,,,,,S497,,,,,,,,,,,,,,,,,,,,,,,,,,,,,,,,,,,,,,,
S453,,,,,,,S498,,,,,,,,,,,,,,,,,,,,,,,,,,,,,,,,,,,,,,,,,,,,,,,,,,,,,,,,,,,,,,,,,,,,,,,,,,,,,,,,,,,,,,,,,,,,,,,,,,,,,,,,,,,,,,,,,,,,,,,,,,,,,
S454,,,,,,,,,,,R110,,,,,,,,,,,,,,,,,,,,,,,,,,,,,,R110,R110,R110,,,,,,,,,,R110,R110,R110,R110,R110,R110,R110,R110,R110,R110,R110,R110,R110,R110,,,,,,,,,,,,,,,,,,,,,,,,,,,,,,,,,,,,,,,,,,,,,,,,,,,,,,,,,,,,,,,,,,
S455,,,,,,,,,,,R95,,,,,,,,,,,,,,,,,,,,,,,,,,,,,,,,,,,,,,,,,,R95,R95,R95,R95,R95,R95,R95,R95,R95,S179,S180,,,,,,,,,,,,,,,,,,,,,,,,,,,,,,,,,,,,,,,,,,,,,,,,,,,,,,,,,,,,,,,,,,,S376,,
S456,,,,,,,,,,,R99,,,,,,,,,,,,,,,,,,,,,,,,,,,,,,,,,,,,,,,,,,R99,R99,R99,R99,R99,R99,R99,R99,R99,R99,R99,R99,R99,R99,,,,,,,,,,,,,,,,,,,,,,,,,,,,,,,,,,,,,,,,,,,,,,,,,,,,,,,,,,,,,,,,,,
S457,,,,,,,S499,,,,,,,,,,,,,,,,,,,,,,,,,,,,,,,,,,,,,,,,,,,,,,,,,,,,,,,,,,,,,,,,,,,,,,,,,,,,,,,,,,,,,,,,,,,,,,,,,,,,,,,,,,,,,,,,,,,,,,,,,,,,,
S458,,,,,,,,,,,R97,,,,,,,,,,,,,,,,,,,,,,,,,,,,,,,,,,,,,,,,,,R97,R97,R97,R97,R97,R97,R97,R97,R97,R97,R97,S174,S176,S173,,,,,,,,,,,,,,,,,,,,,,,,,,,,,,,,,,,,,,,,,,,,,,,,,,,,,,,,,,,,,,,,,S374,
S459,,,,,,,,,,,R101,,,,,,,,,,,,,,,,,,,,,,,,,,,,,,,,,,,,,,,,,,R101,R101,R101,R101,R101,R101,R101,R101,R101,R101,R101,R101,R101,R101,,,,,,,,,,,,,,,,,,,,,,,,,,,,,,,,,,,,,,,,,,,,,,,,,,,,,,,,,,,,,,,,,,
S460,,,,,,,,,,,R91,,,,,,,,,,,,,,,,,,,,,,,,,,,,,,,,,,,,,,,,,,R91,R91,R91,S189,S188,,,,,,,,,,,,,,,,,,,,,,,,,,,,,,,,,,,,,,,,,,,,,,,,,,,,,,,,,,,,,,,,,,,,,,,S382,,,,
S461,,,,,,,,,,,R93,,,,,,,,,,,,,,,,,,,,,,,,,,,,,,,,,,,,,,,,,,R93,R93,R93,R93,R93,S169,S170,S171,S168,,,,,,,,,,,,,,,,,,,,,,,,,,,,,,,,,,,,,,,,,,,,,,,,,,,,,,,,,,,,,,,,,,,,S373,,,
S462,,,,,,,,,,,R89,,,,,,,,,,,,,,,,,,,,,,,,,,,,,,,,,,,,,,,,,,R89,R89,S184,,,,,,,,,,,,,,,,,,,,,,,,,,,,,,,,,,,,,,,,,,,,,,,,,,,,,,,,,,,,,,,,,,,,,,,,S380,,,,,
S463,,,,,,,,,,,S500,,,,,,,,,,,,,,,,,,,,,,,,,,,,,,,,,,,,,,,,,,,,,,,,,,,,,,,,,,,,,,,,,,,,,,,,,,,,,,,,,,,,,,,,,,,,,,,,,,,,,,,,,,,,,,,,,,,,,,,,,
S464,,,,,,,,,,,R87,,,,,,,,,,,,,,,,,,,,,,,,,,,,,,,,,,,,,,,,,,R87,S191,,,,,,,,,,,,,,,,,,,,,,,,,,,,,,,,,,,,,,,,,,,,,,,,,,,,,,,,,,,,,,,,,,,,,,,,S383,,,,,,
S465,,,,,,,S501,,,,,,,,,,,,,,,,,,,,,,,,,,,,,,,,,,,,,,,,,,,,,,,,,,,,,,,,,,,,,,,,,,,,,,,,,,,,,,,,,,,,,,,,,,,,,,,,,,,,,,,,,,,,,,,,,,,,,,,,,,,,,
S466,,,,,,S502,,,,,,,,,,,,,,,,,,,,,,,,,,,,,,,,,,,,,,,,,,,,,,,,,,,,,,,,,,,,,,,,,,,,,,,,,,,,,,,,,,,,,,,,,,,,,,,,,,,,,,,,,,,,,,,,,,,,,,,,,,,,,,
S467,,,S503,,S41,,,,,,,,,,S43,,S55,S31,S49,S36,S60,S29,S30,S34,S44,S58,S39,S48,,S45,S59,S27,S38,,,,,,,,,,,S28,S57,,,,,,,,,,,,,,,,,,,,,,,,,,,,,,,S32,S33,,,S47,,,S40,,,,,,,,,S46,,S50,S56,S52,,S37,,S35,,,,,S42,,,,,,,,,,,,,S53,S54,S51,,,,,,,,,,,,
S468,,,,,,,,,,,S504,,,,,,,,,,,,,,,,,,,,,,,,,,,,,,,,,,,,,,,,,,,,,,,,,,,,,,,,,,,,,,,,,,,,,,,,,,,,,,,,,,,,,,,,,,,,,,,,,,,,,,,,,,,,,,,,,,,,,,,,,
S469,,,,,R24,R24,,,,,,,,,,R24,,,,,,,,,,,,,,,,,,,,,R24,R24,R24,R24,,R24,R24,R24,R24,R24,R24,,,,,,,,,,,,,,,R24,,,,,,,,,,,,,,,,,,,,,,,,,,,,,,,,,,,,,,,,,,,,,,,,,,,,,,,,,,,,,,,,,,,,,,
S470,,,,,,,,,,S115,,,,S117,,,,,,,,,,,,,,,,,,,,,,,,,,,,,,,,,,S114,S116,S113,S110,S111,,,,,,,,,,,,,,,,,,,,,,,,,,,,,,,,,,,,,,,,,,,,,,,,,,,,,,,,,,,,,,,,,,,,,,,,S505,,,,,,,,
S471,,,,,,,S506,,,,,,,,,,,,,,,,,,,,,,,,,,,,,,,,,,,,,,,,,,,,,,,,,,,,,,,,,,,,,,,,,,,,,,,,,,,,,,,,,,,,,,,,,,,,,,,,,,,,,,,,,,,,,,,,,,,,,,,,,,,,,
S472,,,,,R28,R28,,,,,,,,,,R28,,,,,,,,,,,,,,,,,,,,,R28,R28,R28,R28,,R28,R28,R28,R28,R28,R28,,,,,,,,,,,,,,,R28,,,,,,,,,,,,,,,,,,,,,,,,,,,,,,,,,,,,,,,,,,,,,,,,,,,,,,,,,,,,,,,,,,,,,,
S473,,,,,,,R116,,,,,,,,,,,,,,,,,,,,,,,,,,,,,,,,,,R116,R116,R116,,,,,,,,,,R116,R116,R116,R116,R116,R116,R116,R116,R116,R116,R116,R116,R116,R116,,,,,,,,,,,,,,,,,,,,,,,,,,,,,,,,,,,,,,,,,,,,,,,,,,,,,,,,,,,,,,,,,,
S474,,,,,,,R115,,,,,,,,,,,,,,,,,,,,,,,,,,,,,,,,,,R115,R115,R115,,,,,,,,,,R115,R115,R115,R115,R115,R115,R115,R115,R115,R115,R115,R115,R115,R115,,,,,,,,,,,,,,,,,,,,,,,,,,,,,,,,,,,,,,,,,,,,,,,,,,,,,,,,,,,,,,,,,,
S475,,,,,,,R113,,,R113,,,,,,,,,,,,,,,,,,,,,,,,,,,,,,,R113,R113,R113,,,,,,,,,,R113,R113,R113,R113,R113,R113,R113,R113,R113,R113,R113,R113,R113,R113,,,,,,,,,,,,,,,,,,,,,,,,,,,,,,,,,,,,,,,,,,,,,,,,,,,,,,,,,,,,,,,,,,
S476,,,,,,,R117,,,,,,,,,,,,,,,,,,,,,,,,,,,,,,,,,,R117,R117,R117,,,,,,,,,,R117,R117,R117,R117,R117,R117,R117,R117,R117,R117,R117,R117,R117,R117,,,,,,,,,,,,,,,,,,,,,,,,,,,,,,,,,,,,,,,,,,,,,,,,,,,,,,,,,,,,,,,,,,
S477,,,R77,,,,,,,,,,,,,,,,,,,,,,,,,,,,,,,S507,,S510,,,,,,,,,,,,,,,,,,,,,,,,,,,,,,,,,,,,,,,,,,,,,,,,,,,,,,,,,,,,,,,,,,S509,S508,,,,,,,,,,,,,,,,,,,,,,,,,,,,,
S478,,,,,,,R116,R116,,,,,,,,,,,,,,,,,,,,,,,,,,,,,,,,,R116,R116,R116,,,,,,,,,,R116,R116,R116,R116,R116,R116,R116,R116,R116,R116,R116,R116,R116,R116,,,,,,,,,,,,,,,,,,,,,,,,,,,,,,,,,,,,,,,,,,,,,,,,,,,,,,,,,,,,,,,,,,
S479,,,,,,,R115,R115,,,,,,,,,,,,,,,,,,,,,,,,,,,,,,,,,R115,R115,R115,,,,,,,,,,R115,R115,R115,R115,R115,R115,R115,R115,R115,R115,R115,R115,R115,R115,,,,,,,,,,,,,,,,,,,,,,,,,,,,,,,,,,,,,,,,,,,,,,,,,,,,,,,,,,,,,,,,,,
S480,,,,,,,R113,R113,,R113,,,,,,,,,,,,,,,,,,,,,,,,,,,,,,,R113,R113,R113,,,,,,,,,,R113,R113,R113,R113,R113,R113,R113,R113,R113,R113,R113,R113,R113,R113,,,,,,,,,,,,,,,,,,,,,,,,,,,,,,,,,,,,,,,,,,,,,,,,,,,,,,,,,,,,,,,,,,
S481,,,,,,,R117,R117,,,,,,,,,,,,,,,,,,,,,,,,,,,,,,,,,R117,R117,R117,,,,,,,,,,R117,R117,R117,R117,R117,R117,R117,R117,R117,R117,R117,R117,R117,R117,,,,,,,,,,,,,,,,,,,,,,,,,,,,,,,,,,,,,,,,,,,,,,,,,,,,,,,,,,,,,,,,,,
S482,,,S511,,S41,,,,,,,,,,S43,,S55,S31,S49,S36,S60,S29,S30,S34,S44,S58,S39,S48,,S45,S59,S27,S38,,,,,,,,,,,S28,S57,,,,,,,,,,,,,,,,,,,,,,,,,,,,,,,S32,S33,,,S47,,,S40,,,,,,,,,S46,,S50,S56,S52,,S37,,S35,,,,,S42,,,,,,,,,,,,,S53,S54,S51,,,,,,,,,,,,
S483,,,,,,,S512,,,,,,,,,,,,,,,,,,,,,,,,,,,,,,,,,,,,,,,,,,,,,,,,,,,,,,,,,,,,,,,,,,,,,,,,,,,,,,,,,,,,,,,,,,,,,,,,,,,,,,,,,,,,,,,,,,,,,,,,,,,,,
S484,,,,,,,,R110,,,,,R110,,,,,,,,,,,,,,,,,,,,,,,,,,,,R110,R110,R110,,,,,,,,,,R110,R110,R110,R110,R110,R110,R110,R110,R110,R110,R110,R110,R110,R110,,,,,,,,,,,,,,,,,,,,,,,,,,,,,,,,,,,,,,,,,,,,,,,,,,,,,,,,,,,,,,,,,,
S485,,,,,,,,R95,,,,,R95,,,,,,,,,,,,,,,,,,,,,,,,,,,,,,,,,,,,,,,,R95,R95,R95,R95,R95,R95,R95,R95,R95,S179,S180,,,,,,,,,,,,,,,,,,,,,,,,,,,,,,,,,,,,,,,,,,,,,,,,,,,,,,,,,,,,,,,,,,,S439,,
S486,,,,,,,,R99,,,,,R99,,,,,,,,,,,,,,,,,,,,,,,,,,,,,,,,,,,,,,,,R99,R99,R99,R99,R99,R99,R99,R99,R99,R99,R99,R99,R99,R99,,,,,,,,,,,,,,,,,,,,,,,,,,,,,,,,,,,,,,,,,,,,,,,,,,,,,,,,,,,,,,,,,,
S487,,,,,,,S513,,,,,,,,,,,,,,,,,,,,,,,,,,,,,,,,,,,,,,,,,,,,,,,,,,,,,,,,,,,,,,,,,,,,,,,,,,,,,,,,,,,,,,,,,,,,,,,,,,,,,,,,,,,,,,,,,,,,,,,,,,,,,
S488,,,,,,,,R97,,,,,R97,,,,,,,,,,,,,,,,,,,,,,,,,,,,,,,,,,,,,,,,R97,R97,R97,R97,R97,R97,R97,R97,R97,R97,R97,S174,S176,S173,,,,,,,,,,,,,,,,,,,,,,,,,,,,,,,,,,,,,,,,,,,,,,,,,,,,,,,,,,,,,,,,,S437,
S489,,,,,,,,R101,,,,,R101,,,,,,,,,,,,,,,,,,,,,,,,,,,,,,,,,,,,,,,,R101,R101,R101,R101,R101,R101,R101,R101,R101,R101,R101,R101,R101,R101,,,,,,,,,,,,,,,,,,,,,,,,,,,,,,,,,,,,,,,,,,,,,,,,,,,,,,,,,,,,,,,,,,
S490,,,,,,,,R91,,,,,R91,,,,,,,,,,,,,,,,,,,,,,,,,,,,,,,,,,,,,,,,R91,R91,R91,S189,S188,,,,,,,,,,,,,,,,,,,,,,,,,,,,,,,,,,,,,,,,,,,,,,,,,,,,,,,,,,,,,,,,,,,,,,,S445,,,,
S491,,,,,,,,R93,,,,,R93,,,,,,,,,,,,,,,,,,,,,,,,,,,,,,,,,,,,,,,,R93,R93,R93,R93,R93,S169,S170,S171,S168,,,,,,,,,,,,,,,,,,,,,,,,,,,,,,,,,,,,,,,,,,,,,,,,,,,,,,,,,,,,,,,,,,,,S436,,,
S492,,,,,,,,R89,,,,,R89,,,,,,,,,,,,,,,,,,,,,,,,,,,,,,,,,,,,,,,,R89,R89,S184,,,,,,,,,,,,,,,,,,,,,,,,,,,,,,,,,,,,,,,,,,,,,,,,,,,,,,,,,,,,,,,,,,,,,,,,S443,,,,,
S493,,,,,,,,,,,S514,,,,,,,,,,,,,,,,,,,,,,,,,,,,,,,,,,,,,,,,,,,,,,,,,,,,,,,,,,,,,,,,,,,,,,,,,,,,,,,,,,,,,,,,,,,,,,,,,,,,,,,,,,,,,,,,,,,,,,,,,
S494,,,,,,,,R87,,,,,R87,,,,,,,,,,,,,,,,,,,,,,,,,,,,,,,,,,,,,,,,R87,S191,,,,,,,,,,,,,,,,,,,,,,,,,,,,,,,,,,,,,,,,,,,,,,,,,,,,,,,,,,,,,,,,,,,,,,,,S446,,,,,,
S495,,,,,,,S515,,,,,,,,,,,,,,,,,,,,,,,,,,,,,,,,,,,,,,,,,,,,,,,,,,,,,,,,,,,,,,,,,,,,,,,,,,,,,,,,,,,,,,,,,,,,,,,,,,,,,,,,,,,,,,,,,,,,,,,,,,,,,
S496,,,,,,,,R33,,S516,,,R33,S517,,,,,,,,,,,,,,,,,,,,,,,,,,,,,,,,,,,,,,,,,,,,,,,,,,,,,,,,,,,,,,,,,,,,,,,,,,,,,,,,,,,,,,,,,,,,,,,,,,,,,,,,,,,,,,,,,,,,,,
S497,,,S518,,S41,,,,,,,,,,S43,,S55,S31,S49,S36,S60,S29,S30,S34,S44,S58,S39,S48,,S45,S59,S27,S38,,,,,,,,,,,S28,S57,,,,,,,,,,,,,,,,,,,,,,,,,,,,,,,S32,S33,,,S47,,,S40,,,,,,,,,S46,,S50,S56,S52,,S37,,S35,,,,,S42,,,,,,,,,,,,,S53,S54,S51,,,,,,,,,,,,
S498,,,,,,,,,,,R116,,,,,,,,,,,,,,,,,,,,,,,,,,,,,,R116,R116,R116,,,,,,,,,,R116,R116,R116,R116,R116,R116,R116,R116,R116,R116,R116,R116,R116,R116,,,,,,,,,,,,,,,,,,,,,,,,,,,,,,,,,,,,,,,,,,,,,,,,,,,,,,,,,,,,,,,,,,
S499,,,,,,,,,,,R115,,,,,,,,,,,,,,,,,,,,,,,,,,,,,,R115,R115,R115,,,,,,,,,,R115,R115,R115,R115,R115,R115,R115,R115,R115,R115,R115,R115,R115,R115,,,,,,,,,,,,,,,,,,,,,,,,,,,,,,,,,,,,,,,,,,,,,,,,,,,,,,,,,,,,,,,,,,
S500,,,,,,,,,,R113,R113,,,,,,,,,,,,,,,,,,,,,,,,,,,,,,R113,R113,R113,,,,,,,,,,R113,R113,R113,R113,R113,R113,R113,R113,R113,R113,R113,R113,R113,R113,,,,,,,,,,,,,,,,,,,,,,,,,,,,,,,,,,,,,,,,,,,,,,,,,,,,,,,,,,,,,,,,,,
S501,,,,,,,,,,,R117,,,,,,,,,,,,,,,,,,,,,,,,,,,,,,R117,R117,R117,,,,,,,,,,R117,R117,R117,R117,R117,R117,R117,R117,R117,R117,R117,R117,R117,R117,,,,,,,,,,,,,,,,,,,,,,,,,,,,,,,,,,,,,,,,,,,,,,,,,,,,,,,,,,,,,,,,,,
S502,,,,,S144,S141,,,,,,,,,,S153,,,,,,,,,,,,,,,,,,,,,S140,S164,S152,S156,,S86,S72,S139,S161,S151,S162,,,,,,,,,,,,,,,S95,,,,,,,,,,,,,,,,,,,,,,,,,,,,,,,,,,,,,,,,,,,,S519,S160,S154,S148,S150,S142,S145,S143,S157,S163,S147,S146,S158,S159,S155,,,S137,,,,,,,,,S149
S503,R4,,,R4,,,,,,,,,,,,,,,,,,,,,,,,,,,,,,,,,,,,,,,,,,,,,,,,,,,,,,,,,,,,,,,,,,,,,,,,,,,,,,,,,,,,,,,,,,,,,,,,,,,,,,,,,,,,,,,,,,,,,,,,,,,,,,,,
S504,,,,,,,R10,R10,,S520,,,,,,,,,,,,,,,,,,,,,,,,,,,,,,,,,,,,,,,,,,,,,,,,,,,,,,,,,,,,,,,,,,,,,,,,,,,,,,,,,,,,,,,,,,,,,,,,,,,,,,,,,,,,,,,,,,,,,,,,,,
S505,,,,,S144,S141,,,,,,,,,,S153,,,,,,,,,,,,,,,,,,,,,S140,S164,S152,S156,,S86,S72,S139,S161,S151,S162,,,,,,,,,,,,,,,S95,,,,,,,,,,,,,,,,,,,,,,,,,,,,,,,,,,,,,,,,,,,,S521,S160,S154,S148,S150,S142,S145,S143,S157,S163,S147,S146,S158,S159,S155,,,S137,,,,,,,,,S149
S506,,S522,,,,,,,,,,,,,,,,,,,,,,,,,,,,,,,,,,,,,,,,,,,,,,,,,,,,,,,,,,,,,,,,,,,,,,,,,,,,,,,,,,,,,,,,,,,,,,,,,,,,,,,,,,,,,,,,,,,,,,,,,,,,,,,,,,
S507,,,,,,,,,,,,,,,,S527,,,,,,,,,,,,,,,,,,,,,S525,S528,S526,S523,,,,,,,,,,,,,,,,,,,,,,,,,,,,,,,,,,,,,,,,,,,,,,,,,,,,,,,,,,,,,,,,S524,,,,,,,,,,,,,,,,,,,,,,,,,,,,
S508,,,S529,,,,,,,,,,,,,,,,,,,,,,,,,,,,,,,,,,,,,,,,,,,,,,,,,,,,,,,,,,,,,,,,,,,,,,,,,,,,,,,,,,,,,,,,,,,,,,,,,,,,,,,,,,,,,,,,,,,,,,,,,,,,,,,,,
S509,,,R73,,,,,,,,,,,,,,,,,,,,,,,,,,,,,,,R73,,R73,,,,,,,,,,,,,,,,,,,,,,,,,,,,,,,,,,,,,,,,,,,,,,,,,,,,,,,,,,,,,,,,,,,,,,,,,,,,,,,,,,,,,,,,,,,,,,,,
S510,,,,,,,,,,,,,,,,,,,,,,,,,,,,,,,,,,,S530,,,,,,,,,,,,,,,,,,,,,,,,,,,,,,,,,,,,,,,,,,,,,,,,,,,,,,,,,,,,,,,,,,,,,,,,,,,,,,,,,,,,,,,,,,,,,,,,,
S511,,,R67,,R67,,,,,,,,,,R67,,R67,R67,R67,R67,R67,R67,R67,R67,R67,R67,R67,R67,,R67,R67,R67,R67,,,,,,,,,,,R67,R67,,,,,,,,,,,,,,,,,,,,,,,,,,,,,,,,,,,,,,,,,,,,,,,,,,,,,,,,,,,,,,,,,,,,,,,,,,,,,,,,,,,,,,,
S512,,,,,,,,R116,,,,,R116,,,,,,,,,,,,,,,,,,,,,,,,,,,,R116,R116,R116,,,,,,,,,,R116,R116,R116,R116,R116,R116,R116,R116,R116,R116,R116,R116,R116,R116,,,,,,,,,,,,,,,,,,,,,,,,,,,,,,,,,,,,,,,,,,,,,,,,,,,,,,,,,,,,,,,,,,
S513,,,,,,,,R115,,,,,R115,,,,,,,,,,,,,,,,,,,,,,,,,,,,R115,R115,R115,,,,,,,,,,R115,R115,R115,R115,R115,R115,R115,R115,R115,R115,R115,R115,R115,R115,,,,,,,,,,,,,,,,,,,,,,,,,,,,,,,,,,,,,,,,,,,,,,,,,,,,,,,,,,,,,,,,,,
S514,,,,,,,,R113,,R113,,,R113,,,,,,,,,,,,,,,,,,,,,,,,,,,,R113,R113,R113,,,,,,,,,,R113,R113,R113,R113,R113,R113,R113,R113,R113,R113,R113,R113,R113,R113,,,,,,,,,,,,,,,,,,,,,,,,,,,,,,,,,,,,,,,,,,,,,,,,,,,,,,,,,,,,,,,,,,
S515,,,,,,,,R117,,,,,R117,,,,,,,,,,,,,,,,,,,,,,,,,,,,R117,R117,R117,,,,,,,,,,R117,R117,R117,R117,R117,R117,R117,R117,R117,R117,R117,R117,R117,R117,,,,,,,,,,,,,,,,,,,,,,,,,,,,,,,,,,,,,,,,,,,,,,,,,,,,,,,,,,,,,,,,,,
S516,,,,,,,,,,,,,,,,S531,,,,,,,,,,,,,,,,,,,,,,,,,,,,,,,,,,,,,,,,,,,,,,,,,,,,,,,,,,,,,,,,,,,,,,,,,,,,,,,,,,,,,,,,,,,,,,,,,,,,,,,,,,,,,,,,,,,,
S517,,S533,,,,,,,,,,,,,,,,,,,,,,,,,,,,,,,,,,,,,,,,,,,,,,,,,,,,,,,,,,,,,,,,,,,,,,,,,,,,,,,,,,,,,S532,,,,,,,,,,,,,,,,,,,,,,,,,,,,,,,,,,,,,,,,,,,,,
S518,,,R66,,R66,,,,,,,,,,R66,,R66,R66,R66,R66,R66,R66,R66,R66,R66,R66,R66,R66,S535,R66,R66,R66,R66,,,,,,,,,,,R66,R66,,,,,,,,,,,,,,,,,,,,,,,,,,,,,,,,,,,,,,,,,,,,,,,,,,,,S534,,,,,,,,,,,,,,,,,,,,,,,,,,,,,,,,,,,
S519,,,,,,,S536,,,,,,,,,,,,,,,,,,,,,,,,,,,,,,,,,,,,,,,,,,,,,,,,,,,,,,,,,,,,,,,,,,,,,,,,,,,,,,,,,,,,,,,,,,,,,,,,,,,,,,,,,,,,,,,,,,,,,,,,,,,,,
S520,,,,,,,,,,,S537,,,,,,,,,,,,,,,,,,,,,,,,,,,,,,,,,,,,,,,,,,,,,,,,,,,,,,,,,,,,,,,,,,,,,,,,,,,,,,,,,,,,,,,,,,,,,,,,,,,,,,,,,,,,,,,,,,,,,,,,,
S521,,,,,,,R85,,,,,,,,,,,,,,,,,,,,,,,,,,,,,,,,,,,,,,,,,,,,,,,,,,,,,,,,,,,,,,,,,,,,,,,,,,,,,,,,,,,,,,,,,,,,,,,,,,,,,,,,,,,,,,,,,,,,,,,,,,,,,
S522,,,R50,,R50,,,,,,,,,,R50,,R50,R50,R50,R50,R50,R50,R50,R50,R50,R50,R50,R50,,R50,R50,R50,R50,,,,,,,,,,,R50,R50,,,,,,,,,,,,,,,,,,,,,,,,,,,,,,,,,,,,,,,,,,,,,,,,S538,,,,,,,,,,,,,,,,,,,,,,,,,,,,,,,,,,,,,,,
S523,,,,,,,,,,,,,,,,,,,,,,,,,,,,,,,,,,,R84,,,,,,,,,,,,,,,,,,,,,,,,,,,,,,,,,,,,,,,,,,,,,,,,,,,,,,,,,,,,,,,,,,,,,,,,,,,,,,,,,,,,,,,,,,,,,,,,,
S524,,,,,,,,,,,,,,,,,,,,,,,,,,,,,,,,,,,S539,,,,,,,,,,,,,,,,,,,,,,,,,,,,,,,,,,,,,,,,,,,,,,,,,,,,,,,,,,,,,,,,,,,,,,,,,,,,,,,,,,,,,,,,,,,,,,,,,
S525,,,,,,,,,,,,,,,,,,,,,,,,,,,,,,,,,,,R81,,,,,,,,,,,,,,,,,,,,,,,,,,,,,,,,,,,,,,,,,,,,,,,,,,,,,,,,,,,,,,,,,,,,,,,,,,,,,,,,,,,,,,,,,,,,,,,,,
S526,,,,,,,,,,,,,,,,,,,,,,,,,,,,,,,,,,,R83,,,,,,,,,,,,,,,,,,,,,,,,,,,,,,,,,,,,,,,,,,,,,,,,,,,,,,,,,,,,,,,,,,,,,,,,,,,,,,,,,,,,,,,,,,,,,,,,,
S527,,,,,,,,,,,,,,,,,,,,,,,,,,,,,,,,,,,R80,,,,,,,,,,,,,,,,,,,,,,,,,,,,,,,,,,,,,,,,,,,,,,,,,,,,,,,,,,,,,,,,,,,,,,,,,,,,,,,,,,,,,,,,,,,,,,,,,
S528,,,,,,,,,,,,,,,,,,,,,,,,,,,,,,,,,,,R82,,,,,,,,,,,,,,,,,,,,,,,,,,,,,,,,,,,,,,,,,,,,,,,,,,,,,,,,,,,,,,,,,,,,,,,,,,,,,,,,,,,,,,,,,,,,,,,,,
S529,,,R72,,R72,,,,,,,,,,R72,,R72,R72,R72,R72,R72,R72,R72,R72,R72,R72,R72,R72,,R72,R72,R72,R72,,,,,,,,,,,R72,R72,,,,,,,,,,,,,,,,,,,,,,,,,,,,,,,,,,,,,,,,,,,,,,,,,,,,,,,,,,,,,,,,,,,,,,,,,,,,,,,,,,,,,,,
S530,,,R50,,R50,,,,,,,,,,R50,,R50,R50,R50,R50,R50,R50,R50,R50,R50,R50,R50,R50,,R50,R50,R50,R50,,,,,,,,,,,R50,R50,,,,,,,,,,,,,,,,,,,,,,,,,,,,,,,,,,,,,,,,,,,,,,,,S540,,,,,,,,,,,,,,,,,,,,,,,,,,,,,,,,,,,,,,,
S531,,,,,,,,,,,S541,,,,,,,,,,,,,,,,,,,,,,,,,,,,,,,,,,,,,,,,,,,,,,,,,,,,,,,,,,,,,,,,,,,,,,,,,,,,,,,,,,,,,,,,,,,,,,,,,,,,,,,,,,,,,,,,,,,,,,,,,
S532,,,,,,,,R34,,,,,R34,,,,,,,,,,,,,,,,,,,,,,,,,,,,,,,,,,,,,,,,,,,,,,,,,,,,,,,,,,,,,,,,,,,,,,,,,,,,,,,,,,,,,,,,,,,,,,,,,,,,,,,,,,,,,,,,,,,,,,,
S533,,,,,S547,S545,,,,,,,,,,S555,,,,,,,,,,,,,,,,,,,,,S544,S564,S554,S557,,S86,S72,S543,S562,S553,S561,,,,,,,,,,,,,,,S95,,,,,,,,,,,,,,,,,,,,,,,,,,S550,,,,,,,,,,,,,,,,,,,,,,,,S548,S546,S558,S563,S551,S549,S559,S560,S556,,,S542,,,,,,,,,S552
S534,,,R64,,R64,,,,,,,,,,R64,,R64,R64,R64,R64,R64,R64,R64,R64,R64,R64,R64,R64,,R64,R64,R64,R64,,,,,,,,,,,R64,R64,,,,,,,,,,,,,,,,,,,,,,,,,,,,,,,,,,,,,,,,,,,,,,,,,,,,,,,,,,,,,,,,,,,,,,,,,,,,,,,,,,,,,,,
S535,,S565,,,,,,,,,,,,,,,,,,,,,,,,,,,,,,,,,,,,,,,,,,,,,,,,,,,,,,,,,,,,,,,,,,,,,,,,,,,,,,,,,,,,,,,,,,,,,,,,,,,,,,,,,,,,,,,,,,,,,,,,,,,,,,,,,,
S536,,,,,,,,,,,,,S566,,,,,,,,,,,,,,,,,,,,,,,,,,,,,,,,,,,,,,,,,,,,,,,,,,,,,,,,,,,,,,,,,,,,,,,,,,,,,,,,,,,,,,,,,,,,,,,,,,,,,,,,,,,,,,,,,,,,,,,
S537,,,,,,,R11,R11,,,,,,,,,,,,,,,,,,,,,,,,,,,,,,,,,,,,,,,,,,,,,,,,,,,,,,,,,,,,,,,,,,,,,,,,,,,,,,,,,,,,,,,,,,,,,,,,,,,,,,,,,,,,,,,,,,,,,,,,,,,,
S538,,,S567,,S41,,,,,,,,,,S43,,S55,S31,S49,S36,S60,S29,S30,S34,S44,S58,S39,S48,,S45,S59,S27,S38,,,,,,,,,,,S28,S57,,,,,,,,,,,,,,,,,,,,,,,,,,,,,,,S32,S33,,,S47,,,S40,,,,,,,,,S46,,S50,S56,S52,,S37,,S35,,,,,S42,,,,,,,,,,,,,S53,S54,S51,,,,,,,,,,,,
S539,,,R50,,R50,,,,,,,,,,R50,,R50,R50,R50,R50,R50,R50,R50,R50,R50,R50,R50,R50,,R50,R50,R50,R50,R50,,R50,,,,,,,,R50,R50,,,,,,,,,,,,,,,,,,,,,,,,,,,,,,,,,,,,,,,,,,,,,,,,S568,,,,,,,,,,,,,,,,,,,,,,,,,,,,,,,,,,,,,,,
S540,,,R76,,S41,,,,,,,,,,S43,,S55,S31,S49,S36,S60,S29,S30,S34,S44,S58,S39,S48,,S45,S59,S27,S38,,,,,,,,,,,S28,S57,,,,,,,,,,,,,,,,,,,,,,,,,,,,,,,S32,S33,,,S47,,,S40,,,,,,,,,S46,,S50,S56,S52,,S37,,S35,,,,,S42,,,,,,,,,,,,,S53,S54,S51,,,,,,,,,,,,
S541,,,,,,,,R38,,,,,R38,S569,,,,,,,,,,,,,,,,,,,,,,,,,,,,,,,,,,,,,,,,,,,,,,,,,,,,,,,,,,,,,,,,,,,,,,,,,,,,,,,,,,,,,,,,,,,,,,,,,,,,,,,,,,,,,,,,,,,,,,
S542,,,R109,,,,,R109,,,,,,,,,,,,,,,,,,,,,,,,,,,,,,,,,R109,R109,R109,,,,,,,,,,,,,,,,,,,R109,R109,R109,R109,R109,,,,,,,,,,,,,,,,,,,,,,,,,,,,,,,,,,,,,,,,,,,,,,,,,,,,,,,,,,,,,,,,,,
S543,,,,,,S570,,,,,,,,,,,,,,,,,,,,,,,,,,,,,,,,,,,,,,,,,,,,,,,,,,,,,,,,,,,,,,,,,,,,,,,,,,,,,,,,,,,,,,,,,,,,,,,,,,,,,,,,,,,,,,,,,,,,,,,,,,,,,,
S544,,,R123,,,,,R123,,,,,,,,,,,,,,,,,,,,,,,,,,,,,,,,,R123,R123,R123,,,,,,,,,,,,,,,,,,,R123,R123,R123,R123,R123,,,,,,,,,,,,,,,,,,,,,,,,,,,,,,,,,,,,,,,,,,,,,,,,,,,,,,,,,,,,,,,,,,
S545,,,,,S144,S141,,,,,,,,,,S153,,,,,,,,,,,,,,,,,,,,,S140,S164,S152,S156,,S86,S72,S139,S161,S151,S162,,,,,,,,,,,,,,,S95,,,,,,,,,,,,,,,,,,,,,,,,,,,,,,,,,,,,,,,,,,,,S571,S160,S154,S148,S150,S142,S145,S143,S157,S163,S147,S146,S158,S159,S155,,,S137,,,,,,,,,S149
S546,,,R98,,,,,R98,,,,,,,,,,,,,,,,,,,,,,,,,,,,,,,,,,,,,,,,,,,,,,,,,,,,,,R98,R98,S174,S176,S173,,,,,,,,,,,,,,,,,,,,,,,,,,,,,,,,,,,,,,,,,,,,,,,,,,,,,,,,,,,,,,,,,S572,
S547,,,R114,,,S573,,R114,,R114,,,,,,,,,,,,,,,,,,,,,,,,,,,,,,,R114,R114,R114,,,,,,,,,,,,,,,,,,,R114,R114,R114,R114,R114,,,,,,,,,,,,,,,,,,,,,,,,,,,,,,,,,,,,,,,,,,,,,,,,,,,,,,,,,,,,,,,,,,
S548,,,R37,,,,,R37,,,,,,,,,,,,,,,,,,,,,,,,,,,,,,,,,,,,,,,,,,,,,,,,,,,,,,S179,S180,,,,,,,,,,,,,,,,,,,,,,,,,,,,,,,,,,,,,,,,,,,,,,,,,,,,,,,,,,,,,,,,,,,S574,,
S549,,,R107,,,,,R107,,,,,,,,,,,,,,,,,,,,,,,,,,,,,,,,,R107,R107,R107,,,,,,,,,,,,,,,,,,,R107,R107,R107,R107,R107,,,,,,,,,,,,,,,,,,,,,,,,,,,,,,,,,,,,,,,,,,,,,,,,,,,,,,,,,,,,,,,,,,
S550,,,S576,,,,,S575,,,,,,,,,,,,,,,,,,,,,,,,,,,,,,,,,,,,,,,,,,,,,,,,,,,,,,,,,,,,,,,,,,,,,,,,,,,,,,,,,,,,,,,,,,,,,,,,,,,,,,,,,,,,,,,,,,,,,,,,,,,,
S551,,,R102,,,,,R102,,,,,,,,,,,,,,,,,,,,,,,,,,,,,,,,,S578,S577,S579,,,,,,,,,,,,,,,,,,,R102,R102,R102,R102,R102,,,,,,,,,,,,,,,,,,,,,,,,,,,,,,,,,,,,,,,,,,,,,,,,,,,,,,,,,,,,,,,,,,
S552,,,,,S547,S545,,,,,,,,,,S555,,,,,,,,,,,,,,,,,,,,,S544,S564,S554,S557,,S86,S72,S543,S562,S553,S561,,,,,,,,,,,,,,,S95,,,,,,,,,,,,,,,,,,,,,,,,,,,,,,,,,,,,,,,,,,,,,,,,,,,,S558,S580,S551,S549,S559,S560,S556,,,S542,,,,,,,,,S552
S553,,,R127,,,,,R127,,,,,,,,,,,,,,,,,,,,,,,,,,,,,,,,,R127,R127,R127,,,,,,,,,,,,,,,,,,,R127,R127,R127,R127,R127,,,,,,,,,,,,,,,,,,,,,,,,,,,,,,,,,,,,,,,,,,,,,,,,,,,,,,,,,,,,,,,,,,
S554,,,R125,,,,,R125,,,,,,,,,,,,,,,,,,,,,,,,,,,,,,,,,R125,R125,R125,,,,,,,,,,,,,,,,,,,R125,R125,R125,R125,R125,,,,,,,,,,,,,,,,,,,,,,,,,,,,,,,,,,,,,,,,,,,,,,,,,,,,,,,,,,,,,,,,,,
S555,,,R122,,,,,R122,,,,,,,,,,,,,,,,,,,,,,,,,,,,,,,,,R122,R122,R122,,,,,,,,,,,,,,,,,,,R122,R122,R122,R122,R122,,,,,,,,,,,,,,,,,,,,,,,,,,,,,,,,,,,,,,,,,,,,,,,,,,,,,,,,,,,,,,,,,,
S556,,,R112,,,,,R112,,,,,,,,,,,,,,,,,,,,,,,,,,,,,,,,,R112,R112,R112,,,,,,,,,,,,,,,,,,,R112,R112,R112,R112,R112,,,,,,,,,,,,,,,,,,,,,,,,,,,,,,,,,,,,,,,,,,,,,,,,,,,,,,,,,,,,,,,,,,
S557,,,R126,,,,,R126,,,,,,,,,,,,,,,,,,,,,,,,,,,,,,,,,R126,R126,R126,,,,,,,,,,,,,,,,,,,R126,R126,R126,R126,R126,,,,,,,,,,,,,,,,,,,,,,,,,,,,,,,,,,,,,,,,,,,,,,,,,,,,,,,,,,,,,,,,,,
S558,,,R104,,,,,R104,,,,,,,,,,,,,,,,,,,,,,,,,,,,,,,,,,,,,,,,,,,,,,,,,,,,,,R104,R104,R104,R104,R104,,,,,,,,,,,,,,,,,,,,,,,,,,,,,,,,,,,,,,,,,,,,,,,,,,,,,,,,,,,,,,,,,,
S559,,,R108,,,,,R108,,S581,,,,,,,,,,,,,,,,,,,,,,,,,,,,,,,R108,R108,R108,,,,,,,,,,,,,,,,,,,R108,R108,R108,R108,R108,,,,,,,,,,,,,,,,,,,,,,,,,,,,,,,,,,,,,,,,,,,,,,,,,,,,,,,,,,,,,,,,,,
S560,,,R111,,,,,R111,,,,,,,,,,,,,,,,,,,,,,,,,,,,,,,,,R111,R111,R111,,,,,,,,,,,,,,,,,,,R111,R111,R111,R111,R111,,,,,,,,,,,,,,,,,,,,,,,,,,,,,,,,,,,,,,,,,,,,,,,,,,,,,,,,,,,,,,,,,,
S561,,,R128,,,,,R128,,,,,,,,,,,,,,,,,,,,,,,,,,,,,,,,,R128,R128,R128,,,,,,,,,,,,,,,,,,,R128,R128,R128,R128,R128,,,,,,,,,,,,,,,,,,,,,,,,,,,,,,,,,,,,,,,,,,,,,,,,,,,,,,,,,,,,,,,,,,
S562,,,,,,S582,,,,,,,,,,,,,,,,,,,,,,,,,,,,,,,,,,,,,,,,,,,,,,,,,,,,,,,,,,,,,,,,,,,,,,,,,,,,,,,,,,,,,,,,,,,,,,,,,,,,,,,,,,,,,,,,,,,,,,,,,,,,,,
S563,,,R100,,,,,R100,,,,,,,,,,,,,,,,,,,,,,,,,,,,,,,,,,,,,,,,,,,,,,,,,,,,,,R100,R100,R100,R100,R100,,,,,,,,,,,,,,,,,,,,,,,,,,,,,,,,,,,,,,,,,,,,,,,,,,,,,,,,,,,,,,,,,,
S564,,,R124,,,,,R124,,,,,,,,,,,,,,,,,,,,,,,,,,,,,,,,,R124,R124,R124,,,,,,,,,,,,,,,,,,,R124,R124,R124,R124,R124,,,,,,,,,,,,,,,,,,,,,,,,,,,,,,,,,,,,,,,,,,,,,,,,,,,,,,,,,,,,,,,,,,
S565,,,R50,,R50,,,,,,,,,,R50,,R50,R50,R50,R50,R50,R50,R50,R50,R50,R50,R50,R50,,R50,R50,R50,R50,,,,,,,,,,,R50,R50,,,,,,,,,,,,,,,,,,,,,,,,,,,,,,,,,,,,,,,,,,,,,,,,S583,,,,,,,,,,,,,,,,,,,,,,,,,,,,,,,,,,,,,,,
S566,,,R68,,R68,,,,,,,,,,R68,,R68,R68,R68,R68,R68,R68,R68,R68,R68,R68,R68,R68,,R68,R68,R68,R68,,,,,,,,,,,R68,R68,,,,,,,,,,,,,,,,,,,,,,,,,,,,,,,,,,,,,,,,,,,,,,,,,,,,,,,,,,,,,,,,,,,,,,,,,,,,,,,,,,,,,,,
S567,,,R69,,R69,,,,,,,,,,R69,,R69,R69,R69,R69,R69,R69,R69,R69,R69,R69,R69,R69,,R69,R69,R69,R69,,,,,,,,,,,R69,R69,,,,,,,,,,,,,,,,,,,,,,,,,,,,,,,,,,,,,,,,,,,,,,,,,,,,,,,,,,,,,,,,,,,,,,,,,,,,,,,,,,,,,,,
S568,,,R75,,S41,,,,,,,,,,S595,,S55,S31,S49,S36,S60,S29,S585,S588,S596,S606,S592,S600,,S597,S607,S584,S591,R75,,R75,,,,,,,,S28,S57,,,,,,,,,,,,,,,,,,,,,,,,,,,,,,,S586,S587,,,S599,,,S593,,,,,,,,,S598,,S601,S605,S603,,S590,,S589,,,,,S594,,,,,,,,,,,,,S53,S604,S602,,,,,,,,,,,,
S569,,S609,,,,,,,,,,,,,,,,,,,,,,,,,,,,,,,,,,,,,,,,,,,,,,,,,,,,,,,,,,,,,,,,,,,,,,,,,,,,,,,,,,,,,,,,S608,,,,,,,,,,,,,,,,,,,,,,,,,,,,,,,,,,,,,,,,,,
S570,,,,,S144,S141,,,,,,,,,,S153,,,,,,,,,,,,,,,,,,,,,S140,S164,S152,S156,,S86,S72,S139,S161,S151,S162,,,,,,,,,,,,,,,S95,,,,,,,,,,,,,,,,,,,,,,,,,,,,,,,,,,,,,,,,,,,,S610,S160,S154,S148,S150,S142,S145,S143,S157,S163,S147,S146,S158,S159,S155,,,S137,,,,,,,,,S149
S571,,,,,,,S611,,,,,,,,,,,,,,,,,,,,,,,,,,,,,,,,,,,,,,,,,,,,,,,,,,,,,,,,,,,,,,,,,,,,,,,,,,,,,,,,,,,,,,,,,,,,,,,,,,,,,,,,,,,,,,,,,,,,,,,,,,,,,
S572,,,,,S547,S545,,,,,,,,,,S555,,,,,,,,,,,,,,,,,,,,,S544,S564,S554,S557,,S86,S72,S543,S562,S553,S561,,,,,,,,,,,,,,,S95,,,,,,,,,,,,,,,,,,,,,,,,,,,,,,,,,,,,,,,,,,,,,,,,,,,,S558,S612,S551,S549,S559,S560,S556,,,S542,,,,,,,,,S552
S573,,,,,S205,S202,R119,,,,,,,,,S215,,,,,,,,,,,,,,,,,,,,,S201,S227,S213,S218,,S86,S72,S200,S225,S212,S224,,,,,,,,,,,,,,,S95,,,,,,,,,,,,,,,,,,,,,,,,,,,,,,,,,,,,,,,,,,,,S199,S223,S216,S209,S211,S203,S206,S204,S219,S226,S208,S207,S220,S221,S217,S613,S214,S198,,,,,,,,,S210
S574,,,,,S547,S545,,,,,,,,,,S555,,,,,,,,,,,,,,,,,,,,,S544,S564,S554,S557,,S86,S72,S543,S562,S553,S561,,,,,,,,,,,,,,,S95,,,,,,,,,,,,,,,,,,,,,,,,,,,,,,,,,,,,,,,,,,,,,,,,,,,S614,S558,S563,S551,S549,S559,S560,S556,,,S542,,,,,,,,,S552
S575,,,,,S547,S545,,,,,,,,,,S555,,,,,,,,,,,,,,,,,,,,,S544,S564,S554,S557,,S86,S72,S543,S562,S553,S561,,,,,,,,,,,,,,,S95,,,,,,,,,,,,,,,,,,,,,,,,,,,,,,,,,,,,,,,,,,,,,,,,,,S615,S546,S558,S563,S551,S549,S559,S560,S556,,,S542,,,,,,,,,S552
S576,,,,,,,,R35,,,,,R35,,,,,,,,,,,,,,,,,,,,,,,,,,,,,,,,,,,,,,,,,,,,,,,,,,,,,,,,,,,,,,,,,,,,,,,,,,,,,,,,,,,,,,,,,,,,,,,,,,,,,,,,,,,,,,,,,,,,,,,
S577,,,R105,,,,,R105,,,,,,,,,,,,,,,,,,,,,,,,,,,,,,,,,R105,R105,R105,,,,,,,,,,,,,,,,,,,R105,R105,R105,R105,R105,,,,,,,,,,,,,,,,,,,,,,,,,,,,,,,,,,,,,,,,,,,,,,,,,,,,,,,,,,,,,,,,,,
S578,,,,,S547,S545,,,,,,,,,,S555,,,,,,,,,,,,,,,,,,,,,S544,S564,S554,S557,,,,S543,S562,S553,S561,,,,,,,,,,,,,,,,,,,,,,,,,,,,,,,,,,,,,,,,,,,,,,,,,,,,,,,,,,,,,,,,,,,S616,,S551,S549,S559,S560,S556,,,S542,,,,,,,,,
S579,,,R106,,,,,R106,,,,,,,,,,,,,,,,,,,,,,,,,,,,,,,,,R106,R106,R106,,,,,,,,,,,,,,,,,,,R106,R106,R106,R106,R106,,,,,,,,,,,,,,,,,,,,,,,,,,,,,,,,,,,,,,,,,,,,,,,,,,,,,,,,,,,,,,,,,,
S580,,,R103,,,,,R103,,,,,,,,,,,,,,,,,,,,,,,,,,,,,,,,,,,,,,,,,,,,,,,,,,,,,,R103,R103,R103,R103,R103,,,,,,,,,,,,,,,,,,,,,,,,,,,,,,,,,,,,,,,,,,,,,,,,,,,,,,,,,,,,,,,,,,
S581,,,,,S249,S246,,,,,,,,,,S258,,,,,,,,,,,,,,,,,,,,,S245,S269,S257,S261,,S86,S72,S244,S266,S256,S267,,,,,,,,,,,,,,,S95,,,,,,,,,,,,,,,,,,,,,,,,,,,,,,,,,,,,,,,,,,,,S617,S265,S259,S253,S255,S247,S250,S248,S262,S268,S252,S251,S263,S264,S260,,,S242,,,,,,,,,S254
S582,,,,,S144,S141,,,,,,,,,,S153,,,,,,,,,,,,,,,,,,,,,S140,S164,S152,S156,,S86,S72,S139,S161,S151,S162,,,,,,,,,,,,,,,S95,,,,,,,,,,,,,,,,,,,,,,,,,,,,,,,,,,,,,,,,,,,,S618,S160,S154,S148,S150,S142,S145,S143,S157,S163,S147,S146,S158,S159,S155,,,S137,,,,,,,,,S149
S583,,,S619,,S41,,,,,,,,,,S43,,S55,S31,S49,S36,S60,S29,S30,S34,S44,S58,S39,S48,,S45,S59,S27,S38,,,,,,,,,,,S28,S57,,,,,,,,,,,,,,,,,,,,,,,,,,,,,,,S32,S33,,,S47,,,S40,,,,,,,,,S46,,S50,S56,S52,,S37,,S35,,,,,S42,,,,,,,,,,,,,S53,S54,S51,,,,,,,,,,,,
S584,,,,,,S620,,,,,,,,,,,,,,,,,,,,,,,,,,,,,,,,,,,,,,,,,,,,,,,,,,,,,,,,,,,,,,,,,,,,,,,,,,,,,,,,,,,,,,,,,,,,,,,,,,,,,,,,,,,,,,,,,,,,,,,,,,,,,,
S585,,,,,S73,S69,,,,,,,,,,S82,,,,,,,,,,,,,,,,,,,,,S68,S94,S81,S85,,S86,S72,S67,S92,S80,S91,,,,,,,,,,,,,,,S95,,,,,,,,,,,,,,,,,,,,,,,,,,,,,,,,,,,,,,,,,,,,S621,S90,S83,S77,S79,S70,S74,S71,S87,S93,S76,S75,S88,S89,S84,,,S65,,,,,,,,,S78
S586,,,R51,,R51,,,,,,,,,,R51,,R51,R51,R51,R51,R51,R51,R51,R51,R51,R51,R51,R51,,R51,R51,R51,R51,R51,,R51,,,,,,,,R51,R51,,,,,,,,,,,,,,,,,,,,,,,,,,,,,,,,,,,,,,,,,,,,,,,,,,,,,,,,,,,,,,,,,,,,,,,,,,,,,,,,,,,,,,,
S587,,,R16,,R16,,,,,,,,,,R16,,R16,R16,R16,R16,R16,R16,R16,R16,R16,R16,R16,R16,,R16,R16,R16,R16,R16,,R16,,,,,,,,R16,R16,,,,,,,,,,,,,,,,,,,,,,,,,,,,,,,,,,,,,,,,,,,,,,,,,,,,,,,,,,,,,,,,,,,,,,,,,,,,,,,,,,,,,,,
S588,,,,,,,,,,,,,S622,,,,,,,,,,,,,,,,,,,,,,,,,,,,,,,,,,,,,,,,,,,,,,,,,,,,,,,,,,,,,,,,,,,,,,,,,,,,,,,,,,,,,,,,,,,,,,,,,,,,,,,,,,,,,,,,,,,,,,,
S589,,,R57,,R57,,,,,,,,,,R57,,R57,R57,R57,R57,R57,R57,R57,R57,R57,R57,R57,R57,,R57,R57,R57,R57,R57,,R57,,,,,,,,R57,R57,,,,,,,,,,,,,,,,,,,,,,,,,,,,,,,,,,,,,,,,,,,,,,,,,,,,,,,,,,,,,,,,,,,,,,,,,,,,,,,,,,,,,,,
S590,,,R56,,R56,,,,,,,,,,R56,,R56,R56,R56,R56,R56,R56,R56,R56,R56,R56,R56,R56,,R56,R56,R56,R56,R56,,R56,,,,,,,,R56,R56,,,,,,,,,,,,,,,,,,,,,,,,,,,,,,,,,,,,,,,,,,,,,,,,,,,,,,,,,,,,,,,,,,,,,,,,,,,,,,,,,,,,,,,
S591,,,,,,S623,,,,,,,,,,,,,,,,,,,,,,,,,,,,,,,,,,,,,,,,,,,,,,,,,,,,,,,,,,,,,,,,,,,,,,,,,,,,,,,,,,,,,,,,,,,,,,,,,,,,,,,,,,,,,,,,,,,,,,,,,,,,,,
S592,,,,,,S624,,,,,,,,,,,,,,,,,,,,,,,,,,,,,,,,,,,,,,,,,,,,,,,,,,,,,,,,,,,,,,,,,,,,,,,,,,,,,,,,,,,,,,,,,,,,,,,,,,,,,,,,,,,,,,,,,,,,,,,,,,,,,,
S593,,,R18,,R18,,,,,,,,,,R18,,R18,R18,R18,R18,R18,R18,R18,R18,R18,R18,R18,R18,,R18,R18,R18,R18,R18,,R18,,,,,,,,R18,R18,,,,,,,,,,,,,,,,,,,,,,,,,,,,,,,,,,,,,,,,,,,,,,,,,,,,,,,,,,,,,,,,,,,,,,,,,,,,,,,,,,,,,,,
S594,,,,,,,,,,,,,S625,,,,,,,,,,,,,,,,,,,,,,,,,,,,,,,,,,,,,,,,,,,,,,,,,,,,,,,,,,,,,,,,,,,,,,,,,,,,,,,,,,,,,,,,,,,,,,,,,,,,,,,,,,,,,,,,,,,,,,,
S595,,,,,,,,,,,,,,,,,S8,S11,S10,S7,S14,S9,,,,,,,,,,,,,,,,,,,,,,,,,,,,,,,,,,,,,,,,,,,,,,,,,,,,,,,,,,,,,,,,,,,,,,S626,,,,,,,,,,,,,,,,,,,,,,,,,,,,,,,,,,,,,,,,
S596,,,,,,,,,,,,,S627,,,,,,,,,,,,,,,,,,,,,,,,,,,,,,,,,,,,,,,,,,,,,,,,,,,,,,,,,,,,,,,,,,,,,,,,,,,,,,,,,,,,,,,,,,,,,,,,,,,,,,,,,,,,,,,,,,,,,,,
S597,,,,,,S628,,,,,,,,,,,,,,,,,,,,,,,,,,,,,,,,,,,,,,,,,,,,,,,,,,,,,,,,,,,,,,,,,,,,,,,,,,,,,,,,,,,,,,,,,,,,,,,,,,,,,,,,,,,,,,,,,,,,,,,,,,,,,,
S598,,,,,S105,,,,S629,,,,,,,,,,,,,,,,,,,,,,,,,,,,,,,,,,,,,,,,,,,,,,,,,,,,,,,,,,,,,,,,,,,,,S630,S104,,,,,,,,,,,,,,,,,,,,,,,,,,,,,,,,,,,,,,,,,,,,,,,,,,,,,
S599,,,R17,,R17,,,,,,,,,,R17,,R17,R17,R17,R17,R17,R17,R17,R17,R17,R17,R17,R17,,R17,R17,R17,R17,R17,,R17,,,,,,,,R17,R17,,,,,,,,,,,,,,,,,,,,,,,,,,,,,,,,,,,,,,,,,,,,,,,,,,,,,,,,,,,,,,,,,,,,,,,,,,,,,,,,,,,,,,,
S600,,,,,,S631,,,,,,,,,,,,,,,,,,,,,,,,,,,,,,,,,,,,,,,,,,,,,,,,,,,,,,,,,,,,,,,,,,,,,,,,,,,,,,,,,,,,,,,,,,,,,,,,,,,,,,,,,,,,,,,,,,,,,,,,,,,,,,
S601,,,R49,,R49,,,,,,,,,,R49,,R49,R49,R49,R49,R49,R49,R49,R49,R49,R49,R49,R49,,R49,R49,R49,R49,R49,,R49,,,,,,,,R49,R49,,,,,,,,,,,,,,,,,,,,,,,,,,,,,,,,,,,,,,,,,,,,,,,,,,,,,,,,,,,,,,,,,,,,,,,,,,,,,,,,,,,,,,,
S602,,,,,,,,,,,,,S632,,,,,,,,,,,,,,,,,,,,,,,,,,,,,,,,,,,,,,,,,,,,,,,,,,,,,,,,,,,,,,,,,,,,,,,,,,,,,,,,,,,,,,,,,,,,,,,,,,,,,,,,,,,,,,,,,,,,,,,
S603,,,R55,,R55,,,,,,,,,,R55,,R55,R55,R55,R55,R55,R55,R55,R55,R55,R55,R55,R55,,R55,R55,R55,R55,R55,,R55,,,,,,,,R55,R55,,,,,,,,,,,,,,,,,,,,,,,,,,,,,,,,,,,,,,,,,,,,,,,,,,,,,,,,,,,,,,,,,,,,,,,,,,,,,,,,,,,,,,,
S604,,,,,,,,,,,,,S633,,,,,,,,,,,,,,,,,,,,,,,,,,,,,,,,,,,,,,,,,,,,,,,,,,,,,,,,,,,,,,,,,,,,,,,,,,,,,,,,,,,,,,,,,,,,,,,,,,,,,,,,,,,,,,,,,,,,,,,
S605,,,R58,,R58,,,,,,,,,,R58,,R58,R58,R58,R58,R58,R58,R58,R58,R58,R58,R58,R58,,R58,R58,R58,R58,R58,,R58,,,,,,,,R58,R58,,,,,,,,,,,,,,,,,,,,,,,,,,,,,,,,,,,,,,,,,,,,,,,,,,,,,,,,,,,,,,,,,,,,,,,,,,,,,,,,,,,,,,,
S606,,,,,,,,,,,,,,,,,S8,S11,S10,S7,S14,S9,,,,,,,,,,,,,,,,,,,,,,,,,,,,,,,,,,,,,,,,,,,,,,,,,,,,,,,,,,,,,,,,,,,,,,S634,,,,,,,,,,,,,,,,,,,,,,,,,,,,,,,,,,,,,,,,
S607,,S635,,,,,,,,,,,,,,,,,,,,,,,,,,,,,,,,,,,,,,,,,,,,,,,,,,,,,,,,,,,,,,,,,,,,,,,,,,,,,,,,,,,,,,,,,,,,,,,,,,,,,,,,,,,,,,,,,,,,,,,,,,,,,,,,,,
S608,,,,,,,,R39,,,,,R39,,,,,,,,,,,,,,,,,,,,,,,,,,,,,,,,,,,,,,,,,,,,,,,,,,,,,,,,,,,,,,,,,,,,,,,,,,,,,,,,,,,,,,,,,,,,,,,,,,,,,,,,,,,,,,,,,,,,,,,
S609,,S638,,,,,,,,,,,,,,,,,,,,,,,,,,,,,,,,,,,,,,,,,,,,,,,,,,,,,,,,,,,,,,,,,,,,,,,,,,,,,,,,,,,,,S637,,,,S636,,,,,,,,,,,,,,,,,,,,,,,,,,,,,,,,,,,,,,,,,
S610,,,,,,,S639,,,,,,,,,,,,,,,,,,,,,,,,,,,,,,,,,,,,,,,,,,,,,,,,,,,,,,,,,,,,,,,,,,,,,,,,,,,,,,,,,,,,,,,,,,,,,,,,,,,,,,,,,,,,,,,,,,,,,,,,,,,,,
S611,,,R110,,,,,R110,,,,,,,,,,,,,,,,,,,,,,,,,,,,,,,,,R110,R110,R110,,,,,,,,,,,,,,,,,,,R110,R110,R110,R110,R110,,,,,,,,,,,,,,,,,,,,,,,,,,,,,,,,,,,,,,,,,,,,,,,,,,,,,,,,,,,,,,,,,,
S612,,,R99,,,,,R99,,,,,,,,,,,,,,,,,,,,,,,,,,,,,,,,,,,,,,,,,,,,,,,,,,,,,,R99,R99,R99,R99,R99,,,,,,,,,,,,,,,,,,,,,,,,,,,,,,,,,,,,,,,,,,,,,,,,,,,,,,,,,,,,,,,,,,
S613,,,,,,,S640,,,,,,,,,,,,,,,,,,,,,,,,,,,,,,,,,,,,,,,,,,,,,,,,,,,,,,,,,,,,,,,,,,,,,,,,,,,,,,,,,,,,,,,,,,,,,,,,,,,,,,,,,,,,,,,,,,,,,,,,,,,,,
S614,,,R97,,,,,R97,,,,,,,,,,,,,,,,,,,,,,,,,,,,,,,,,,,,,,,,,,,,,,,,,,,,,,R97,R97,S174,S176,S173,,,,,,,,,,,,,,,,,,,,,,,,,,,,,,,,,,,,,,,,,,,,,,,,,,,,,,,,,,,,,,,,,S572,
S615,,,R36,,,,,R36,,,,,,,,,,,,,,,,,,,,,,,,,,,,,,,,,,,,,,,,,,,,,,,,,,,,,,S179,S180,,,,,,,,,,,,,,,,,,,,,,,,,,,,,,,,,,,,,,,,,,,,,,,,,,,,,,,,,,,,,,,,,,,S574,,
S616,,,R101,,,,,R101,,,,,,,,,,,,,,,,,,,,,,,,,,,,,,,,,,,,,,,,,,,,,,,,,,,,,,R101,R101,R101,R101,R101,,,,,,,,,,,,,,,,,,,,,,,,,,,,,,,,,,,,,,,,,,,,,,,,,,,,,,,,,,,,,,,,,,
S617,,,,,,,,,,,S641,,,,,,,,,,,,,,,,,,,,,,,,,,,,,,,,,,,,,,,,,,,,,,,,,,,,,,,,,,,,,,,,,,,,,,,,,,,,,,,,,,,,,,,,,,,,,,,,,,,,,,,,,,,,,,,,,,,,,,,,,
S618,,,,,,,S642,,,,,,,,,,,,,,,,,,,,,,,,,,,,,,,,,,,,,,,,,,,,,,,,,,,,,,,,,,,,,,,,,,,,,,,,,,,,,,,,,,,,,,,,,,,,,,,,,,,,,,,,,,,,,,,,,,,,,,,,,,,,,
S619,,,R65,,R65,,,,,,,,,,R65,,R65,R65,R65,R65,R65,R65,R65,R65,R65,R65,R65,R65,,R65,R65,R65,R65,,,,,,,,,,,R65,R65,,,,,,,,,,,,,,,,,,,,,,,,,,,,,,,,,,,,,,,,,,,,,,,,,,,,,,,,,,,,,,,,,,,,,,,,,,,,,,,,,,,,,,,
S620,,,,,S132,,,,,,,,,,S134,,S55,S31,S49,S36,S60,S29,,,,,,,,,,,,,,,,,,,,,,,,,,,,,,,,,,,,,,,,,,,,,,,,,,,,,,S129,S130,,,S128,,,S131,,,,,,,,,S136,,,,,,,S643,,,,,,S133,,,,,,,,,,,,,S53,,,,,,,,,,,,,,
S621,,,,,,,,,,,,,S644,,,,,,,,,,,,,,,,,,,,,,,,,,,,,,,,,,,,,,,,,,,,,,,,,,,,,,,,,,,,,,,,,,,,,,,,,,,,,,,,,,,,,,,,,,,,,,,,,,,,,,,,,,,,,,,,,,,,,,,
S622,,,R60,,R60,,,,,,,,,,R60,,R60,R60,R60,R60,R60,R60,R60,R60,R60,R60,R60,R60,,R60,R60,R60,R60,R60,,R60,,,,,,,,R60,R60,,,,,,,,,,,,,,,,,,,,,,,,,,,,,,,,,,,,,,,,,,,,,,,,,,,,,,,,,,,,,,,,,,,,,,,,,,,,,,,,,,,,,,,
S623,,,,,S144,S141,,,,,,,,,,S153,,,,,,,,,,,,,,,,,,,,,S140,S164,S152,S156,,S86,S72,S139,S161,S151,S162,,,,,,,,,,,,,,,S95,,,,,,,,,,,,,,,,,,,,,,,,,,,,,,,,,,,,,,,,,,,,S645,S160,S154,S148,S150,S142,S145,S143,S157,S163,S147,S146,S158,S159,S155,,,S137,,,,,,,,,S149
S624,,,,,S144,S141,,,,,,,,,,S153,,,,,,,,,,,,,,,,,,,,,S140,S164,S152,S156,,S86,S72,S139,S161,S151,S162,,,,,,,,,,,,,,,S95,,,,,,,,,,,,,,,,,,,,,,,,,,,,,,,,,,,,,,,,,,,,S646,S160,S154,S148,S150,S142,S145,S143,S157,S163,S147,S146,S158,S159,S155,,,S137,,,,,,,,,S149
S625,,,R52,,R52,,,,,,,,,,R52,,R52,R52,R52,R52,R52,R52,R52,R52,R52,R52,R52,R52,,R52,R52,R52,R52,R52,,R52,,,,,,,,R52,R52,,,,,,,,,,,,,,,,,,,,,,,,,,,,,,,,,,,,,,,,,,,,,,,,,,,,,,,,,,,,,,,,,,,,,,,,,,,,,,,,,,,,,,,
S626,,,,,S230,,,,,,,,,,,,,,,,,,,,,,,,,,,,,,,,,,,,,,,,,,,,,,,,,,,,,,,,,,,,,,,,,,,,,,,,,,,,S647,S228,,,,,,,,,,,,,,,,,,,,,,,,,,,,,,,,,,,,,,,,,,,,,,,,,,
S627,,,R61,,R61,,,,,,,,,,R61,,R61,R61,R61,R61,R61,R61,R61,R61,R61,R61,R61,R61,,R61,R61,R61,R61,R61,,R61,,,,,,,,R61,R61,,,,,,,,,,,,,,,,,,,,,,,,,,,,,,,,,,,,,,,,,,,,,,,,,,,,,,,,,,,,,,,,,,,,,,,,,,,,,,,,,,,,,,,
S628,,,,,S144,S141,,,,,,,,,,S153,,,,,,,,,,,,,,,,,,,,,S140,S164,S152,S156,,S86,S72,S139,S161,S151,S162,,,,,,,,,,,,,,,S95,,,,,,,,,,,,,,,,,,,,,,,,,,,,,,,,,,,,,,,,,,,,S648,S160,S154,S148,S150,S142,S145,S143,S157,S163,S147,S146,S158,S159,S155,,,S137,,,,,,,,,S149
S629,,,,,S236,,,,,,,,,,,,,,,,,,,,,,,,,,,,,,,,,,,,,,,,,,,,,,,,,,,,,,,,,,,,,,,,,,,,,,,,,,,,,,,S649,S237,S234,,,S235,,,,,,,,,,,,,,,,,,,,,,,,,,,,,,,,,,,,,,,,,,,
S630,,,,,,,,S238,,,,,S650,,,,,,,,,,,,,,,,,,,,,,,,,,,,,,,,,,,,,,,,,,,,,,,,,,,,,,,,,,,,,,,,,,,,,,,,,,,,,,,,,,,,,,,,,,,,,,,,,,,,,,,,,,,,,,,,,,,,,,,
S631,,,,,S144,S141,,,,,,,,,,S153,,,,,,,,,,,,,,,,,,,,,S140,S164,S152,S156,,S86,S72,S139,S161,S151,S162,,,,,,,,,,,,,,,S95,,,,,,,,,,,,,,,,,,,,,,,,,,,,,,,,,,,,,,,,,,,,S651,S160,S154,S148,S150,S142,S145,S143,S157,S163,S147,S146,S158,S159,S155,,,S137,,,,,,,,,S149
S632,,,R53,,R53,,,,,,,,,,R53,,R53,R53,R53,R53,R53,R53,R53,R53,R53,R53,R53,R53,,R53,R53,R53,R53,R53,,R53,,,,,,,,R53,R53,,,,,,,,,,,,,,,,,,,,,,,,,,,,,,,,,,,,,,,,,,,,,,,,,,,,,,,,,,,,,,,,,,,,,,,,,,,,,,,,,,,,,,,
S633,,,R54,,R54,,,,,,,,,,R54,,R54,R54,R54,R54,R54,R54,R54,R54,R54,R54,R54,R54,,R54,R54,R54,R54,R54,,R54,,,,,,,,R54,R54,,,,,,,,,,,,,,,,,,,,,,,,,,,,,,,,,,,,,,,,,,,,,,,,,,,,,,,,,,,,,,,,,,,,,,,,,,,,,,,,,,,,,,,
S634,,,,,S652,,,,,,,,,,,,,,,,,,,,,,,,,,,,,,,,,,,,,,,,,,,,,,,,,,,,,,,,,,,,,,,,,,,,,,,,,,,,,,,,,,,,,,,,,,,,,,,,,,,,,,,,,,,,,,,,,,,,,,,,,,,,,,,
S635,,,R50,,R50,,,,,,,,,,R50,,R50,R50,R50,R50,R50,R50,R50,R50,R50,R50,R50,R50,,R50,R50,R50,R50,,,,,,,,,,,R50,R50,,,,,,,,,,,,,,,,,,,,,,,,,,,,,,,,,,,,,,,,,,,,,,,,S653,,,,,,,,,,,,,,,,,,,,,,,,,,,,,,,,,,,,,,,
S636,,,S655,,,,,S654,,,,,,,,,,,,,,,,,,,,,,,,,,,,,,,,,,,,,,,,,,,,,,,,,,,,,,,,,,,,,,,,,,,,,,,,,,,,,,,,,,,,,,,,,,,,,,,,,,,,,,,,,,,,,,,,,,,,,,,,,,,,
S637,,,R42,,,,,R42,,,,,,,,,,,,,,,,,,,,,,,,,,,,,,,,,,,,,,,,,,,,,,,,,,,,,,,,,,,,,,,,,,,,,,,,,,,,,,,,,,,,,,,,,,,,,,,,,,,,,,,,,,,,,,,,,,,,,,,,,,,,
S638,,,,,S547,S545,,,,,,,,,,S555,,,,,,,,,,,,,,,,,,,,,S544,S564,S554,S557,,S86,S72,S543,S562,S553,S561,,,,,,,,,,,,,,,S95,,,,,,,,,,,,,,,,,,,,,,,,,,S656,,,,,,,,,,,,,,,,,,,,,,,,S548,S546,S558,S563,S551,S549,S559,S560,S556,,,S542,,,,,,,,,S552
S639,,,R116,,,,,R116,,,,,,,,,,,,,,,,,,,,,,,,,,,,,,,,,R116,R116,R116,,,,,,,,,,,,,,,,,,,R116,R116,R116,R116,R116,,,,,,,,,,,,,,,,,,,,,,,,,,,,,,,,,,,,,,,,,,,,,,,,,,,,,,,,,,,,,,,,,,
S640,,,R115,,,,,R115,,,,,,,,,,,,,,,,,,,,,,,,,,,,,,,,,R115,R115,R115,,,,,,,,,,,,,,,,,,,R115,R115,R115,R115,R115,,,,,,,,,,,,,,,,,,,,,,,,,,,,,,,,,,,,,,,,,,,,,,,,,,,,,,,,,,,,,,,,,,
S641,,,R113,,,,,R113,,R113,,,,,,,,,,,,,,,,,,,,,,,,,,,,,,,R113,R113,R113,,,,,,,,,,,,,,,,,,,R113,R113,R113,R113,R113,,,,,,,,,,,,,,,,,,,,,,,,,,,,,,,,,,,,,,,,,,,,,,,,,,,,,,,,,,,,,,,,,,
S642,,,R117,,,,,R117,,,,,,,,,,,,,,,,,,,,,,,,,,,,,,,,,R117,R117,R117,,,,,,,,,,,,,,,,,,,R117,R117,R117,R117,R117,,,,,,,,,,,,,,,,,,,,,,,,,,,,,,,,,,,,,,,,,,,,,,,,,,,,,,,,,,,,,,,,,,
S643,,,,,S73,S69,,,,,,,,,,S82,,,,,,,,,,,,,,,,,,,,,S68,S94,S81,S85,,S86,S72,S67,S92,S80,S91,,,,,,,,,,,,,,,S95,,,,,,,,,,,,,,,,,,,,,,,,,,,,,,,,,,,,,,,,,,,,S657,S90,S83,S77,S79,S70,S74,S71,S87,S93,S76,S75,S88,S89,S84,,,S65,,,,,,,,,S78
S644,,,R59,,R59,,,,,,,,,,R59,,R59,R59,R59,R59,R59,R59,R59,R59,R59,R59,R59,R59,,R59,R59,R59,R59,R59,,R59,,,,,,,,R59,R59,,,,,,,,,,,,,,,,,,,,,,,,,,,,,,,,,,,,,,,,,,,,,,,,,,,,,,,,,,,,,,,,,,,,,,,,,,,,,,,,,,,,,,,
S645,,,,,,,S658,,,,,,,,,,,,,,,,,,,,,,,,,,,,,,,,,,,,,,,,,,,,,,,,,,,,,,,,,,,,,,,,,,,,,,,,,,,,,,,,,,,,,,,,,,,,,,,,,,,,,,,,,,,,,,,,,,,,,,,,,,,,,
S646,,,,,,,S659,,,,,,,,,,,,,,,,,,,,,,,,,,,,,,,,,,,,,,,,,,,,,,,,,,,,,,,,,,,,,,,,,,,,,,,,,,,,,,,,,,,,,,,,,,,,,,,,,,,,,,,,,,,,,,,,,,,,,,,,,,,,,
S647,,,,,,,,S333,,,,,S660,,,,,,,,,,,,,,,,,,,,,,,,,,,,,,,,,,,,,,,,,,,,,,,,,,,,,,,,,,,,,,,,,,,,,,,,,,,,,,,,,,,,,,,,,,,,,,,,,,,,,,,,,,,,,,,,,,,,,,,
S648,,,,,,,S661,,,,,,,,,,,,,,,,,,,,,,,,,,,,,,,,,,,,,,,,,,,,,,,,,,,,,,,,,,,,,,,,,,,,,,,,,,,,,,,,,,,,,,,,,,,,,,,,,,,,,,,,,,,,,,,,,,,,,,,,,,,,,
S649,,,,,,,,S365,,,,,S662,,,,,,,,,,,,,,,,,,,,,,,,,,,,,,,,,,,,,,,,,,,,,,,,,,,,,,,,,,,,,,,,,,,,,,,,,,,,,,,,,,,,,,,,,,,,,,,,,,,,,,,,,,,,,,,,,,,,,,,
S650,,,R19,,R19,,,,,,,,,,R19,,R19,R19,R19,R19,R19,R19,R19,R19,R19,R19,R19,R19,,R19,R19,R19,R19,R19,,R19,,,,,,,,R19,R19,,,,,,,,,,,,,,,,,,,,,,,,,,,,,,,,,,,,,,,,,,,,,,,,,,,,,,,,,,,,,,,,,,,,,,,,,,,,,,,,,,,,,,,
S651,,,,,,,S663,,,,,,,,,,,,,,,,,,,,,,,,,,,,,,,,,,,,,,,,,,,,,,,,,,,,,,,,,,,,,,,,,,,,,,,,,,,,,,,,,,,,,,,,,,,,,,,,,,,,,,,,,,,,,,,,,,,,,,,,,,,,,
S652,,,,,,,,,,,,,S664,,,,,,,,,,,,,,,,,,,,,,,,,,,,,,,,,,,,,,,,,,,,,,,,,,,,,,,,,,,,,,,,,,,,,,,,,,,,,,,,,,,,,,,,,,,,,,,,,,,,,,,,,,,,,,,,,,,,,,,
S653,,,S665,,S41,,,,,,,,,,S43,,S55,S31,S49,S36,S60,S29,S30,S34,S44,S58,S39,S48,,S45,S59,S27,S38,,,,,,,,,,,S28,S57,,,,,,,,,,,,,,,,,,,,,,,,,,,,,,,S32,S33,,,S47,,,S40,,,,,,,,,S46,,S50,S56,S52,,S37,,S35,,,,,S42,,,,,,,,,,,,,S53,S54,S51,,,,,,,,,,,,
S654,,S638,,,,,,,,,,,,,,,,,,,,,,,,,,,,,,,,,,,,,,,,,,,,,,,,,,,,,,,,,,,,,,,,,,,,,,,,,,,,,,,,,,,,,S666,,,,,,,,,,,,,,,,,,,,,,,,,,,,,,,,,,,,,,,,,,,,,
S655,,,,,,,,R40,,,,,R40,,,,,,,,,,,,,,,,,,,,,,,,,,,,,,,,,,,,,,,,,,,,,,,,,,,,,,,,,,,,,,,,,,,,,,,,,,,,,,,,,,,,,,,,,,,,,,,,,,,,,,,,,,,,,,,,,,,,,,,
S656,,,S667,,,,,S575,,,,,,,,,,,,,,,,,,,,,,,,,,,,,,,,,,,,,,,,,,,,,,,,,,,,,,,,,,,,,,,,,,,,,,,,,,,,,,,,,,,,,,,,,,,,,,,,,,,,,,,,,,,,,,,,,,,,,,,,,,,,
S657,,,,,,,,,,,,,S668,,,,,,,,,,,,,,,,,,,,,,,,,,,,,,,,,,,,,,,,,,,,,,,,,,,,,,,,,,,,,,,,,,,,,,,,,,,,,,,,,,,,,,,,,,,,,,,,,,,,,,,,,,,,,,,,,,,,,,,
S658,,S669,,,,,,,,,,,,,,,,,,,,,,,,,,,,,,,,,,,,,,,,,,,,,,,,,,,,,,,,,,,,,,,,,,,,,,,,,,,,,,,,,,,,,,,,,,,,,,,,,,,,,,,,,,,,,,,,,,,,,,,,,,,,,,,,,,
S659,,,,,,,,,,,,,S670,,,,,,,,,,,,,,,,,,,,,,,,,,,,,,,,,,,,,,,,,,,,,,,,,,,,,,,,,,,,,,,,,,,,,,,,,,,,,,,,,,,,,,,,,,,,,,,,,,,,,,,,,,,,,,,,,,,,,,,
S660,,,R24,,R24,,,,,,,,,,R24,,R24,R24,R24,R24,R24,R24,R24,R24,R24,R24,R24,R24,,R24,R24,R24,R24,R24,,R24,,,,,,,,R24,R24,,,,,,,,,,,,,,,,,,,,,,,,,,,,,,,,,,,,,,,,,,,,,,,,,,,,,,,,,,,,,,,,,,,,,,,,,,,,,,,,,,,,,,,
S661,,S671,,,,,,,,,,,,,,,,,,,,,,,,,,,,,,,,,,,,,,,,,,,,,,,,,,,,,,,,,,,,,,,,,,,,,,,,,,,,,,,,,,,,,,,,,,,,,,,,,,,,,,,,,,,,,,,,,,,,,,,,,,,,,,,,,,
S662,,,R28,,R28,,,,,,,,,,R28,,R28,R28,R28,R28,R28,R28,R28,R28,R28,R28,R28,R28,,R28,R28,R28,R28,R28,,R28,,,,,,,,R28,R28,,,,,,,,,,,,,,,,,,,,,,,,,,,,,,,,,,,,,,,,,,,,,,,,,,,,,,,,,,,,,,,,,,,,,,,,,,,,,,,,,,,,,,,
S663,,S672,,,,,,,,,,,,,,,,,,,,,,,,,,,,,,,,,,,,,,,,,,,,,,,,,,,,,,,,,,,,,,,,,,,,,,,,,,,,,,,,,,,,,,,,,,,,,,,,,,,,,,,,,,,,,,,,,,,,,,,,,,,,,,,,,,
S664,,,R62,,R62,,,,,,,,,,R62,,R62,R62,R62,R62,R62,R62,R62,R62,R62,R62,R62,R62,,R62,R62,R62,R62,R62,,R62,,,,,,,,R62,R62,,,,,,,,,,,,,,,,,,,,,,,,,,,,,,,,,,,,,,,,,,,,,,,,,,,,,,,,,,,,,,,,,,,,,,,,,,,,,,,,,,,,,,,
S665,,,,,,,,,,,,,,,,,,,,,,,,,,,,,,S673,,,,,,,,,,,,,,,,,,,,,,,,,,,,,,,,,,,,,,,,,,,,,,,,,,,,,,,,,,,,,,,,,,,,,,,,,,,,,,,,,,,,,,,,,,,,,,,,,,,,,,
S666,,,R41,,,,,R41,,,,,,,,,,,,,,,,,,,,,,,,,,,,,,,,,,,,,,,,,,,,,,,,,,,,,,,,,,,,,,,,,,,,,,,,,,,,,,,,,,,,,,,,,,,,,,,,,,,,,,,,,,,,,,,,,,,,,,,,,,,,
S667,,,R35,,,,,R35,,,,,,,,,,,,,,,,,,,,,,,,,,,,,,,,,,,,,,,,,,,,,,,,,,,,,,,,,,,,,,,,,,,,,,,,,,,,,,,,,,,,,,,,,,,,,,,,,,,,,,,,,,,,,,,,,,,,,,,,,,,,
S668,,,,,S132,,,,,,,,,,,,,,,,,,,,,,,,,,,,,,,,,,,,,,,,,,,,,,,,,,,,,,,,,,,,,,,,,,,,,,,,,,,,,,,,,,,,,,,,,,,,,,,,,,,,S674,,,,,,,,,,,,,S470,,,,,,,,,,,,,,
S669,,,R74,,,,,,,,,,,,,,,,,,,,,,,,,,,,,,,R74,,R74,,,,,,,,,,,,,,,,,,,,,,,,,,,,,,,,,,,,,,,,,,,,,,,,,,,,,,,,,,,,,,,,,S675,,,,,,,,,,,,,,,,,,,,,,,,,,,,,,,
S670,,,R63,,R63,,,,,,,,,,R63,,R63,R63,R63,R63,R63,R63,R63,R63,R63,R63,R63,R63,,R63,R63,R63,R63,R63,,R63,,,,,,,,R63,R63,,,,,,,,,,,,,,,,,,,,,,,,,,,,,,,,,,,,,,,,,,,,,,,,,,,,,,,,,,,,,,,,,,,,,,,,,,,,,,,,,,,,,,,
S671,,,R50,,R50,,,,,,,,,,R50,,R50,R50,R50,R50,R50,R50,R50,R50,R50,R50,R50,R50,,R50,R50,R50,R50,,,,,,,,,,,R50,R50,,,,,,,,,,,,,,,,,,,,,,,,,,,,,,,,,,,,,,,,,,,,,,,,S676,,,,,,,,,,,,,,,,,,,,,,,,,,,,,,,,,,,,,,,
S672,,,R50,,R50,,,,,,,,,,R50,,R50,R50,R50,R50,R50,R50,R50,R50,R50,R50,R50,R50,,R50,R50,R50,R50,,,,,,,,,,,R50,R50,,,,,,,,,,,,,,,,,,,,,,,,,,,,,,,,,,,,,,,,,,,,,,,,S677,,,,,,,,,,,,,,,,,,,,,,,,,,,,,,,,,,,,,,,
S673,,,,,,S678,,,,,,,,,,,,,,,,,,,,,,,,,,,,,,,,,,,,,,,,,,,,,,,,,,,,,,,,,,,,,,,,,,,,,,,,,,,,,,,,,,,,,,,,,,,,,,,,,,,,,,,,,,,,,,,,,,,,,,,,,,,,,,
S674,,,,,,,S679,,,,,,,,,,,,,,,,,,,,,,,,,,,,,,,,,,,,,,,,,,,,,,,,,,,,,,,,,,,,,,,,,,,,,,,,,,,,,,,,,,,,,,,,,,,,,,,,,,,,,,,,,,,,,,,,,,,,,,,,,,,,,
S675,,,R77,,,,,,,,,,,,,,,,,,,,,,,,,,,,,,,S507,,S510,,,,,,,,,,,,,,,,,,,,,,,,,,,,,,,,,,,,,,,,,,,,,,,,,,,,,,,,,,,,,,,,,,S509,S680,,,,,,,,,,,,,,,,,,,,,,,,,,,,,
S676,,,S681,,S41,,,,,,,,,,S43,,S55,S31,S49,S36,S60,S29,S30,S34,S44,S58,S39,S48,,S45,S59,S27,S38,,,,,,,,,,,S28,S57,,,,,,,,,,,,,,,,,,,,,,,,,,,,,,,S32,S33,,,S47,,,S40,,,,,,,,,S46,,S50,S56,S52,,S37,,S35,,,,,S42,,,,,,,,,,,,,S53,S54,S51,,,,,,,,,,,,
S677,,,S682,,S41,,,,,,,,,,S43,,S55,S31,S49,S36,S60,S29,S30,S34,S44,S58,S39,S48,,S45,S59,S27,S38,,,,,,,,,,,S28,S57,,,,,,,,,,,,,,,,,,,,,,,,,,,,,,,S32,S33,,,S47,,,S40,,,,,,,,,S46,,S50,S56,S52,,S37,,S35,,,,,S42,,,,,,,,,,,,,S53,S54,S51,,,,,,,,,,,,
S678,,,,,S144,S141,,,,,,,,,,S153,,,,,,,,,,,,,,,,,,,,,S140,S164,S152,S156,,S86,S72,S139,S161,S151,S162,,,,,,,,,,,,,,,S95,,,,,,,,,,,,,,,,,,,,,,,,,,,,,,,,,,,,,,,,,,,,S683,S160,S154,S148,S150,S142,S145,S143,S157,S163,S147,S146,S158,S159,S155,,,S137,,,,,,,,,S149
S679,,S684,,,,,,,,,,,,,,,,,,,,,,,,,,,,,,,,,,,,,,,,,,,,,,,,,,,,,,,,,,,,,,,,,,,,,,,,,,,,,,,,,,,,,,,,,,,,,,,,,,,,,,,,,,,,,,,,,,,,,,,,,,,,,,,,,,
S680,,,S685,,,,,,,,,,,,,,,,,,,,,,,,,,,,,,,,,,,,,,,,,,,,,,,,,,,,,,,,,,,,,,,,,,,,,,,,,,,,,,,,,,,,,,,,,,,,,,,,,,,,,,,,,,,,,,,,,,,,,,,,,,,,,,,,,
S681,,,R67,,R67,,,,,,,,,,R67,,R67,R67,R67,R67,R67,R67,R67,R67,R67,R67,R67,R67,,R67,R67,R67,R67,R67,,R67,,,,,,,,R67,R67,,,,,,,,,,,,,,,,,,,,,,,,,,,,,,,,,,,,,,,,,,,,,,,,,,,,,,,,,,,,,,,,,,,,,,,,,,,,,,,,,,,,,,,
S682,,,R66,,R66,,,,,,,,,,R66,,R66,R66,R66,R66,R66,R66,R66,R66,R66,R66,R66,R66,S687,R66,R66,R66,R66,R66,,R66,,,,,,,,R66,R66,,,,,,,,,,,,,,,,,,,,,,,,,,,,,,,,,,,,,,,,,,,,,,,,,,,,S686,,,,,,,,,,,,,,,,,,,,,,,,,,,,,,,,,,,
S683,,,,,,,S688,,,,,,,,,,,,,,,,,,,,,,,,,,,,,,,,,,,,,,,,,,,,,,,,,,,,,,,,,,,,,,,,,,,,,,,,,,,,,,,,,,,,,,,,,,,,,,,,,,,,,,,,,,,,,,,,,,,,,,,,,,,,,
S684,,,R50,,R50,,,,,,,,,,R50,,R50,R50,R50,R50,R50,R50,R50,R50,R50,R50,R50,R50,,R50,R50,R50,R50,,,,,,,,,,,R50,R50,,,,,,,,,,,,,,,,,,,,,,,,,,,,,,,,,,,,,,,,,,,,,,,,S689,,,,,,,,,,,,,,,,,,,,,,,,,,,,,,,,,,,,,,,
S685,,,R72,,R72,,,,,,,,,,R72,,R72,R72,R72,R72,R72,R72,R72,R72,R72,R72,R72,R72,,R72,R72,R72,R72,R72,,R72,,,,,,,,R72,R72,,,,,,,,,,,,,,,,,,,,,,,,,,,,,,,,,,,,,,,,,,,,,,,,,,,,,,,,,,,,,,,,,,,,,,,,,,,,,,,,,,,,,,,
S686,,,R64,,R64,,,,,,,,,,R64,,R64,R64,R64,R64,R64,R64,R64,R64,R64,R64,R64,R64,,R64,R64,R64,R64,R64,,R64,,,,,,,,R64,R64,,,,,,,,,,,,,,,,,,,,,,,,,,,,,,,,,,,,,,,,,,,,,,,,,,,,,,,,,,,,,,,,,,,,,,,,,,,,,,,,,,,,,,,
S687,,S690,,,,,,,,,,,,,,,,,,,,,,,,,,,,,,,,,,,,,,,,,,,,,,,,,,,,,,,,,,,,,,,,,,,,,,,,,,,,,,,,,,,,,,,,,,,,,,,,,,,,,,,,,,,,,,,,,,,,,,,,,,,,,,,,,,
S688,,,,,,,,,,,,,S691,,,,,,,,,,,,,,,,,,,,,,,,,,,,,,,,,,,,,,,,,,,,,,,,,,,,,,,,,,,,,,,,,,,,,,,,,,,,,,,,,,,,,,,,,,,,,,,,,,,,,,,,,,,,,,,,,,,,,,,
S689,,,S692,,S41,,,,,,,,,,S43,,S55,S31,S49,S36,S60,S29,S30,S34,S44,S58,S39,S48,,S45,S59,S27,S38,,,,,,,,,,,S28,S57,,,,,,,,,,,,,,,,,,,,,,,,,,,,,,,S32,S33,,,S47,,,S40,,,,,,,,,S46,,S50,S56,S52,,S37,,S35,,,,,S42,,,,,,,,,,,,,S53,S54,S51,,,,,,,,,,,,
S690,,,R50,,R50,,,,,,,,,,R50,,R50,R50,R50,R50,R50,R50,R50,R50,R50,R50,R50,R50,,R50,R50,R50,R50,,,,,,,,,,,R50,R50,,,,,,,,,,,,,,,,,,,,,,,,,,,,,,,,,,,,,,,,,,,,,,,,S693,,,,,,,,,,,,,,,,,,,,,,,,,,,,,,,,,,,,,,,
S691,,,R68,,R68,,,,,,,,,,R68,,R68,R68,R68,R68,R68,R68,R68,R68,R68,R68,R68,R68,,R68,R68,R68,R68,R68,,R68,,,,,,,,R68,R68,,,,,,,,,,,,,,,,,,,,,,,,,,,,,,,,,,,,,,,,,,,,,,,,,,,,,,,,,,,,,,,,,,,,,,,,,,,,,,,,,,,,,,,
S692,,,R69,,R69,,,,,,,,,,R69,,R69,R69,R69,R69,R69,R69,R69,R69,R69,R69,R69,R69,,R69,R69,R69,R69,R69,,R69,,,,,,,,R69,R69,,,,,,,,,,,,,,,,,,,,,,,,,,,,,,,,,,,,,,,,,,,,,,,,,,,,,,,,,,,,,,,,,,,,,,,,,,,,,,,,,,,,,,,
S693,,,S694,,S41,,,,,,,,,,S43,,S55,S31,S49,S36,S60,S29,S30,S34,S44,S58,S39,S48,,S45,S59,S27,S38,,,,,,,,,,,S28,S57,,,,,,,,,,,,,,,,,,,,,,,,,,,,,,,S32,S33,,,S47,,,S40,,,,,,,,,S46,,S50,S56,S52,,S37,,S35,,,,,S42,,,,,,,,,,,,,S53,S54,S51,,,,,,,,,,,,
S694,,,R65,,R65,,,,,,,,,,R65,,R65,R65,R65,R65,R65,R65,R65,R65,R65,R65,R65,R65,,R65,R65,R65,R65,R65,,R65,,,,,,,,R65,R65,,,,,,,,,,,,,,,,,,,,,,,,,,,,,,,,,,,,,,,,,,,,,,,,,,,,,,,,,,,,,,,,,,,,,,,,,,,,,,,,,,,,,,,
