STATE,ACTIVATE,L_BRACE,R_BRACE,ACTION,IDENTIFIER,L_PAREN,R_PAREN,COMMA,CLUSTER,L_BRACKET,R_BRACKET,VOID,SEMICOLON,ASSIGN,INSTINCT,PULSE_LIT,PULSE,SPARK,STREAM,THOUGHT,NEURON,SYNAPSE,RECALL,FLOW,DORMANT,SENSE,EXPRESS,STIMULATE,INHIBIT,CYCLE,REACT,ECHO,EVALUATE,PATH,COLON,BASE,SPARK_LIT,STREAM_LIT,THOUGHT_LIT,NEURON_LIT,EXPONENT,INCREMENT,DECREMENT,LENGTH,TRANSCRIBE,TRUE,FALSE,PLUS_ASSIGN,MINUS_ASSIGN,MUL_ASSIGN,DIV_ASSIGN,MOD_ASSIGN,OR,XOR,AND,EQUAL_TO,NOT_EQUAL,GREATER,LESS,GREATER_EQ,LESS_EQ,PLUS,MINUS,STAR,SLASH,MOD,NOT,$,PROGRAM',PROGRAM,SUBROUTINE_LIST,SUBROUTINE,PARAMS,PARAM_LIST,PARAM_ITEM,REC_TYPE,DECLARATION,ID_DECL,ID_LIST,ID_INIT,CONST_DECL,CONST_LIST,CONST_INIT,CLUSTER_DECL,CLUSTER_LIST,CLUSTER_ITEM,CLUSTER_1D,1D_INIT,CLUSTER_1D_LIST,CLUSTER_2D,2D_INIT,CLUSTER_2D_LIST,DATA_TYPE,STATEMENT_LIST,STATEMENT,IO_STMT,CONDITIONAL_STMT,OPT_INHIBIT,LOOP_STMT,ECHO_INIT,SWITCH_STMT,CASE_LIST,CASE_ITEM,OPT_BASE,CASE_VALUE,ASSIGN_STMT,EXPR,LOGIC_OR,LOGIC_XOR,LOGIC_AND,REL_EQUAL,REL_EXPR,ADD_EXPR,MULT_EXPR,POW_EXPR,UNARY_EXPR,POSTFIX_EXPR,FACTOR,VARIABLE_ACCESS,SUBROUTINE_CALL,BUILTIN_CALL,ARG_LIST,ARGS,LITERAL,ASSIGN_OP,OR_OP,XOR_OP,AND_OP,RELEQ_OP,REL_OP,ADD_OP,MUL_OP,UNARY_OP
S0,R3,,,R3,,,,,,,,,,,,,,,,,,,,,,,,,,,,,,,,,,,,,,,,,,,,,,,,,,,,,,,,,,,,,,,,,,S1,S2,,,,,,,,,,,,,,,,,,,,,,,,,,,,,,,,,,,,,,,,,,,,,,,,,,,,,,,,,,,,,,
S1,,,,,,,,,,,,,,,,,,,,,,,,,,,,,,,,,,,,,,,,,,,,,,,,,,,,,,,,,,,,,,,,,,,,ACCEPT,,,,,,,,,,,,,,,,,,,,,,,,,,,,,,,,,,,,,,,,,,,,,,,,,,,,,,,,,,,,,,,,,
S2,S3,,,S4,,,,,,,,,,,,,,,,,,,,,,,,,,,,,,,,,,,,,,,,,,,,,,,,,,,,,,,,,,,,,,,,,,,,S5,,,,,,,,,,,,,,,,,,,,,,,,,,,,,,,,,,,,,,,,,,,,,,,,,,,,,,,,,,,,,
S3,,S6,,,,,,,,,,,,,,,,,,,,,,,,,,,,,,,,,,,,,,,,,,,,,,,,,,,,,,,,,,,,,,,,,,,,,,,,,,,,,,,,,,,,,,,,,,,,,,,,,,,,,,,,,,,,,,,,,,,,,,,,,,,,,,,,,,,
S4,,,,,,,,,S13,,,S12,,,,,S8,S11,S10,S7,S14,S9,,,,,,,,,,,,,,,,,,,,,,,,,,,,,,,,,,,,,,,,,,,,,,,,,,,,,,S15,,,,,,,,,,,,,,,,,S16,,,,,,,,,,,,,,,,,,,,,,,,,,,,,,,,,,,,,,,,
S5,R2,,,R2,,,,,,,,,,,,,,,,,,,,,,,,,,,,,,,,,,,,,,,,,,,,,,,,,,,,,,,,,,,,,,,,,,,,,,,,,,,,,,,,,,,,,,,,,,,,,,,,,,,,,,,,,,,,,,,,,,,,,,,,,,,,,,,,,
S6,,,R50,,R50,R50,,,,,,,,,R50,R50,R50,R50,R50,R50,R50,R50,R50,R50,R50,R50,R50,R50,,R50,R50,R50,R50,,,,R50,R50,R50,R50,,,,R50,R50,R50,R50,,,,,,,,,,,,,,,,,,,,,,,,,,,,,,,,,,,,,,,,,,,,,,,S17,,,,,,,,,,,,,,,,,,,,,,,,,,,,,,,,,,,,,,,
S7,,,,,R46,,,,,,,,,,,,,,,,,,,,,,,,,,,,,,,,,,,,,,,,,,,,,,,,,,,,,,,,,,,,,,,,,,,,,,,,,,,,,,,,,,,,,,,,,,,,,,,,,,,,,,,,,,,,,,,,,,,,,,,,,,,,,,,,
S8,,,,,R43,,,,,,,,,,,,,,,,,,,,,,,,,,,,,,,,,,,,,,,,,,,,,,,,,,,,,,,,,,,,,,,,,,,,,,,,,,,,,,,,,,,,,,,,,,,,,,,,,,,,,,,,,,,,,,,,,,,,,,,,,,,,,,,,
S9,,,,,R48,,,,,,,,,,,,,,,,,,,,,,,,,,,,,,,,,,,,,,,,,,,,,,,,,,,,,,,,,,,,,,,,,,,,,,,,,,,,,,,,,,,,,,,,,,,,,,,,,,,,,,,,,,,,,,,,,,,,,,,,,,,,,,,,
S10,,,,,R45,,,,,,,,,,,,,,,,,,,,,,,,,,,,,,,,,,,,,,,,,,,,,,,,,,,,,,,,,,,,,,,,,,,,,,,,,,,,,,,,,,,,,,,,,,,,,,,,,,,,,,,,,,,,,,,,,,,,,,,,,,,,,,,,
S11,,,,,R44,,,,,,,,,,,,,,,,,,,,,,,,,,,,,,,,,,,,,,,,,,,,,,,,,,,,,,,,,,,,,,,,,,,,,,,,,,,,,,,,,,,,,,,,,,,,,,,,,,,,,,,,,,,,,,,,,,,,,,,,,,,,,,,,
S12,,,,,R15,,,,,,,,,,,,,,,,,,,,,,,,,,,,,,,,,,,,,,,,,,,,,,,,,,,,,,,,,,,,,,,,,,,,,,,,,,,,,,,,,,,,,,,,,,,,,,,,,,,,,,,,,,,,,,,,,,,,,,,,,,,,,,,,
S13,,,,,,,,,,,,,,,,,S19,S22,S21,S18,S23,S20,,,,,,,,,,,,,,,,,,,,,,,,,,,,,,,,,,,,,,,,,,,,,,,,,,,,,,,,,,,,,,,,,,,,,,,S24,,,,,,,,,,,,,,,,,,,,,,,,,,,,,,,,,,,,,,,,
S14,,,,,R47,,,,,,,,,,,,,,,,,,,,,,,,,,,,,,,,,,,,,,,,,,,,,,,,,,,,,,,,,,,,,,,,,,,,,,,,,,,,,,,,,,,,,,,,,,,,,,,,,,,,,,,,,,,,,,,,,,,,,,,,,,,,,,,,
S15,,,,,S25,,,,,,,,,,,,,,,,,,,,,,,,,,,,,,,,,,,,,,,,,,,,,,,,,,,,,,,,,,,,,,,,,,,,,,,,,,,,,,,,,,,,,,,,,,,,,,,,,,,,,,,,,,,,,,,,,,,,,,,,,,,,,,,,
S16,,,,,R12,,,,,,,,,,,,,,,,,,,,,,,,,,,,,,,,,,,,,,,,,,,,,,,,,,,,,,,,,,,,,,,,,,,,,,,,,,,,,,,,,,,,,,,,,,,,,,,,,,,,,,,,,,,,,,,,,,,,,,,,,,,,,,,,
S17,,,S26,,S44,S33,,,,,,,,,S46,S57,S64,S34,S54,S39,S70,S30,S31,S37,S47,S68,S42,S53,,S48,S69,S27,S41,,,,S32,S71,S55,S61,,,,S29,S66,S56,S67,,,,,,,,,,,,,,,,,,,,,,,,,,,,,,S35,S36,,,S52,,,S43,,,,,,,,,S49,,S58,S65,S60,,S40,,S38,,,,,S45,,,,,,,,,,,S51,S50,S62,S63,S59,,,S28,,,,,,,,,
S18,,,,,,,,,,R46,,,,,,,,,,,,,,,,,,,,,,,,,,,,,,,,,,,,,,,,,,,,,,,,,,,,,,,,,,,,,,,,,,,,,,,,,,,,,,,,,,,,,,,,,,,,,,,,,,,,,,,,,,,,,,,,,,,,,,,,,,,
S19,,,,,,,,,,R43,,,,,,,,,,,,,,,,,,,,,,,,,,,,,,,,,,,,,,,,,,,,,,,,,,,,,,,,,,,,,,,,,,,,,,,,,,,,,,,,,,,,,,,,,,,,,,,,,,,,,,,,,,,,,,,,,,,,,,,,,,,
S20,,,,,,,,,,R48,,,,,,,,,,,,,,,,,,,,,,,,,,,,,,,,,,,,,,,,,,,,,,,,,,,,,,,,,,,,,,,,,,,,,,,,,,,,,,,,,,,,,,,,,,,,,,,,,,,,,,,,,,,,,,,,,,,,,,,,,,,
S21,,,,,,,,,,R45,,,,,,,,,,,,,,,,,,,,,,,,,,,,,,,,,,,,,,,,,,,,,,,,,,,,,,,,,,,,,,,,,,,,,,,,,,,,,,,,,,,,,,,,,,,,,,,,,,,,,,,,,,,,,,,,,,,,,,,,,,,
S22,,,,,,,,,,R44,,,,,,,,,,,,,,,,,,,,,,,,,,,,,,,,,,,,,,,,,,,,,,,,,,,,,,,,,,,,,,,,,,,,,,,,,,,,,,,,,,,,,,,,,,,,,,,,,,,,,,,,,,,,,,,,,,,,,,,,,,,
S23,,,,,,,,,,R47,,,,,,,,,,,,,,,,,,,,,,,,,,,,,,,,,,,,,,,,,,,,,,,,,,,,,,,,,,,,,,,,,,,,,,,,,,,,,,,,,,,,,,,,,,,,,,,,,,,,,,,,,,,,,,,,,,,,,,,,,,,
S24,,,,,,,,,,S72,,,,,,,,,,,,,,,,,,,,,,,,,,,,,,,,,,,,,,,,,,,,,,,,,,,,,,,,,,,,,,,,,,,,,,,,,,,,,,,,,,,,,,,,,,,,,,,,,,,,,,,,,,,,,,,,,,,,,,,,,,,
S25,,,,,,S73,,,,,,,,,,,,,,,,,,,,,,,,,,,,,,,,,,,,,,,,,,,,,,,,,,,,,,,,,,,,,,,,,,,,,,,,,,,,,,,,,,,,,,,,,,,,,,,,,,,,,,,,,,,,,,,,,,,,,,,,,,,,,,,
S26,,,,,,,,,,,,,,,,,,,,,,,,,,,,,,,,,,,,,,,,,,,,,,,,,,,,,,,,,,,,,,,,,,,,R1,,,,,,,,,,,,,,,,,,,,,,,,,,,,,,,,,,,,,,,,,,,,,,,,,,,,,,,,,,,,,,,,,
S27,,,,,,S74,,,,,,,,,,,,,,,,,,,,,,,,,,,,,,,,,,,,,,,,,,,,,,,,,,,,,,,,,,,,,,,,,,,,,,,,,,,,,,,,,,,,,,,,,,,,,,,,,,,,,,,,,,,,,,,,,,,,,,,,,,,,,,,
S28,,,,,,,,,,,,,R108,,,,,,,,,,,,,,,,,,,,,,,,,,,,,R108,R108,,,,,,,,,,,,,,,,,,,,,,,,,,,,,,,,,,,,,,,,,,,,,,,,,,,,,,,,,,,,,,,,,,,,,,,,,,,,,,,,,,,,,,,,,,
S29,,,,,,S75,,,,,,,,,,,,,,,,,,,,,,,,,,,,,,,,,,,,,,,,,,,,,,,,,,,,,,,,,,,,,,,,,,,,,,,,,,,,,,,,,,,,,,,,,,,,,,,,,,,,,,,,,,,,,,,,,,,,,,,,,,,,,,,
S30,,,,,R48,,,,R48,,,,,,,,,,,,,,,,,,,,,,,,,,,,,,,,,,,,,,,,,,,,,,,,,,,,,,,,,,,,,,,,,,,,,,,,,,,,,,,,,,,,,,,,,,,,,,,,,,,,,,,,,,,,,,,,,,,,,,,,,,,,
S31,,,,,S85,S80,,,,,,,,,,S94,,,,,,,,,,,,,,,,,,,,,S79,S107,S92,S97,,S98,S83,S78,S105,S93,S104,,,,,,,,,,,,,,,S108,S84,,,,S99,,,,,,,,,,,,,,,,,,,,,,,,,,,,,,,,,,,,,,,,S77,S103,S95,S89,S91,S81,S86,S82,S100,S106,S88,S87,S101,S102,S96,,,S76,,,,,,,,,S90
S32,,,,,,,,,,,,,R122,,,,,,,,,,,,,,,,,,,,,,,,,,,,,R122,R122,,,,,,,,,,,,,,,,,,,,,,,,,,,,,,,,,,,,,,,,,,,,,,,,,,,,,,,,,,,,,,,,,,,,,,,,,,,,,,,,,,,,,,,,,,
S33,,,,,S116,S113,,,,,,,,,,S125,,,,,,,,,,,,,,,,,,,,,S112,S136,S124,S128,,S98,S83,S111,S134,S123,S133,,,,,,,,,,,,,,,S108,S84,,,,S99,,,,,,,,,,,,,,,,,,,,,,,,,,,,,,,,,,,,,,,,S110,S132,S126,S120,S122,S114,S117,S115,S129,S135,S119,S118,S130,S131,S127,,,S109,,,,,,,,,S121
S34,,,,,R44,,,,R44,,,,,,,,,,,,,,,,,,,,,,,,,,,,,,,,,,,,,,,,,,,,,,,,,,,,,,,,,,,,,,,,,,,,,,,,,,,,,,,,,,,,,,,,,,,,,,,,,,,,,,,,,,,,,,,,,,,,,,,,,,,,
S35,,,R51,,R51,R51,,,,,,,,,R51,R51,R51,R51,R51,R51,R51,R51,R51,R51,R51,R51,R51,R51,,R51,R51,R51,R51,,,,R51,R51,R51,R51,,,,R51,R51,R51,R51,,,,,,,,,,,,,,,,,,,,,,,,,,,,,,,,,,,,,,,,,,,,,,,,,,,,,,,,,,,,,,,,,,,,,,,,,,,,,,,,,,,,,,
S36,,,R16,,R16,R16,,,,,,,,,R16,R16,R16,R16,R16,R16,R16,R16,R16,R16,R16,R16,R16,R16,,R16,R16,R16,R16,,,,R16,R16,R16,R16,,,,R16,R16,R16,R16,,,,,,,,,,,,,,,,,,,,,,,,,,,,,,,,,,,,,,,,,,,,,,,,,,,,,,,,,,,,,,,,,,,,,,,,,,,,,,,,,,,,,,
S37,,,,,,,,,,,,,S137,,,,,,,,,,,,,,,,,,,,,,,,,,,,,,,,,,,,,,,,,,,,,,,,,,,,,,,,,,,,,,,,,,,,,,,,,,,,,,,,,,,,,,,,,,,,,,,,,,,,,,,,,,,,,,,,,,,,,,,,
S38,,,R58,,R58,R58,,,,,,,,,R58,R58,R58,R58,R58,R58,R58,R58,R58,R58,R58,R58,R58,R58,,R58,R58,R58,R58,,,,R58,R58,R58,R58,,,,R58,R58,R58,R58,,,,,,,,,,,,,,,,,,,,,,,,,,,,,,,,,,,,,,,,,,,,,,,,,,,,,,,,,,,,,,,,,,,,,,,,,,,,,,,,,,,,,,
S39,,,,,R46,,,,R46,,,,,,,,,,,,,,,,,,,,,,,,,,,,,,,,,,,,,,,,,,,,,,,,,,,,,,,,,,,,,,,,,,,,,,,,,,,,,,,,,,,,,,,,,,,,,,,,,,,,,,,,,,,,,,,,,,,,,,,,,,,,
S40,,,R57,,R57,R57,,,,,,,,,R57,R57,R57,R57,R57,R57,R57,R57,R57,R57,R57,R57,R57,R57,,R57,R57,R57,R57,,,,R57,R57,R57,R57,,,,R57,R57,R57,R57,,,,,,,,,,,,,,,,,,,,,,,,,,,,,,,,,,,,,,,,,,,,,,,,,,,,,,,,,,,,,,,,,,,,,,,,,,,,,,,,,,,,,,
S41,,,,,,S138,,,,,,,,,,,,,,,,,,,,,,,,,,,,,,,,,,,,,,,,,,,,,,,,,,,,,,,,,,,,,,,,,,,,,,,,,,,,,,,,,,,,,,,,,,,,,,,,,,,,,,,,,,,,,,,,,,,,,,,,,,,,,,,
S42,,,,,,S139,,,,,,,,,,,,,,,,,,,,,,,,,,,,,,,,,,,,,,,,,,,,,,,,,,,,,,,,,,,,,,,,,,,,,,,,,,,,,,,,,,,,,,,,,,,,,,,,,,,,,,,,,,,,,,,,,,,,,,,,,,,,,,,
S43,,,R18,,R18,R18,,,,,,,,,R18,R18,R18,R18,R18,R18,R18,R18,R18,R18,R18,R18,R18,R18,,R18,R18,R18,R18,,,,R18,R18,R18,R18,,,,R18,R18,R18,R18,,,,,,,,,,,,,,,,,,,,,,,,,,,,,,,,,,,,,,,,,,,,,,,,,,,,,,,,,,,,,,,,,,,,,,,,,,,,,,,,,,,,,,
S44,,,,,,S140,,,,R113,,,R113,R113,,,,,,,,,,,,,,,,,,,,,,,,,,,,R113,R113,,,,,R113,R113,R113,R113,R113,,,,,,,,,,,,,,,,,,,,,,,,,,,,,,,,,,,,,,,,,,,,,,,,,,,,,,,,,,,,,,,,,,,,,,,,,,,,,,,,,
S45,,,,,,,,,,,,,S141,,,,,,,,,,,,,,,,,,,,,,,,,,,,,,,,,,,,,,,,,,,,,,,,,,,,,,,,,,,,,,,,,,,,,,,,,,,,,,,,,,,,,,,,,,,,,,,,,,,,,,,,,,,,,,,,,,,,,,,,
S46,,,,,,,,,,,,,,,,,S8,S11,S10,S7,S14,S9,,,,,,,,,,,,,,,,,,,,,,,,,,,,,,,,,,,,,,,,,,,,,,,,,,,,,,,,,,,,,,,,,,,,,,,S142,,,,,,,,,,,,,,,,,,,,,,,,,,,,,,,,,,,,,,,,
S47,,,,,,,,,,,,,S143,,,,,,,,,,,,,,,,,,,,,,,,,,,,,,,,,,,,,,,,,,,,,,,,,,,,,,,,,,,,,,,,,,,,,,,,,,,,,,,,,,,,,,,,,,,,,,,,,,,,,,,,,,,,,,,,,,,,,,,,
S48,,,,,,S144,,,,,,,,,,,,,,,,,,,,,,,,,,,,,,,,,,,,,,,,,,,,,,,,,,,,,,,,,,,,,,,,,,,,,,,,,,,,,,,,,,,,,,,,,,,,,,,,,,,,,,,,,,,,,,,,,,,,,,,,,,,,,,,
S49,,,,,S146,,,,S147,,,,,,,,,,,,,,,,,,,,,,,,,,,,,,,,,,,,,,,,,,,,,,,,,,,,,,,,,,,,,,,,,,,,,,S148,S145,,,,,,,,,,,,,,,,,,,,,,,,,,,,,,,,,,,,,,,,,,,,,,,,,,,,,
S50,,,,,,,,,,,,,R106,,,,,,,,,,,,,,,,,,,,,,,,,,,,,R106,R106,,,,,,,,,,,,,,,,,,,,,,,,,,,,,,,,,,,,,,,,,,,,,,,,,,,,,,,,,,,,,,,,,,,,,,,,,,,,,,,,,,,,,,,,,,
S51,,,,,,,,,,,,,S150,,,,,,,,,,,,,,,,,,,,,,,,,,,,,S149,S151,,,,,,,,,,,,,,,,,,,,,,,,,,,,,,,,,,,,,,,,,,,,,,,,,,,,,,,,,,,,,,,,,,,,,,,,,,,,,,,,,,,,,,,,,,
S52,,,R17,,R17,R17,,,,,,,,,R17,R17,R17,R17,R17,R17,R17,R17,R17,R17,R17,R17,R17,R17,,R17,R17,R17,R17,,,,R17,R17,R17,R17,,,,R17,R17,R17,R17,,,,,,,,,,,,,,,,,,,,,,,,,,,,,,,,,,,,,,,,,,,,,,,,,,,,,,,,,,,,,,,,,,,,,,,,,,,,,,,,,,,,,,
S53,,,,,,S152,,,,,,,,,,,,,,,,,,,,,,,,,,,,,,,,,,,,,,,,,,,,,,,,,,,,,,,,,,,,,,,,,,,,,,,,,,,,,,,,,,,,,,,,,,,,,,,,,,,,,,,,,,,,,,,,,,,,,,,,,,,,,,,
S54,,,,,R45,,,,R45,,,,,,,,,,,,,,,,,,,,,,,,,,,,,,,,,,,,,,,,,,,,,,,,,,,,,,,,,,,,,,,,,,,,,,,,,,,,,,,,,,,,,,,,,,,,,,,,,,,,,,,,,,,,,,,,,,,,,,,,,,,,
S55,,,,,,,,,,,,,R124,,,,,,,,,,,,,,,,,,,,,,,,,,,,,R124,R124,,,,,,,,,,,,,,,,,,,,,,,,,,,,,,,,,,,,,,,,,,,,,,,,,,,,,,,,,,,,,,,,,,,,,,,,,,,,,,,,,,,,,,,,,,
S56,,,,,,,,,,,,,R126,,,,,,,,,,,,,,,,,,,,,,,,,,,,,R126,R126,,,,,,,,,,,,,,,,,,,,,,,,,,,,,,,,,,,,,,,,,,,,,,,,,,,,,,,,,,,,,,,,,,,,,,,,,,,,,,,,,,,,,,,,,,
S57,,,,,,,,,,,,,R121,,,,,,,,,,,,,,,,,,,,,,,,,,,,,R121,R121,,,,,,,,,,,,,,,,,,,,,,,,,,,,,,,,,,,,,,,,,,,,,,,,,,,,,,,,,,,,,,,,,,,,,,,,,,,,,,,,,,,,,,,,,,
S58,,,R49,,R49,R49,,,,,,,,,R49,R49,R49,R49,R49,R49,R49,R49,R49,R49,R49,R49,R49,R49,,R49,R49,R49,R49,,,,R49,R49,R49,R49,,,,R49,R49,R49,R49,,,,,,,,,,,,,,,,,,,,,,,,,,,,,,,,,,,,,,,,,,,,,,,,,,,,,,,,,,,,,,,,,,,,,,,,,,,,,,,,,,,,,,
S59,,,,,,,,,,,,,S153,,,,,,,,,,,,,,,,,,,,,,,,,,,,,R111,R111,,,,,,,,,,,,,,,,,,,,,,,,,,,,,,,,,,,,,,,,,,,,,,,,,,,,,,,,,,,,,,,,,,,,,,,,,,,,,,,,,,,,,,,,,,
S60,,,R56,,R56,R56,,,,,,,,,R56,R56,R56,R56,R56,R56,R56,R56,R56,R56,R56,R56,R56,R56,,R56,R56,R56,R56,,,,R56,R56,R56,R56,,,,R56,R56,R56,R56,,,,,,,,,,,,,,,,,,,,,,,,,,,,,,,,,,,,,,,,,,,,,,,,,,,,,,,,,,,,,,,,,,,,,,,,,,,,,,,,,,,,,,
S61,,,,,,,,,,,,,R125,,,,,,,,,,,,,,,,,,,,,,,,,,,,,R125,R125,,,,,,,,,,,,,,,,,,,,,,,,,,,,,,,,,,,,,,,,,,,,,,,,,,,,,,,,,,,,,,,,,,,,,,,,,,,,,,,,,,,,,,,,,,
S62,,,,,,,,,,S159,,,R107,S161,,,,,,,,,,,,,,,,,,,,,,,,,,,,R107,R107,,,,,S158,S160,S157,S154,S155,,,,,,,,,,,,,,,,,,,,,,,,,,,,,,,,,,,,,,,,,,,,,,,,,,,,,,,,,,,,,,,,,,,,,,,,,S156,,,,,,,,
S63,,,,,,,,,,,,,S162,,,,,,,,,,,,,,,,,,,,,,,,,,,,,R110,R110,,,,,,,,,,,,,,,,,,,,,,,,,,,,,,,,,,,,,,,,,,,,,,,,,,,,,,,,,,,,,,,,,,,,,,,,,,,,,,,,,,,,,,,,,,
S64,,,,,R43,,,,R43,,,,,,,,,,,,,,,,,,,,,,,,,,,,,,,,,,,,,,,,,,,,,,,,,,,,,,,,,,,,,,,,,,,,,,,,,,,,,,,,,,,,,,,,,,,,,,,,,,,,,,,,,,,,,,,,,,,,,,,,,,,,
S65,,,R59,,R59,R59,,,,,,,,,R59,R59,R59,R59,R59,R59,R59,R59,R59,R59,R59,R59,R59,R59,,R59,R59,R59,R59,,,,R59,R59,R59,R59,,,,R59,R59,R59,R59,,,,,,,,,,,,,,,,,,,,,,,,,,,,,,,,,,,,,,,,,,,,,,,,,,,,,,,,,,,,,,,,,,,,,,,,,,,,,,,,,,,,,,
S66,,,,,,S163,,,,,,,,,,,,,,,,,,,,,,,,,,,,,,,,,,,,,,,,,,,,,,,,,,,,,,,,,,,,,,,,,,,,,,,,,,,,,,,,,,,,,,,,,,,,,,,,,,,,,,,,,,,,,,,,,,,,,,,,,,,,,,,
S67,,,,,,,,,,,,,R127,,,,,,,,,,,,,,,,,,,,,,,,,,,,,R127,R127,,,,,,,,,,,,,,,,,,,,,,,,,,,,,,,,,,,,,,,,,,,,,,,,,,,,,,,,,,,,,,,,,,,,,,,,,,,,,,,,,,,,,,,,,,
S68,,,,,,,,,,,,,,,,,S8,S11,S10,S7,S14,S9,,,,,,,,,,,,,,,,,,,,,,,,,,,,,,,,,,,,,,,,,,,,,,,,,,,,,,,,,,,,,,,,,,,,,,,S164,,,,,,,,,,,,,,,,,,,,,,,,,,,,,,,,,,,,,,,,
S69,,S165,,,,,,,,,,,,,,,,,,,,,,,,,,,,,,,,,,,,,,,,,,,,,,,,,,,,,,,,,,,,,,,,,,,,,,,,,,,,,,,,,,,,,,,,,,,,,,,,,,,,,,,,,,,,,,,,,,,,,,,,,,,,,,,,,,,
S70,,,,,R47,,,,R47,,,,,,,,,,,,,,,,,,,,,,,,,,,,,,,,,,,,,,,,,,,,,,,,,,,,,,,,,,,,,,,,,,,,,,,,,,,,,,,,,,,,,,,,,,,,,,,,,,,,,,,,,,,,,,,,,,,,,,,,,,,,
S71,,,,,,,,,,,,,R123,,,,,,,,,,,,,,,,,,,,,,,,,,,,,R123,R123,,,,,,,,,,,,,,,,,,,,,,,,,,,,,,,,,,,,,,,,,,,,,,,,,,,,,,,,,,,,,,,,,,,,,,,,,,,,,,,,,,,,,,,,,,
S72,,,,,,,,,,,S166,,,,,,,,,,,,,,,,,,,,,,,,,,,,,,,,,,,,,,,,,,,,,,,,,,,,,,,,,,,,,,,,,,,,,,,,,,,,,,,,,,,,,,,,,,,,,,,,,,,,,,,,,,,,,,,,,,,,,,,,,,
S73,,,,,,,R6,,S170,,,,,,,,S8,S11,S10,S7,S14,S9,,,,,,,,,,,,,,,,,,,,,,,,,,,,,,,,,,,,,,,,,,,,,,,,,,,S168,S167,S169,,,,,,,,,,,,,,,,,,S171,,,,,,,,,,,,,,,,,,,,,,,,,,,,,,,,,,,,,,,,
S74,,,,,S177,,,,,,,,,,S179,,S64,S34,S54,S39,S70,S30,,,,,,,,,,,,,,,,,,,,,,,,,,,,,,,,,,,,,,,,,,,,,,,,,,,,,,,S173,S174,,,S172,,,S176,,,,,,,,,S181,,,,,,,S180,,,,,,S178,,,,,,,,,,,,,S175,,,,,,,,,,,,,,
S75,,,,,S116,S113,,,,,,,,,,S125,,,,,,,,,,,,,,,,,,,,,S112,S136,S124,S128,,S98,S83,S111,S134,S123,S133,,,,,,,,,,,,,,,S108,S84,,,,S99,,,,,,,,,,,,,,,,,,,,,,,,,,,,,,,,,,,,,,,,S182,S132,S126,S120,S122,S114,S117,S115,S129,S135,S119,S118,S130,S131,S127,,,S109,,,,,,,,,S121
S76,,,,,,,,,,,,,R108,,,,,,,,,,,,,,,,,,,,,,,,,,,,R108,R108,R108,,,,,,,,,,R108,R108,R108,R108,R108,R108,R108,R108,R108,R108,R108,R108,R108,R108,,,,,,,,,,,,,,,,,,,,,,,,,,,,,,,,,,,,,,,,,,,,,,,,,,,,,,,,,,,,,,,,,,,
S77,,,,,,,,,,,,,S183,,,,,,,,,,,,,,,,,,,,,,,,,,,,,,,,,,,,,,,,,,,,,,,,,,,,,,,,,,,,,,,,,,,,,,,,,,,,,,,,,,,,,,,,,,,,,,,,,,,,,,,,,,,,,,,,,,,,,,,,
S78,,,,,,S184,,,,,,,,,,,,,,,,,,,,,,,,,,,,,,,,,,,,,,,,,,,,,,,,,,,,,,,,,,,,,,,,,,,,,,,,,,,,,,,,,,,,,,,,,,,,,,,,,,,,,,,,,,,,,,,,,,,,,,,,,,,,,,,
S79,,,,,,,,,,,,,R122,,,,,,,,,,,,,,,,,,,,,,,,,,,,R122,R122,R122,,,,,,,,,,R122,R122,R122,R122,R122,R122,R122,R122,R122,R122,R122,R122,R122,R122,,,,,,,,,,,,,,,,,,,,,,,,,,,,,,,,,,,,,,,,,,,,,,,,,,,,,,,,,,,,,,,,,,,
S80,,,,,S116,S113,,,,,,,,,,S125,,,,,,,,,,,,,,,,,,,,,S112,S136,S124,S128,,S98,S83,S111,S134,S123,S133,,,,,,,,,,,,,,,S108,S84,,,,S99,,,,,,,,,,,,,,,,,,,,,,,,,,,,,,,,,,,,,,,,S185,S132,S126,S120,S122,S114,S117,S115,S129,S135,S119,S118,S130,S131,S127,,,S109,,,,,,,,,S121
S81,,,,,,,,,,,,,R93,,,,,,,,,,,,,,,,,,,,,,,,,,,,,,,,,,,,,,,,R93,R93,R93,R93,R93,S187,S188,S189,S186,,,,,,,,,,,,,,,,,,,,,,,,,,,,,,,,,,,,,,,,,,,,,,,,,,,,,,,,,,,,,,,,,,,,,S190,,,
S82,,,,,,,,,,,,,R97,,,,,,,,,,,,,,,,,,,,,,,,,,,,,,,,,,,,,,,,R97,R97,R97,R97,R97,R97,R97,R97,R97,R97,R97,S192,S194,S191,,,,,,,,,,,,,,,,,,,,,,,,,,,,,,,,,,,,,,,,,,,,,,,,,,,,,,,,,,,,,,,,,,S193,
S83,,,,,R149,R149,,,,,,,,,,R149,,,,,,,,,,,,,,,,,,,,,R149,R149,R149,R149,,R149,R149,R149,R149,R149,R149,,,,,,,,,,,,,,,R149,R149,,,,R149,,,,,,,,,,,,,,,,,,,,,,,,,,,,,,,,,,,,,,,,,,,,,,,,,,,,,,,,,,,,,,,,,,
S84,,,,,R151,R151,,,,,,,,,,R151,,,,,,,,,,,,,,,,,,,,,R151,R151,R151,R151,,R151,R151,R151,R151,R151,R151,,,,,,,,,,,,,,,R151,R151,,,,R151,,,,,,,,,,,,,,,,,,,,,,,,,,,,,,,,,,,,,,,,,,,,,,,,,,,,,,,,,,,,,,,,,,
S85,,,,,,S195,,,,R113,,,R113,,,,,,,,,,,,,,,,,,,,,,,,,,,,R113,R113,R113,,,,,,,,,,R113,R113,R113,R113,R113,R113,R113,R113,R113,R113,R113,R113,R113,R113,,,,,,,,,,,,,,,,,,,,,,,,,,,,,,,,,,,,,,,,,,,,,,,,,,,,,,,,,,,,,,,,,,,
S86,,,,,,,,,,,,,R95,,,,,,,,,,,,,,,,,,,,,,,,,,,,,,,,,,,,,,,,R95,R95,R95,R95,R95,R95,R95,R95,R95,S197,S198,,,,,,,,,,,,,,,,,,,,,,,,,,,,,,,,,,,,,,,,,,,,,,,,,,,,,,,,,,,,,,,,,,,,S196,,
S87,,,,,,,,,,,,,R106,,,,,,,,,,,,,,,,,,,,,,,,,,,,R106,R106,R106,,,,,,,,,,R106,R106,R106,R106,R106,R106,R106,R106,R106,R106,R106,R106,R106,R106,,,,,,,,,,,,,,,,,,,,,,,,,,,,,,,,,,,,,,,,,,,,,,,,,,,,,,,,,,,,,,,,,,,
S88,,,,,,,,,,,,,R101,,,,,,,,,,,,,,,,,,,,,,,,,,,,S200,S199,S201,,,,,,,,,,R101,R101,R101,R101,R101,R101,R101,R101,R101,R101,R101,R101,R101,R101,,,,,,,,,,,,,,,,,,,,,,,,,,,,,,,,,,,,,,,,,,,,,,,,,,,,,,,,,,,,,,,,,,,
S89,,,,,,,,,,,,,R89,,,,,,,,,,,,,,,,,,,,,,,,,,,,,,,,,,,,,,,,R89,R89,S202,,,,,,,,,,,,,,,,,,,,,,,,,,,,,,,,,,,,,,,,,,,,,,,,,,,,,,,,,,,,,,,,,,,,,,,,,S203,,,,,
S90,,,,,S85,S80,,,,,,,,,,S94,,,,,,,,,,,,,,,,,,,,,S79,S107,S92,S97,,S98,S83,S78,S105,S93,S104,,,,,,,,,,,,,,,S108,S84,,,,S99,,,,,,,,,,,,,,,,,,,,,,,,,,,,,,,,,,,,,,,,,,,,,,,,S100,S204,S88,S87,S101,S102,S96,,,S76,,,,,,,,,S90
S91,,,,,,,,,,,,,R91,,,,,,,,,,,,,,,,,,,,,,,,,,,,,,,,,,,,,,,,R91,R91,R91,S207,S206,,,,,,,,,,,,,,,,,,,,,,,,,,,,,,,,,,,,,,,,,,,,,,,,,,,,,,,,,,,,,,,,,,,,,,,,S205,,,,
S92,,,,,,,,,,,,,R124,,,,,,,,,,,,,,,,,,,,,,,,,,,,R124,R124,R124,,,,,,,,,,R124,R124,R124,R124,R124,R124,R124,R124,R124,R124,R124,R124,R124,R124,,,,,,,,,,,,,,,,,,,,,,,,,,,,,,,,,,,,,,,,,,,,,,,,,,,,,,,,,,,,,,,,,,,
S93,,,,,,,,,,,,,R126,,,,,,,,,,,,,,,,,,,,,,,,,,,,R126,R126,R126,,,,,,,,,,R126,R126,R126,R126,R126,R126,R126,R126,R126,R126,R126,R126,R126,R126,,,,,,,,,,,,,,,,,,,,,,,,,,,,,,,,,,,,,,,,,,,,,,,,,,,,,,,,,,,,,,,,,,,
S94,,,,,,,,,,,,,R121,,,,,,,,,,,,,,,,,,,,,,,,,,,,R121,R121,R121,,,,,,,,,,R121,R121,R121,R121,R121,R121,R121,R121,R121,R121,R121,R121,R121,R121,,,,,,,,,,,,,,,,,,,,,,,,,,,,,,,,,,,,,,,,,,,,,,,,,,,,,,,,,,,,,,,,,,,
S95,,,,,,,,,,,,,R87,,,,,,,,,,,,,,,,,,,,,,,,,,,,,,,,,,,,,,,,R87,S209,,,,,,,,,,,,,,,,,,,,,,,,,,,,,,,,,,,,,,,,,,,,,,,,,,,,,,,,,,,,,,,,,,,,,,,,,S208,,,,,,
S96,,,,,,,,,,,,,R111,,,,,,,,,,,,,,,,,,,,,,,,,,,,R111,R111,R111,,,,,,,,,,R111,R111,R111,R111,R111,R111,R111,R111,R111,R111,R111,R111,R111,R111,,,,,,,,,,,,,,,,,,,,,,,,,,,,,,,,,,,,,,,,,,,,,,,,,,,,,,,,,,,,,,,,,,,
S97,,,,,,,,,,,,,R125,,,,,,,,,,,,,,,,,,,,,,,,,,,,R125,R125,R125,,,,,,,,,,R125,R125,R125,R125,R125,R125,R125,R125,R125,R125,R125,R125,R125,R125,,,,,,,,,,,,,,,,,,,,,,,,,,,,,,,,,,,,,,,,,,,,,,,,,,,,,,,,,,,,,,,,,,,
S98,,,,,R148,R148,,,,,,,,,,R148,,,,,,,,,,,,,,,,,,,,,R148,R148,R148,R148,,R148,R148,R148,R148,R148,R148,,,,,,,,,,,,,,,R148,R148,,,,R148,,,,,,,,,,,,,,,,,,,,,,,,,,,,,,,,,,,,,,,,,,,,,,,,,,,,,,,,,,,,,,,,,,
S99,,,,,R152,R152,,,,,,,,,,R152,,,,,,,,,,,,,,,,,,,,,R152,R152,R152,R152,,R152,R152,R152,R152,R152,R152,,,,,,,,,,,,,,,R152,R152,,,,R152,,,,,,,,,,,,,,,,,,,,,,,,,,,,,,,,,,,,,,,,,,,,,,,,,,,,,,,,,,,,,,,,,,
S100,,,,,,,,,,,,,R103,,,,,,,,,,,,,,,,,,,,,,,,,,,,,,,,,,,,,,,,R103,R103,R103,R103,R103,R103,R103,R103,R103,R103,R103,R103,R103,R103,,,,,,,,,,,,,,,,,,,,,,,,,,,,,,,,,,,,,,,,,,,,,,,,,,,,,,,,,,,,,,,,,,,
S101,,,,,,,,,,S210,,,R107,,,,,,,,,,,,,,,,,,,,,,,,,,,,R107,R107,R107,,,,,,,,,,R107,R107,R107,R107,R107,R107,R107,R107,R107,R107,R107,R107,R107,R107,,,,,,,,,,,,,,,,,,,,,,,,,,,,,,,,,,,,,,,,,,,,,,,,,,,,,,,,,,,,,,,,,,,
S102,,,,,,,,,,,,,R110,,,,,,,,,,,,,,,,,,,,,,,,,,,,R110,R110,R110,,,,,,,,,,R110,R110,R110,R110,R110,R110,R110,R110,R110,R110,R110,R110,R110,R110,,,,,,,,,,,,,,,,,,,,,,,,,,,,,,,,,,,,,,,,,,,,,,,,,,,,,,,,,,,,,,,,,,,
S103,,,,,,,,,,,,,R85,,,,,,,,,,,,,,,,,,,,,,,,,,,,,,,,,,,,,,,,S211,,,,,,,,,,,,,,,,,,,,,,,,,,,,,,,,,,,,,,,,,,,,,,,,,,,,,,,,,,,,,,,,,,,,,,,,,S212,,,,,,,
S104,,,,,,,,,,,,,R127,,,,,,,,,,,,,,,,,,,,,,,,,,,,R127,R127,R127,,,,,,,,,,R127,R127,R127,R127,R127,R127,R127,R127,R127,R127,R127,R127,R127,R127,,,,,,,,,,,,,,,,,,,,,,,,,,,,,,,,,,,,,,,,,,,,,,,,,,,,,,,,,,,,,,,,,,,
S105,,,,,,S213,,,,,,,,,,,,,,,,,,,,,,,,,,,,,,,,,,,,,,,,,,,,,,,,,,,,,,,,,,,,,,,,,,,,,,,,,,,,,,,,,,,,,,,,,,,,,,,,,,,,,,,,,,,,,,,,,,,,,,,,,,,,,,,
S106,,,,,,,,,,,,,R99,,,,,,,,,,,,,,,,,,,,,,,,,,,,,,,,,,,,,,,,R99,R99,R99,R99,R99,R99,R99,R99,R99,R99,R99,R99,R99,R99,,,,,,,,,,,,,,,,,,,,,,,,,,,,,,,,,,,,,,,,,,,,,,,,,,,,,,,,,,,,,,,,,,,
S107,,,,,,,,,,,,,R123,,,,,,,,,,,,,,,,,,,,,,,,,,,,R123,R123,R123,,,,,,,,,,R123,R123,R123,R123,R123,R123,R123,R123,R123,R123,R123,R123,R123,R123,,,,,,,,,,,,,,,,,,,,,,,,,,,,,,,,,,,,,,,,,,,,,,,,,,,,,,,,,,,,,,,,,,,
S108,,,,,R150,R150,,,,,,,,,,R150,,,,,,,,,,,,,,,,,,,,,R150,R150,R150,R150,,R150,R150,R150,R150,R150,R150,,,,,,,,,,,,,,,R150,R150,,,,R150,,,,,,,,,,,,,,,,,,,,,,,,,,,,,,,,,,,,,,,,,,,,,,,,,,,,,,,,,,,,,,,,,,
S109,,,,,,,R108,,,,,,,,,,,,,,,,,,,,,,,,,,,,,,,,,,R108,R108,R108,,,,,,,,,,R108,R108,R108,R108,R108,R108,R108,R108,R108,R108,R108,R108,R108,R108,,,,,,,,,,,,,,,,,,,,,,,,,,,,,,,,,,,,,,,,,,,,,,,,,,,,,,,,,,,,,,,,,,,
S110,,,,,,,S214,,,,,,,,,,,,,,,,,,,,,,,,,,,,,,,,,,,,,,,,,,,,,,,,,,,,,,,,,,,,,,,,,,,,,,,,,,,,,,,,,,,,,,,,,,,,,,,,,,,,,,,,,,,,,,,,,,,,,,,,,,,,,,
S111,,,,,,S215,,,,,,,,,,,,,,,,,,,,,,,,,,,,,,,,,,,,,,,,,,,,,,,,,,,,,,,,,,,,,,,,,,,,,,,,,,,,,,,,,,,,,,,,,,,,,,,,,,,,,,,,,,,,,,,,,,,,,,,,,,,,,,,
S112,,,,,,,R122,,,,,,,,,,,,,,,,,,,,,,,,,,,,,,,,,,R122,R122,R122,,,,,,,,,,R122,R122,R122,R122,R122,R122,R122,R122,R122,R122,R122,R122,R122,R122,,,,,,,,,,,,,,,,,,,,,,,,,,,,,,,,,,,,,,,,,,,,,,,,,,,,,,,,,,,,,,,,,,,
S113,,,,,S116,S113,,,,,,,,,,S125,,,,,,,,,,,,,,,,,,,,,S112,S136,S124,S128,,S98,S83,S111,S134,S123,S133,,,,,,,,,,,,,,,S108,S84,,,,S99,,,,,,,,,,,,,,,,,,,,,,,,,,,,,,,,,,,,,,,,S216,S132,S126,S120,S122,S114,S117,S115,S129,S135,S119,S118,S130,S131,S127,,,S109,,,,,,,,,S121
S114,,,,,,,R93,,,,,,,,,,,,,,,,,,,,,,,,,,,,,,,,,,,,,,,,,,,,,,R93,R93,R93,R93,R93,S187,S188,S189,S186,,,,,,,,,,,,,,,,,,,,,,,,,,,,,,,,,,,,,,,,,,,,,,,,,,,,,,,,,,,,,,,,,,,,,S217,,,
S115,,,,,,,R97,,,,,,,,,,,,,,,,,,,,,,,,,,,,,,,,,,,,,,,,,,,,,,R97,R97,R97,R97,R97,R97,R97,R97,R97,R97,R97,S192,S194,S191,,,,,,,,,,,,,,,,,,,,,,,,,,,,,,,,,,,,,,,,,,,,,,,,,,,,,,,,,,,,,,,,,,S218,
S116,,,,,,S219,R113,,,R113,,,,,,,,,,,,,,,,,,,,,,,,,,,,,,,R113,R113,R113,,,,,,,,,,R113,R113,R113,R113,R113,R113,R113,R113,R113,R113,R113,R113,R113,R113,,,,,,,,,,,,,,,,,,,,,,,,,,,,,,,,,,,,,,,,,,,,,,,,,,,,,,,,,,,,,,,,,,,
S117,,,,,,,R95,,,,,,,,,,,,,,,,,,,,,,,,,,,,,,,,,,,,,,,,,,,,,,R95,R95,R95,R95,R95,R95,R95,R95,R95,S197,S198,,,,,,,,,,,,,,,,,,,,,,,,,,,,,,,,,,,,,,,,,,,,,,,,,,,,,,,,,,,,,,,,,,,,S220,,
S118,,,,,,,R106,,,,,,,,,,,,,,,,,,,,,,,,,,,,,,,,,,R106,R106,R106,,,,,,,,,,R106,R106,R106,R106,R106,R106,R106,R106,R106,R106,R106,R106,R106,R106,,,,,,,,,,,,,,,,,,,,,,,,,,,,,,,,,,,,,,,,,,,,,,,,,,,,,,,,,,,,,,,,,,,
S119,,,,,,,R101,,,,,,,,,,,,,,,,,,,,,,,,,,,,,,,,,,S222,S221,S223,,,,,,,,,,R101,R101,R101,R101,R101,R101,R101,R101,R101,R101,R101,R101,R101,R101,,,,,,,,,,,,,,,,,,,,,,,,,,,,,,,,,,,,,,,,,,,,,,,,,,,,,,,,,,,,,,,,,,,
S120,,,,,,,R89,,,,,,,,,,,,,,,,,,,,,,,,,,,,,,,,,,,,,,,,,,,,,,R89,R89,S202,,,,,,,,,,,,,,,,,,,,,,,,,,,,,,,,,,,,,,,,,,,,,,,,,,,,,,,,,,,,,,,,,,,,,,,,,S224,,,,,
S121,,,,,S116,S113,,,,,,,,,,S125,,,,,,,,,,,,,,,,,,,,,S112,S136,S124,S128,,S98,S83,S111,S134,S123,S133,,,,,,,,,,,,,,,S108,S84,,,,S99,,,,,,,,,,,,,,,,,,,,,,,,,,,,,,,,,,,,,,,,,,,,,,,,S129,S225,S119,S118,S130,S131,S127,,,S109,,,,,,,,,S121
S122,,,,,,,R91,,,,,,,,,,,,,,,,,,,,,,,,,,,,,,,,,,,,,,,,,,,,,,R91,R91,R91,S207,S206,,,,,,,,,,,,,,,,,,,,,,,,,,,,,,,,,,,,,,,,,,,,,,,,,,,,,,,,,,,,,,,,,,,,,,,,S226,,,,
S123,,,,,,,R126,,,,,,,,,,,,,,,,,,,,,,,,,,,,,,,,,,R126,R126,R126,,,,,,,,,,R126,R126,R126,R126,R126,R126,R126,R126,R126,R126,R126,R126,R126,R126,,,,,,,,,,,,,,,,,,,,,,,,,,,,,,,,,,,,,,,,,,,,,,,,,,,,,,,,,,,,,,,,,,,
S124,,,,,,,R124,,,,,,,,,,,,,,,,,,,,,,,,,,,,,,,,,,R124,R124,R124,,,,,,,,,,R124,R124,R124,R124,R124,R124,R124,R124,R124,R124,R124,R124,R124,R124,,,,,,,,,,,,,,,,,,,,,,,,,,,,,,,,,,,,,,,,,,,,,,,,,,,,,,,,,,,,,,,,,,,
S125,,,,,,,R121,,,,,,,,,,,,,,,,,,,,,,,,,,,,,,,,,,R121,R121,R121,,,,,,,,,,R121,R121,R121,R121,R121,R121,R121,R121,R121,R121,R121,R121,R121,R121,,,,,,,,,,,,,,,,,,,,,,,,,,,,,,,,,,,,,,,,,,,,,,,,,,,,,,,,,,,,,,,,,,,
S126,,,,,,,R87,,,,,,,,,,,,,,,,,,,,,,,,,,,,,,,,,,,,,,,,,,,,,,R87,S209,,,,,,,,,,,,,,,,,,,,,,,,,,,,,,,,,,,,,,,,,,,,,,,,,,,,,,,,,,,,,,,,,,,,,,,,,S227,,,,,,
S127,,,,,,,R111,,,,,,,,,,,,,,,,,,,,,,,,,,,,,,,,,,R111,R111,R111,,,,,,,,,,R111,R111,R111,R111,R111,R111,R111,R111,R111,R111,R111,R111,R111,R111,,,,,,,,,,,,,,,,,,,,,,,,,,,,,,,,,,,,,,,,,,,,,,,,,,,,,,,,,,,,,,,,,,,
S128,,,,,,,R125,,,,,,,,,,,,,,,,,,,,,,,,,,,,,,,,,,R125,R125,R125,,,,,,,,,,R125,R125,R125,R125,R125,R125,R125,R125,R125,R125,R125,R125,R125,R125,,,,,,,,,,,,,,,,,,,,,,,,,,,,,,,,,,,,,,,,,,,,,,,,,,,,,,,,,,,,,,,,,,,
S129,,,,,,,R103,,,,,,,,,,,,,,,,,,,,,,,,,,,,,,,,,,,,,,,,,,,,,,R103,R103,R103,R103,R103,R103,R103,R103,R103,R103,R103,R103,R103,R103,,,,,,,,,,,,,,,,,,,,,,,,,,,,,,,,,,,,,,,,,,,,,,,,,,,,,,,,,,,,,,,,,,,
S130,,,,,,,R107,,,S228,,,,,,,,,,,,,,,,,,,,,,,,,,,,,,,R107,R107,R107,,,,,,,,,,R107,R107,R107,R107,R107,R107,R107,R107,R107,R107,R107,R107,R107,R107,,,,,,,,,,,,,,,,,,,,,,,,,,,,,,,,,,,,,,,,,,,,,,,,,,,,,,,,,,,,,,,,,,,
S131,,,,,,,R110,,,,,,,,,,,,,,,,,,,,,,,,,,,,,,,,,,R110,R110,R110,,,,,,,,,,R110,R110,R110,R110,R110,R110,R110,R110,R110,R110,R110,R110,R110,R110,,,,,,,,,,,,,,,,,,,,,,,,,,,,,,,,,,,,,,,,,,,,,,,,,,,,,,,,,,,,,,,,,,,
S132,,,,,,,R85,,,,,,,,,,,,,,,,,,,,,,,,,,,,,,,,,,,,,,,,,,,,,,S211,,,,,,,,,,,,,,,,,,,,,,,,,,,,,,,,,,,,,,,,,,,,,,,,,,,,,,,,,,,,,,,,,,,,,,,,,S229,,,,,,,
S133,,,,,,,R127,,,,,,,,,,,,,,,,,,,,,,,,,,,,,,,,,,R127,R127,R127,,,,,,,,,,R127,R127,R127,R127,R127,R127,R127,R127,R127,R127,R127,R127,R127,R127,,,,,,,,,,,,,,,,,,,,,,,,,,,,,,,,,,,,,,,,,,,,,,,,,,,,,,,,,,,,,,,,,,,
S134,,,,,,S230,,,,,,,,,,,,,,,,,,,,,,,,,,,,,,,,,,,,,,,,,,,,,,,,,,,,,,,,,,,,,,,,,,,,,,,,,,,,,,,,,,,,,,,,,,,,,,,,,,,,,,,,,,,,,,,,,,,,,,,,,,,,,,,
S135,,,,,,,R99,,,,,,,,,,,,,,,,,,,,,,,,,,,,,,,,,,,,,,,,,,,,,,R99,R99,R99,R99,R99,R99,R99,R99,R99,R99,R99,R99,R99,R99,,,,,,,,,,,,,,,,,,,,,,,,,,,,,,,,,,,,,,,,,,,,,,,,,,,,,,,,,,,,,,,,,,,
S136,,,,,,,R123,,,,,,,,,,,,,,,,,,,,,,,,,,,,,,,,,,R123,R123,R123,,,,,,,,,,R123,R123,R123,R123,R123,R123,R123,R123,R123,R123,R123,R123,R123,R123,,,,,,,,,,,,,,,,,,,,,,,,,,,,,,,,,,,,,,,,,,,,,,,,,,,,,,,,,,,,,,,,,,,
S137,,,R61,,R61,R61,,,,,,,,,R61,R61,R61,R61,R61,R61,R61,R61,R61,R61,R61,R61,R61,R61,,R61,R61,R61,R61,,,,R61,R61,R61,R61,,,,R61,R61,R61,R61,,,,,,,,,,,,,,,,,,,,,,,,,,,,,,,,,,,,,,,,,,,,,,,,,,,,,,,,,,,,,,,,,,,,,,,,,,,,,,,,,,,,,,
S138,,,,,S116,S113,,,,,,,,,,S125,,,,,,,,,,,,,,,,,,,,,S112,S136,S124,S128,,S98,S83,S111,S134,S123,S133,,,,,,,,,,,,,,,S108,S84,,,,S99,,,,,,,,,,,,,,,,,,,,,,,,,,,,,,,,,,,,,,,,S231,S132,S126,S120,S122,S114,S117,S115,S129,S135,S119,S118,S130,S131,S127,,,S109,,,,,,,,,S121
S139,,,,,S116,S113,,,,,,,,,,S125,,,,,,,,,,,,,,,,,,,,,S112,S136,S124,S128,,S98,S83,S111,S134,S123,S133,,,,,,,,,,,,,,,S108,S84,,,,S99,,,,,,,,,,,,,,,,,,,,,,,,,,,,,,,,,,,,,,,,S232,S132,S126,S120,S122,S114,S117,S115,S129,S135,S119,S118,S130,S131,S127,,,S109,,,,,,,,,S121
S140,,,,,S240,S237,R118,,,,,,,,,S250,,,,,,,,,,,,,,,,,,,,,S236,S262,S248,S253,,S98,S83,S235,S260,S247,S259,,,,,,,,,,,,,,,S108,S84,,,,S99,,,,,,,,,,,,,,,,,,,,,,,,,,,,,,,,,,,,,,,,S234,S258,S251,S244,S246,S238,S241,S239,S254,S261,S243,S242,S255,S256,S252,S257,S249,S233,,,,,,,,,S245
S141,,,R52,,R52,R52,,,,,,,,,R52,R52,R52,R52,R52,R52,R52,R52,R52,R52,R52,R52,R52,R52,,R52,R52,R52,R52,,,,R52,R52,R52,R52,,,,R52,R52,R52,R52,,,,,,,,,,,,,,,,,,,,,,,,,,,,,,,,,,,,,,,,,,,,,,,,,,,,,,,,,,,,,,,,,,,,,,,,,,,,,,,,,,,,,,
S142,,,,,S265,,,,,,,,,,,,,,,,,,,,,,,,,,,,,,,,,,,,,,,,,,,,,,,,,,,,,,,,,,,,,,,,,,,,,,,,,,,,,S264,S263,,,,,,,,,,,,,,,,,,,,,,,,,,,,,,,,,,,,,,,,,,,,,,,,,,
S143,,,R62,,R62,R62,,,,,,,,,R62,R62,R62,R62,R62,R62,R62,R62,R62,R62,R62,R62,R62,R62,,R62,R62,R62,R62,,,,R62,R62,R62,R62,,,,R62,R62,R62,R62,,,,,,,,,,,,,,,,,,,,,,,,,,,,,,,,,,,,,,,,,,,,,,,,,,,,,,,,,,,,,,,,,,,,,,,,,,,,,,,,,,,,,,
S144,,,,,S116,S113,,,,,,,,,,S125,,,,,,,,,,,,,,,,,,,,,S112,S136,S124,S128,,S98,S83,S111,S134,S123,S133,,,,,,,,,,,,,,,S108,S84,,,,S99,,,,,,,,,,,,,,,,,,,,,,,,,,,,,,,,,,,,,,,,S266,S132,S126,S120,S122,S114,S117,S115,S129,S135,S119,S118,S130,S131,S127,,,S109,,,,,,,,,S121
S145,,,,,,,,R21,,,,,R21,,,,,,,,,,,,,,,,,,,,,,,,,,,,,,,,,,,,,,,,,,,,,,,,,,,,,,,,,,,,,,,,,,,,,,,,,,,,,,,,,,,,,,,,,,,,,,,,,,,,,,,,,,,,,,,,,,,,,,,,
S146,,,,,,,,R22,,,,,R22,S267,,,,,,,,,,,,,,,,,,,,,,,,,,,,,,,,,,,,,,,,,,,,,,,,,,,,,,,,,,,,,,,,,,,,,,,,,,,,,,,,,,,,,,,,,,,,,,,,,,,,,,,,,,,,,,,,,,,,,,,
S147,,,,,S271,,,,,,,,,,,,,,,,,,,,,,,,,,,,,,,,,,,,,,,,,,,,,,,,,,,,,,,,,,,,,,,,,,,,,,,,,,,,,,,,S268,S272,S269,,,S270,,,,,,,,,,,,,,,,,,,,,,,,,,,,,,,,,,,,,,,,,,,
S148,,,,,,,,S273,,,,,S274,,,,,,,,,,,,,,,,,,,,,,,,,,,,,,,,,,,,,,,,,,,,,,,,,,,,,,,,,,,,,,,,,,,,,,,,,,,,,,,,,,,,,,,,,,,,,,,,,,,,,,,,,,,,,,,,,,,,,,,,
S149,,,,,,,,,,,,,R104,,,,,,,,,,,,,,,,,,,,,,,,,,,,,R104,R104,,,,,,,,,,,,,,,,,,,,,,,,,,,,,,,,,,,,,,,,,,,,,,,,,,,,,,,,,,,,,,,,,,,,,,,,,,,,,,,,,,,,,,,,,,
S150,,,R53,,R53,R53,,,,,,,,,R53,R53,R53,R53,R53,R53,R53,R53,R53,R53,R53,R53,R53,R53,,R53,R53,R53,R53,,,,R53,R53,R53,R53,,,,R53,R53,R53,R53,,,,,,,,,,,,,,,,,,,,,,,,,,,,,,,,,,,,,,,,,,,,,,,,,,,,,,,,,,,,,,,,,,,,,,,,,,,,,,,,,,,,,,
S151,,,,,,,,,,,,,R105,,,,,,,,,,,,,,,,,,,,,,,,,,,,,R105,R105,,,,,,,,,,,,,,,,,,,,,,,,,,,,,,,,,,,,,,,,,,,,,,,,,,,,,,,,,,,,,,,,,,,,,,,,,,,,,,,,,,,,,,,,,,
S152,,,,,S116,S113,,,,,,,,,,S125,,,,,,,,,,,,,,,,,,,,,S112,S136,S124,S128,,S98,S83,S111,S134,S123,S133,,,,,,,,,,,,,,,S108,S84,,,,S99,,,,,,,,,,,,,,,,,,,,,,,,,,,,,,,,,,,,,,,,S275,S132,S126,S120,S122,S114,S117,S115,S129,S135,S119,S118,S130,S131,S127,,,S109,,,,,,,,,S121
S153,,,R54,,R54,R54,,,,,,,,,R54,R54,R54,R54,R54,R54,R54,R54,R54,R54,R54,R54,R54,R54,,R54,R54,R54,R54,,,,R54,R54,R54,R54,,,,R54,R54,R54,R54,,,,,,,,,,,,,,,,,,,,,,,,,,,,,,,,,,,,,,,,,,,,,,,,,,,,,,,,,,,,,,,,,,,,,,,,,,,,,,,,,,,,,,
S154,,,,,R132,R132,,,,,,,,,,R132,,,,,,,,,,,,,,,,,,,,,R132,R132,R132,R132,,R132,R132,R132,R132,R132,R132,,,,,,,,,,,,,,,R132,R132,,,,R132,,,,,,,,,,,,,,,,,,,,,,,,,,,,,,,,,,,,,,,,,,,,,,,,,,,,,,,,,,,,,,,,,,
S155,,,,,R133,R133,,,,,,,,,,R133,,,,,,,,,,,,,,,,,,,,,R133,R133,R133,R133,,R133,R133,R133,R133,R133,R133,,,,,,,,,,,,,,,R133,R133,,,,R133,,,,,,,,,,,,,,,,,,,,,,,,,,,,,,,,,,,,,,,,,,,,,,,,,,,,,,,,,,,,,,,,,,
S156,,,,,S85,S80,,,,,,,,,,S94,,,,,,,,,,,,,,,,,,,,,S79,S107,S92,S97,,S98,S83,S78,S105,S93,S104,,,,,,,,,,,,,,,S108,S84,,,,S99,,,,,,,,,,,,,,,,,,,,,,,,,,,,,,,,,,,,,,,,S276,S103,S95,S89,S91,S81,S86,S82,S100,S106,S88,S87,S101,S102,S96,,,S76,,,,,,,,,S90
S157,,,,,R131,R131,,,,,,,,,,R131,,,,,,,,,,,,,,,,,,,,,R131,R131,R131,R131,,R131,R131,R131,R131,R131,R131,,,,,,,,,,,,,,,R131,R131,,,,R131,,,,,,,,,,,,,,,,,,,,,,,,,,,,,,,,,,,,,,,,,,,,,,,,,,,,,,,,,,,,,,,,,,
S158,,,,,R129,R129,,,,,,,,,,R129,,,,,,,,,,,,,,,,,,,,,R129,R129,R129,R129,,R129,R129,R129,R129,R129,R129,,,,,,,,,,,,,,,R129,R129,,,,R129,,,,,,,,,,,,,,,,,,,,,,,,,,,,,,,,,,,,,,,,,,,,,,,,,,,,,,,,,,,,,,,,,,
S159,,,,,S284,S281,,,,,,,,,,S293,,,,,,,,,,,,,,,,,,,,,S280,S304,S291,S296,,S98,S83,S279,S302,S292,S301,,,,,,,,,,,,,,,S108,S84,,,,S99,,,,,,,,,,,,,,,,,,,,,,,,,,,,,,,,,,,,,,,,S278,S300,S294,S288,S290,S282,S285,S283,S297,S303,S287,S286,S298,S299,S295,,,S277,,,,,,,,,S289
S160,,,,,R130,R130,,,,,,,,,,R130,,,,,,,,,,,,,,,,,,,,,R130,R130,R130,R130,,R130,R130,R130,R130,R130,R130,,,,,,,,,,,,,,,R130,R130,,,,R130,,,,,,,,,,,,,,,,,,,,,,,,,,,,,,,,,,,,,,,,,,,,,,,,,,,,,,,,,,,,,,,,,,
S161,,,,,R128,R128,,,,,,,,,,R128,,,,,,,,,,,,,,,,,,,,,R128,R128,R128,R128,,R128,R128,R128,R128,R128,R128,,,,,,,,,,,,,,,R128,R128,,,,R128,,,,,,,,,,,,,,,,,,,,,,,,,,,,,,,,,,,,,,,,,,,,,,,,,,,,,,,,,,,,,,,,,,
S162,,,R55,,R55,R55,,,,,,,,,R55,R55,R55,R55,R55,R55,R55,R55,R55,R55,R55,R55,R55,R55,,R55,R55,R55,R55,,,,R55,R55,R55,R55,,,,R55,R55,R55,R55,,,,,,,,,,,,,,,,,,,,,,,,,,,,,,,,,,,,,,,,,,,,,,,,,,,,,,,,,,,,,,,,,,,,,,,,,,,,,,,,,,,,,,
S163,,,,,S116,S113,,,,,,,,,,S125,,,,,,,,,,,,,,,,,,,,,S112,S136,S124,S128,,S98,S83,S111,S134,S123,S133,,,,,,,,,,,,,,,S108,S84,,,,S99,,,,,,,,,,,,,,,,,,,,,,,,,,,,,,,,,,,,,,,,S305,S132,S126,S120,S122,S114,S117,S115,S129,S135,S119,S118,S130,S131,S127,,,S109,,,,,,,,,S121
S164,,,,,S306,,,,,,,,,,,,,,,,,,,,,,,,,,,,,,,,,,,,,,,,,,,,,,,,,,,,,,,,,,,,,,,,,,,,,,,,,,,,,,,,,,,,,,,,,,,,,,,,,,,,,,,,,,,,,,,,,,,,,,,,,,,,,,,,
S165,,,R50,,R50,R50,,,,,,,,,R50,R50,R50,R50,R50,R50,R50,R50,R50,R50,R50,R50,R50,R50,,R50,R50,R50,R50,,,,R50,R50,R50,R50,,,,R50,R50,R50,R50,,,,,,,,,,,,,,,,,,,,,,,,,,,,,,,,,,,,,,,,,,,,,,,S307,,,,,,,,,,,,,,,,,,,,,,,,,,,,,,,,,,,,,,,
S166,,,,,R13,,,,,S308,,,,,,,,,,,,,,,,,,,,,,,,,,,,,,,,,,,,,,,,,,,,,,,,,,,,,,,,,,,,,,,,,,,,,,,,,,,,,,,,,,,,,,,,,,,,,,,,,,,,,,,,,,,,,,,,,,,,,,,,,,,
S167,,,,,,,R5,S309,,,,,,,,,,,,,,,,,,,,,,,,,,,,,,,,,,,,,,,,,,,,,,,,,,,,,,,,,,,,,,,,,,,,,,,,,,,,,,,,,,,,,,,,,,,,,,,,,,,,,,,,,,,,,,,,,,,,,,,,,,,,,
S168,,,,,,,S310,,,,,,,,,,,,,,,,,,,,,,,,,,,,,,,,,,,,,,,,,,,,,,,,,,,,,,,,,,,,,,,,,,,,,,,,,,,,,,,,,,,,,,,,,,,,,,,,,,,,,,,,,,,,,,,,,,,,,,,,,,,,,,
S169,,,,,,,R8,R8,,,,,,,,,,,,,,,,,,,,,,,,,,,,,,,,,,,,,,,,,,,,,,,,,,,,,,,,,,,,,,,,,,,,,,,,,,,,,,,,,,,,,,,,,,,,,,,,,,,,,,,,,,,,,,,,,,,,,,,,,,,,,
S170,,,,,,,,,,,,,,,,,S8,S11,S10,S7,S14,S9,,,,,,,,,,,,,,,,,,,,,,,,,,,,,,,,,,,,,,,,,,,,,,,,,,,,,,,,,,,,,,,,,,,,,,,S311,,,,,,,,,,,,,,,,,,,,,,,,,,,,,,,,,,,,,,,,
S171,,,,,S312,,,,,,,,,,,,,,,,,,,,,,,,,,,,,,,,,,,,,,,,,,,,,,,,,,,,,,,,,,,,,,,,,,,,,,,,,,,,,,,,,,,,,,,,,,,,,,,,,,,,,,,,,,,,,,,,,,,,,,,,,,,,,,,,
S172,,,,,R17,R17,,,,,,,,,,R17,,,,,,,,,,,,,,,,,,,,,R17,R17,R17,R17,,R17,R17,R17,R17,R17,R17,,,,,,,,,,,,,,,R17,R17,,,,R17,,,,,,,,,,,,,,,,,,,,,,,,,,,,,,,,,,,,,,,,,,,,,,,,,,,,,,,,,,,,,,,,,,
S173,,,,,R72,R72,,,,,,,,,,R72,,,,,,,,,,,,,,,,,,,,,R72,R72,R72,R72,,R72,R72,R72,R72,R72,R72,,,,,,,,,,,,,,,R72,R72,,,,R72,,,,,,,,,,,,,,,,,,,,,,,,,,,,,,,,,,,,,,,,,,,,,,,,,,,,,,,,,,,,,,,,,,
S174,,,,,R16,R16,,,,,,,,,,R16,,,,,,,,,,,,,,,,,,,,,R16,R16,R16,R16,,R16,R16,R16,R16,R16,R16,,,,,,,,,,,,,,,R16,R16,,,,R16,,,,,,,,,,,,,,,,,,,,,,,,,,,,,,,,,,,,,,,,,,,,,,,,,,,,,,,,,,,,,,,,,,
S175,,,,,,,,,,S313,,,,S161,,,,,,,,,,,,,,,,,,,,,,,,,,,,,,,,,,S158,S160,S157,S154,S155,,,,,,,,,,,,,,,,,,,,,,,,,,,,,,,,,,,,,,,,,,,,,,,,,,,,,,,,,,,,,,,,,,,,,,,,,S156,,,,,,,,
S176,,,,,R18,R18,,,,,,,,,,R18,,,,,,,,,,,,,,,,,,,,,R18,R18,R18,R18,,R18,R18,R18,R18,R18,R18,,,,,,,,,,,,,,,R18,R18,,,,R18,,,,,,,,,,,,,,,,,,,,,,,,,,,,,,,,,,,,,,,,,,,,,,,,,,,,,,,,,,,,,,,,,,
S177,,,,,,,,,,R113,,,,R113,,,,,,,,,,,,,,,,,,,,,,,,,,,,,,,,,,R113,R113,R113,R113,R113,,,,,,,,,,,,,,,,,,,,,,,,,,,,,,,,,,,,,,,,,,,,,,,,,,,,,,,,,,,,,,,,,,,,,,,,,,,,,,,,,
S178,,,,,,,,,,,,,S314,,,,,,,,,,,,,,,,,,,,,,,,,,,,,,,,,,,,,,,,,,,,,,,,,,,,,,,,,,,,,,,,,,,,,,,,,,,,,,,,,,,,,,,,,,,,,,,,,,,,,,,,,,,,,,,,,,,,,,,,
S179,,,,,,,,,,,,,,,,,S8,S11,S10,S7,S14,S9,,,,,,,,,,,,,,,,,,,,,,,,,,,,,,,,,,,,,,,,,,,,,,,,,,,,,,,,,,,,,,,,,,,,,,,S315,,,,,,,,,,,,,,,,,,,,,,,,,,,,,,,,,,,,,,,,
S180,,,,,S85,S80,,,,,,,,,,S94,,,,,,,,,,,,,,,,,,,,,S79,S107,S92,S97,,S98,S83,S78,S105,S93,S104,,,,,,,,,,,,,,,S108,S84,,,,S99,,,,,,,,,,,,,,,,,,,,,,,,,,,,,,,,,,,,,,,,S316,S103,S95,S89,S91,S81,S86,S82,S100,S106,S88,S87,S101,S102,S96,,,S76,,,,,,,,,S90
S181,,,,,S146,,,,S317,,,,,,,,,,,,,,,,,,,,,,,,,,,,,,,,,,,,,,,,,,,,,,,,,,,,,,,,,,,,,,,,,,,,,,S318,S145,,,,,,,,,,,,,,,,,,,,,,,,,,,,,,,,,,,,,,,,,,,,,,,,,,,,,
S182,,,,,,,S319,,,,,,,,,,,,,,,,,,,,,,,,,,,,,,,,,,,,,,,,,,,,,,,,,,,,,,,,,,,,,,,,,,,,,,,,,,,,,,,,,,,,,,,,,,,,,,,,,,,,,,,,,,,,,,,,,,,,,,,,,,,,,,
S183,,,R60,,R60,R60,,,,,,,,,R60,R60,R60,R60,R60,R60,R60,R60,R60,R60,R60,R60,R60,R60,,R60,R60,R60,R60,,,,R60,R60,R60,R60,,,,R60,R60,R60,R60,,,,,,,,,,,,,,,,,,,,,,,,,,,,,,,,,,,,,,,,,,,,,,,,,,,,,,,,,,,,,,,,,,,,,,,,,,,,,,,,,,,,,,
S184,,,,,S116,S113,,,,,,,,,,S125,,,,,,,,,,,,,,,,,,,,,S112,S136,S124,S128,,S98,S83,S111,S134,S123,S133,,,,,,,,,,,,,,,S108,S84,,,,S99,,,,,,,,,,,,,,,,,,,,,,,,,,,,,,,,,,,,,,,,S320,S132,S126,S120,S122,S114,S117,S115,S129,S135,S119,S118,S130,S131,S127,,,S109,,,,,,,,,S121
S185,,,,,,,S321,,,,,,,,,,,,,,,,,,,,,,,,,,,,,,,,,,,,,,,,,,,,,,,,,,,,,,,,,,,,,,,,,,,,,,,,,,,,,,,,,,,,,,,,,,,,,,,,,,,,,,,,,,,,,,,,,,,,,,,,,,,,,,
S186,,,,,R142,R142,,,,,,,,,,R142,,,,,,,,,,,,,,,,,,,,,R142,R142,R142,R142,,R142,R142,R142,R142,R142,R142,,,,,,,,,,,,,,,R142,R142,,,,R142,,,,,,,,,,,,,,,,,,,,,,,,,,,,,,,,,,,,,,,,,,,,,,,,,,,,,,,,,,,,,,,,,,
S187,,,,,R139,R139,,,,,,,,,,R139,,,,,,,,,,,,,,,,,,,,,R139,R139,R139,R139,,R139,R139,R139,R139,R139,R139,,,,,,,,,,,,,,,R139,R139,,,,R139,,,,,,,,,,,,,,,,,,,,,,,,,,,,,,,,,,,,,,,,,,,,,,,,,,,,,,,,,,,,,,,,,,
S188,,,,,R140,R140,,,,,,,,,,R140,,,,,,,,,,,,,,,,,,,,,R140,R140,R140,R140,,R140,R140,R140,R140,R140,R140,,,,,,,,,,,,,,,R140,R140,,,,R140,,,,,,,,,,,,,,,,,,,,,,,,,,,,,,,,,,,,,,,,,,,,,,,,,,,,,,,,,,,,,,,,,,
S189,,,,,R141,R141,,,,,,,,,,R141,,,,,,,,,,,,,,,,,,,,,R141,R141,R141,R141,,R141,R141,R141,R141,R141,R141,,,,,,,,,,,,,,,R141,R141,,,,R141,,,,,,,,,,,,,,,,,,,,,,,,,,,,,,,,,,,,,,,,,,,,,,,,,,,,,,,,,,,,,,,,,,
S190,,,,,S85,S80,,,,,,,,,,S94,,,,,,,,,,,,,,,,,,,,,S79,S107,S92,S97,,S98,S83,S78,S105,S93,S104,,,,,,,,,,,,,,,S108,S84,,,,S99,,,,,,,,,,,,,,,,,,,,,,,,,,,,,,,,,,,,,,,,,,,,,,S322,S82,S100,S106,S88,S87,S101,S102,S96,,,S76,,,,,,,,,S90
S191,,,,,R147,R147,,,,,,,,,,R147,,,,,,,,,,,,,,,,,,,,,R147,R147,R147,R147,,R147,R147,R147,R147,R147,R147,,,,,,,,,,,,,,,R147,R147,,,,R147,,,,,,,,,,,,,,,,,,,,,,,,,,,,,,,,,,,,,,,,,,,,,,,,,,,,,,,,,,,,,,,,,,
S192,,,,,R145,R145,,,,,,,,,,R145,,,,,,,,,,,,,,,,,,,,,R145,R145,R145,R145,,R145,R145,R145,R145,R145,R145,,,,,,,,,,,,,,,R145,R145,,,,R145,,,,,,,,,,,,,,,,,,,,,,,,,,,,,,,,,,,,,,,,,,,,,,,,,,,,,,,,,,,,,,,,,,
S193,,,,,S85,S80,,,,,,,,,,S94,,,,,,,,,,,,,,,,,,,,,S79,S107,S92,S97,,S98,S83,S78,S105,S93,S104,,,,,,,,,,,,,,,S108,S84,,,,S99,,,,,,,,,,,,,,,,,,,,,,,,,,,,,,,,,,,,,,,,,,,,,,,,S100,S323,S88,S87,S101,S102,S96,,,S76,,,,,,,,,S90
S194,,,,,R146,R146,,,,,,,,,,R146,,,,,,,,,,,,,,,,,,,,,R146,R146,R146,R146,,R146,R146,R146,R146,R146,R146,,,,,,,,,,,,,,,R146,R146,,,,R146,,,,,,,,,,,,,,,,,,,,,,,,,,,,,,,,,,,,,,,,,,,,,,,,,,,,,,,,,,,,,,,,,,
S195,,,,,S240,S237,R118,,,,,,,,,S250,,,,,,,,,,,,,,,,,,,,,S236,S262,S248,S253,,S98,S83,S235,S260,S247,S259,,,,,,,,,,,,,,,S108,S84,,,,S99,,,,,,,,,,,,,,,,,,,,,,,,,,,,,,,,,,,,,,,,S234,S258,S251,S244,S246,S238,S241,S239,S254,S261,S243,S242,S255,S256,S252,S324,S249,S233,,,,,,,,,S245
S196,,,,,S85,S80,,,,,,,,,,S94,,,,,,,,,,,,,,,,,,,,,S79,S107,S92,S97,,S98,S83,S78,S105,S93,S104,,,,,,,,,,,,,,,S108,S84,,,,S99,,,,,,,,,,,,,,,,,,,,,,,,,,,,,,,,,,,,,,,,,,,,,,,S325,S100,S106,S88,S87,S101,S102,S96,,,S76,,,,,,,,,S90
S197,,,,,R143,R143,,,,,,,,,,R143,,,,,,,,,,,,,,,,,,,,,R143,R143,R143,R143,,R143,R143,R143,R143,R143,R143,,,,,,,,,,,,,,,R143,R143,,,,R143,,,,,,,,,,,,,,,,,,,,,,,,,,,,,,,,,,,,,,,,,,,,,,,,,,,,,,,,,,,,,,,,,,
S198,,,,,R144,R144,,,,,,,,,,R144,,,,,,,,,,,,,,,,,,,,,R144,R144,R144,R144,,R144,R144,R144,R144,R144,R144,,,,,,,,,,,,,,,R144,R144,,,,R144,,,,,,,,,,,,,,,,,,,,,,,,,,,,,,,,,,,,,,,,,,,,,,,,,,,,,,,,,,,,,,,,,,
S199,,,,,,,,,,,,,R104,,,,,,,,,,,,,,,,,,,,,,,,,,,,R104,R104,R104,,,,,,,,,,R104,R104,R104,R104,R104,R104,R104,R104,R104,R104,R104,R104,R104,R104,,,,,,,,,,,,,,,,,,,,,,,,,,,,,,,,,,,,,,,,,,,,,,,,,,,,,,,,,,,,,,,,,,,
S200,,,,,S85,S80,,,,,,,,,,S94,,,,,,,,,,,,,,,,,,,,,S79,S107,S92,S97,,,,S78,S105,S93,S104,,,,,,,,,,,,,,,,,,,,,,,,,,,,,,,,,,,,,,,,,,,,,,,,,,,,,,,,,,,,,,,,,,,,S326,,S88,S87,S101,S102,S96,,,S76,,,,,,,,,
S201,,,,,,,,,,,,,R105,,,,,,,,,,,,,,,,,,,,,,,,,,,,R105,R105,R105,,,,,,,,,,R105,R105,R105,R105,R105,R105,R105,R105,R105,R105,R105,R105,R105,R105,,,,,,,,,,,,,,,,,,,,,,,,,,,,,,,,,,,,,,,,,,,,,,,,,,,,,,,,,,,,,,,,,,,
S202,,,,,R136,R136,,,,,,,,,,R136,,,,,,,,,,,,,,,,,,,,,R136,R136,R136,R136,,R136,R136,R136,R136,R136,R136,,,,,,,,,,,,,,,R136,R136,,,,R136,,,,,,,,,,,,,,,,,,,,,,,,,,,,,,,,,,,,,,,,,,,,,,,,,,,,,,,,,,,,,,,,,,
S203,,,,,S85,S80,,,,,,,,,,S94,,,,,,,,,,,,,,,,,,,,,S79,S107,S92,S97,,S98,S83,S78,S105,S93,S104,,,,,,,,,,,,,,,S108,S84,,,,S99,,,,,,,,,,,,,,,,,,,,,,,,,,,,,,,,,,,,,,,,,,,,S327,S81,S86,S82,S100,S106,S88,S87,S101,S102,S96,,,S76,,,,,,,,,S90
S204,,,,,,,,,,,,,R102,,,,,,,,,,,,,,,,,,,,,,,,,,,,,,,,,,,,,,,,R102,R102,R102,R102,R102,R102,R102,R102,R102,R102,R102,R102,R102,R102,,,,,,,,,,,,,,,,,,,,,,,,,,,,,,,,,,,,,,,,,,,,,,,,,,,,,,,,,,,,,,,,,,,
S205,,,,,S85,S80,,,,,,,,,,S94,,,,,,,,,,,,,,,,,,,,,S79,S107,S92,S97,,S98,S83,S78,S105,S93,S104,,,,,,,,,,,,,,,S108,S84,,,,S99,,,,,,,,,,,,,,,,,,,,,,,,,,,,,,,,,,,,,,,,,,,,,S328,S86,S82,S100,S106,S88,S87,S101,S102,S96,,,S76,,,,,,,,,S90
S206,,,,,R138,R138,,,,,,,,,,R138,,,,,,,,,,,,,,,,,,,,,R138,R138,R138,R138,,R138,R138,R138,R138,R138,R138,,,,,,,,,,,,,,,R138,R138,,,,R138,,,,,,,,,,,,,,,,,,,,,,,,,,,,,,,,,,,,,,,,,,,,,,,,,,,,,,,,,,,,,,,,,,
S207,,,,,R137,R137,,,,,,,,,,R137,,,,,,,,,,,,,,,,,,,,,R137,R137,R137,R137,,R137,R137,R137,R137,R137,R137,,,,,,,,,,,,,,,R137,R137,,,,R137,,,,,,,,,,,,,,,,,,,,,,,,,,,,,,,,,,,,,,,,,,,,,,,,,,,,,,,,,,,,,,,,,,
S208,,,,,S85,S80,,,,,,,,,,S94,,,,,,,,,,,,,,,,,,,,,S79,S107,S92,S97,,S98,S83,S78,S105,S93,S104,,,,,,,,,,,,,,,S108,S84,,,,S99,,,,,,,,,,,,,,,,,,,,,,,,,,,,,,,,,,,,,,,,,,,S329,S91,S81,S86,S82,S100,S106,S88,S87,S101,S102,S96,,,S76,,,,,,,,,S90
S209,,,,,R135,R135,,,,,,,,,,R135,,,,,,,,,,,,,,,,,,,,,R135,R135,R135,R135,,R135,R135,R135,R135,R135,R135,,,,,,,,,,,,,,,R135,R135,,,,R135,,,,,,,,,,,,,,,,,,,,,,,,,,,,,,,,,,,,,,,,,,,,,,,,,,,,,,,,,,,,,,,,,,
S210,,,,,S284,S281,,,,,,,,,,S293,,,,,,,,,,,,,,,,,,,,,S280,S304,S291,S296,,S98,S83,S279,S302,S292,S301,,,,,,,,,,,,,,,S108,S84,,,,S99,,,,,,,,,,,,,,,,,,,,,,,,,,,,,,,,,,,,,,,,S330,S300,S294,S288,S290,S282,S285,S283,S297,S303,S287,S286,S298,S299,S295,,,S277,,,,,,,,,S289
S211,,,,,R134,R134,,,,,,,,,,R134,,,,,,,,,,,,,,,,,,,,,R134,R134,R134,R134,,R134,R134,R134,R134,R134,R134,,,,,,,,,,,,,,,R134,R134,,,,R134,,,,,,,,,,,,,,,,,,,,,,,,,,,,,,,,,,,,,,,,,,,,,,,,,,,,,,,,,,,,,,,,,,
S212,,,,,S85,S80,,,,,,,,,,S94,,,,,,,,,,,,,,,,,,,,,S79,S107,S92,S97,,S98,S83,S78,S105,S93,S104,,,,,,,,,,,,,,,S108,S84,,,,S99,,,,,,,,,,,,,,,,,,,,,,,,,,,,,,,,,,,,,,,,,,S331,S89,S91,S81,S86,S82,S100,S106,S88,S87,S101,S102,S96,,,S76,,,,,,,,,S90
S213,,,,,S116,S113,,,,,,,,,,S125,,,,,,,,,,,,,,,,,,,,,S112,S136,S124,S128,,S98,S83,S111,S134,S123,S133,,,,,,,,,,,,,,,S108,S84,,,,S99,,,,,,,,,,,,,,,,,,,,,,,,,,,,,,,,,,,,,,,,S332,S132,S126,S120,S122,S114,S117,S115,S129,S135,S119,S118,S130,S131,S127,,,S109,,,,,,,,,S121
S214,,,,,,,,,,,,,R109,,,,,,,,,,,,,,,,,,,,,,,,,,,,,R109,R109,,,,,,,,,,,,,,,,,,,,,,,,,,,,,,,,,,,,,,,,,,,,,,,,,,,,,,,,,,,,,,,,,,,,,,,,,,,,,,,,,,,,,,,,,,
S215,,,,,S116,S113,,,,,,,,,,S125,,,,,,,,,,,,,,,,,,,,,S112,S136,S124,S128,,S98,S83,S111,S134,S123,S133,,,,,,,,,,,,,,,S108,S84,,,,S99,,,,,,,,,,,,,,,,,,,,,,,,,,,,,,,,,,,,,,,,S333,S132,S126,S120,S122,S114,S117,S115,S129,S135,S119,S118,S130,S131,S127,,,S109,,,,,,,,,S121
S216,,,,,,,S334,,,,,,,,,,,,,,,,,,,,,,,,,,,,,,,,,,,,,,,,,,,,,,,,,,,,,,,,,,,,,,,,,,,,,,,,,,,,,,,,,,,,,,,,,,,,,,,,,,,,,,,,,,,,,,,,,,,,,,,,,,,,,,
S217,,,,,S116,S113,,,,,,,,,,S125,,,,,,,,,,,,,,,,,,,,,S112,S136,S124,S128,,S98,S83,S111,S134,S123,S133,,,,,,,,,,,,,,,S108,S84,,,,S99,,,,,,,,,,,,,,,,,,,,,,,,,,,,,,,,,,,,,,,,,,,,,,S335,S115,S129,S135,S119,S118,S130,S131,S127,,,S109,,,,,,,,,S121
S218,,,,,S116,S113,,,,,,,,,,S125,,,,,,,,,,,,,,,,,,,,,S112,S136,S124,S128,,S98,S83,S111,S134,S123,S133,,,,,,,,,,,,,,,S108,S84,,,,S99,,,,,,,,,,,,,,,,,,,,,,,,,,,,,,,,,,,,,,,,,,,,,,,,S129,S336,S119,S118,S130,S131,S127,,,S109,,,,,,,,,S121
S219,,,,,S240,S237,R118,,,,,,,,,S250,,,,,,,,,,,,,,,,,,,,,S236,S262,S248,S253,,S98,S83,S235,S260,S247,S259,,,,,,,,,,,,,,,S108,S84,,,,S99,,,,,,,,,,,,,,,,,,,,,,,,,,,,,,,,,,,,,,,,S234,S258,S251,S244,S246,S238,S241,S239,S254,S261,S243,S242,S255,S256,S252,S337,S249,S233,,,,,,,,,S245
S220,,,,,S116,S113,,,,,,,,,,S125,,,,,,,,,,,,,,,,,,,,,S112,S136,S124,S128,,S98,S83,S111,S134,S123,S133,,,,,,,,,,,,,,,S108,S84,,,,S99,,,,,,,,,,,,,,,,,,,,,,,,,,,,,,,,,,,,,,,,,,,,,,,S338,S129,S135,S119,S118,S130,S131,S127,,,S109,,,,,,,,,S121
S221,,,,,,,R104,,,,,,,,,,,,,,,,,,,,,,,,,,,,,,,,,,R104,R104,R104,,,,,,,,,,R104,R104,R104,R104,R104,R104,R104,R104,R104,R104,R104,R104,R104,R104,,,,,,,,,,,,,,,,,,,,,,,,,,,,,,,,,,,,,,,,,,,,,,,,,,,,,,,,,,,,,,,,,,,
S222,,,,,S116,S113,,,,,,,,,,S125,,,,,,,,,,,,,,,,,,,,,S112,S136,S124,S128,,,,S111,S134,S123,S133,,,,,,,,,,,,,,,,,,,,,,,,,,,,,,,,,,,,,,,,,,,,,,,,,,,,,,,,,,,,,,,,,,,,S339,,S119,S118,S130,S131,S127,,,S109,,,,,,,,,
S223,,,,,,,R105,,,,,,,,,,,,,,,,,,,,,,,,,,,,,,,,,,R105,R105,R105,,,,,,,,,,R105,R105,R105,R105,R105,R105,R105,R105,R105,R105,R105,R105,R105,R105,,,,,,,,,,,,,,,,,,,,,,,,,,,,,,,,,,,,,,,,,,,,,,,,,,,,,,,,,,,,,,,,,,,
S224,,,,,S116,S113,,,,,,,,,,S125,,,,,,,,,,,,,,,,,,,,,S112,S136,S124,S128,,S98,S83,S111,S134,S123,S133,,,,,,,,,,,,,,,S108,S84,,,,S99,,,,,,,,,,,,,,,,,,,,,,,,,,,,,,,,,,,,,,,,,,,,S340,S114,S117,S115,S129,S135,S119,S118,S130,S131,S127,,,S109,,,,,,,,,S121
S225,,,,,,,R102,,,,,,,,,,,,,,,,,,,,,,,,,,,,,,,,,,,,,,,,,,,,,,R102,R102,R102,R102,R102,R102,R102,R102,R102,R102,R102,R102,R102,R102,,,,,,,,,,,,,,,,,,,,,,,,,,,,,,,,,,,,,,,,,,,,,,,,,,,,,,,,,,,,,,,,,,,
S226,,,,,S116,S113,,,,,,,,,,S125,,,,,,,,,,,,,,,,,,,,,S112,S136,S124,S128,,S98,S83,S111,S134,S123,S133,,,,,,,,,,,,,,,S108,S84,,,,S99,,,,,,,,,,,,,,,,,,,,,,,,,,,,,,,,,,,,,,,,,,,,,S341,S117,S115,S129,S135,S119,S118,S130,S131,S127,,,S109,,,,,,,,,S121
S227,,,,,S116,S113,,,,,,,,,,S125,,,,,,,,,,,,,,,,,,,,,S112,S136,S124,S128,,S98,S83,S111,S134,S123,S133,,,,,,,,,,,,,,,S108,S84,,,,S99,,,,,,,,,,,,,,,,,,,,,,,,,,,,,,,,,,,,,,,,,,,S342,S122,S114,S117,S115,S129,S135,S119,S118,S130,S131,S127,,,S109,,,,,,,,,S121
S228,,,,,S284,S281,,,,,,,,,,S293,,,,,,,,,,,,,,,,,,,,,S280,S304,S291,S296,,S98,S83,S279,S302,S292,S301,,,,,,,,,,,,,,,S108,S84,,,,S99,,,,,,,,,,,,,,,,,,,,,,,,,,,,,,,,,,,,,,,,S343,S300,S294,S288,S290,S282,S285,S283,S297,S303,S287,S286,S298,S299,S295,,,S277,,,,,,,,,S289
S229,,,,,S116,S113,,,,,,,,,,S125,,,,,,,,,,,,,,,,,,,,,S112,S136,S124,S128,,S98,S83,S111,S134,S123,S133,,,,,,,,,,,,,,,S108,S84,,,,S99,,,,,,,,,,,,,,,,,,,,,,,,,,,,,,,,,,,,,,,,,,S344,S120,S122,S114,S117,S115,S129,S135,S119,S118,S130,S131,S127,,,S109,,,,,,,,,S121
S230,,,,,S116,S113,,,,,,,,,,S125,,,,,,,,,,,,,,,,,,,,,S112,S136,S124,S128,,S98,S83,S111,S134,S123,S133,,,,,,,,,,,,,,,S108,S84,,,,S99,,,,,,,,,,,,,,,,,,,,,,,,,,,,,,,,,,,,,,,,S345,S132,S126,S120,S122,S114,S117,S115,S129,S135,S119,S118,S130,S131,S127,,,S109,,,,,,,,,S121
S231,,,,,,,S346,,,,,,,,,,,,,,,,,,,,,,,,,,,,,,,,,,,,,,,,,,,,,,,,,,,,,,,,,,,,,,,,,,,,,,,,,,,,,,,,,,,,,,,,,,,,,,,,,,,,,,,,,,,,,,,,,,,,,,,,,,,,,,
S232,,,,,,,S347,,,,,,,,,,,,,,,,,,,,,,,,,,,,,,,,,,,,,,,,,,,,,,,,,,,,,,,,,,,,,,,,,,,,,,,,,,,,,,,,,,,,,,,,,,,,,,,,,,,,,,,,,,,,,,,,,,,,,,,,,,,,,,
S233,,,,,,,R108,R108,,,,,,,,,,,,,,,,,,,,,,,,,,,,,,,,,R108,R108,R108,,,,,,,,,,R108,R108,R108,R108,R108,R108,R108,R108,R108,R108,R108,R108,R108,R108,,,,,,,,,,,,,,,,,,,,,,,,,,,,,,,,,,,,,,,,,,,,,,,,,,,,,,,,,,,,,,,,,,,
S234,,,,,,,R120,R120,,,,,,,,,,,,,,,,,,,,,,,,,,,,,,,,,,,,,,,,,,,,,,,,,,,,,,,,,,,,,,,,,,,,,,,,,,,,,,,,,,,,,,,,,,,,,,,,,,,,,,,,,,,,,,,,,,,,,,,,,,,,,
S235,,,,,,S348,,,,,,,,,,,,,,,,,,,,,,,,,,,,,,,,,,,,,,,,,,,,,,,,,,,,,,,,,,,,,,,,,,,,,,,,,,,,,,,,,,,,,,,,,,,,,,,,,,,,,,,,,,,,,,,,,,,,,,,,,,,,,,,
S236,,,,,,,R122,R122,,,,,,,,,,,,,,,,,,,,,,,,,,,,,,,,,R122,R122,R122,,,,,,,,,,R122,R122,R122,R122,R122,R122,R122,R122,R122,R122,R122,R122,R122,R122,,,,,,,,,,,,,,,,,,,,,,,,,,,,,,,,,,,,,,,,,,,,,,,,,,,,,,,,,,,,,,,,,,,
S237,,,,,S116,S113,,,,,,,,,,S125,,,,,,,,,,,,,,,,,,,,,S112,S136,S124,S128,,S98,S83,S111,S134,S123,S133,,,,,,,,,,,,,,,S108,S84,,,,S99,,,,,,,,,,,,,,,,,,,,,,,,,,,,,,,,,,,,,,,,S349,S132,S126,S120,S122,S114,S117,S115,S129,S135,S119,S118,S130,S131,S127,,,S109,,,,,,,,,S121
S238,,,,,,,R93,R93,,,,,,,,,,,,,,,,,,,,,,,,,,,,,,,,,,,,,,,,,,,,,R93,R93,R93,R93,R93,S187,S188,S189,S186,,,,,,,,,,,,,,,,,,,,,,,,,,,,,,,,,,,,,,,,,,,,,,,,,,,,,,,,,,,,,,,,,,,,,S350,,,
S239,,,,,,,R97,R97,,,,,,,,,,,,,,,,,,,,,,,,,,,,,,,,,,,,,,,,,,,,,R97,R97,R97,R97,R97,R97,R97,R97,R97,R97,R97,S192,S194,S191,,,,,,,,,,,,,,,,,,,,,,,,,,,,,,,,,,,,,,,,,,,,,,,,,,,,,,,,,,,,,,,,,,S351,
S240,,,,,,S352,R113,R113,,R113,,,,,,,,,,,,,,,,,,,,,,,,,,,,,,,R113,R113,R113,,,,,,,,,,R113,R113,R113,R113,R113,R113,R113,R113,R113,R113,R113,R113,R113,R113,,,,,,,,,,,,,,,,,,,,,,,,,,,,,,,,,,,,,,,,,,,,,,,,,,,,,,,,,,,,,,,,,,,
S241,,,,,,,R95,R95,,,,,,,,,,,,,,,,,,,,,,,,,,,,,,,,,,,,,,,,,,,,,R95,R95,R95,R95,R95,R95,R95,R95,R95,S197,S198,,,,,,,,,,,,,,,,,,,,,,,,,,,,,,,,,,,,,,,,,,,,,,,,,,,,,,,,,,,,,,,,,,,,S353,,
S242,,,,,,,R106,R106,,,,,,,,,,,,,,,,,,,,,,,,,,,,,,,,,R106,R106,R106,,,,,,,,,,R106,R106,R106,R106,R106,R106,R106,R106,R106,R106,R106,R106,R106,R106,,,,,,,,,,,,,,,,,,,,,,,,,,,,,,,,,,,,,,,,,,,,,,,,,,,,,,,,,,,,,,,,,,,
S243,,,,,,,R101,R101,,,,,,,,,,,,,,,,,,,,,,,,,,,,,,,,,S355,S354,S356,,,,,,,,,,R101,R101,R101,R101,R101,R101,R101,R101,R101,R101,R101,R101,R101,R101,,,,,,,,,,,,,,,,,,,,,,,,,,,,,,,,,,,,,,,,,,,,,,,,,,,,,,,,,,,,,,,,,,,
S244,,,,,,,R89,R89,,,,,,,,,,,,,,,,,,,,,,,,,,,,,,,,,,,,,,,,,,,,,R89,R89,S202,,,,,,,,,,,,,,,,,,,,,,,,,,,,,,,,,,,,,,,,,,,,,,,,,,,,,,,,,,,,,,,,,,,,,,,,,S357,,,,,
S245,,,,,S240,S237,,,,,,,,,,S250,,,,,,,,,,,,,,,,,,,,,S236,S262,S248,S253,,S98,S83,S235,S260,S247,S259,,,,,,,,,,,,,,,S108,S84,,,,S99,,,,,,,,,,,,,,,,,,,,,,,,,,,,,,,,,,,,,,,,,,,,,,,,S254,S358,S243,S242,S255,S256,S252,,,S233,,,,,,,,,S245
S246,,,,,,,R91,R91,,,,,,,,,,,,,,,,,,,,,,,,,,,,,,,,,,,,,,,,,,,,,R91,R91,R91,S207,S206,,,,,,,,,,,,,,,,,,,,,,,,,,,,,,,,,,,,,,,,,,,,,,,,,,,,,,,,,,,,,,,,,,,,,,,,S359,,,,
S247,,,,,,,R126,R126,,,,,,,,,,,,,,,,,,,,,,,,,,,,,,,,,R126,R126,R126,,,,,,,,,,R126,R126,R126,R126,R126,R126,R126,R126,R126,R126,R126,R126,R126,R126,,,,,,,,,,,,,,,,,,,,,,,,,,,,,,,,,,,,,,,,,,,,,,,,,,,,,,,,,,,,,,,,,,,
S248,,,,,,,R124,R124,,,,,,,,,,,,,,,,,,,,,,,,,,,,,,,,,R124,R124,R124,,,,,,,,,,R124,R124,R124,R124,R124,R124,R124,R124,R124,R124,R124,R124,R124,R124,,,,,,,,,,,,,,,,,,,,,,,,,,,,,,,,,,,,,,,,,,,,,,,,,,,,,,,,,,,,,,,,,,,
S249,,,,,,,R117,S360,,,,,,,,,,,,,,,,,,,,,,,,,,,,,,,,,,,,,,,,,,,,,,,,,,,,,,,,,,,,,,,,,,,,,,,,,,,,,,,,,,,,,,,,,,,,,,,,,,,,,,,,,,,,,,,,,,,,,,,,,,,,,
S250,,,,,,,R121,R121,,,,,,,,,,,,,,,,,,,,,,,,,,,,,,,,,R121,R121,R121,,,,,,,,,,R121,R121,R121,R121,R121,R121,R121,R121,R121,R121,R121,R121,R121,R121,,,,,,,,,,,,,,,,,,,,,,,,,,,,,,,,,,,,,,,,,,,,,,,,,,,,,,,,,,,,,,,,,,,
S251,,,,,,,R87,R87,,,,,,,,,,,,,,,,,,,,,,,,,,,,,,,,,,,,,,,,,,,,,R87,S209,,,,,,,,,,,,,,,,,,,,,,,,,,,,,,,,,,,,,,,,,,,,,,,,,,,,,,,,,,,,,,,,,,,,,,,,,S361,,,,,,
S252,,,,,,,R111,R111,,,,,,,,,,,,,,,,,,,,,,,,,,,,,,,,,R111,R111,R111,,,,,,,,,,R111,R111,R111,R111,R111,R111,R111,R111,R111,R111,R111,R111,R111,R111,,,,,,,,,,,,,,,,,,,,,,,,,,,,,,,,,,,,,,,,,,,,,,,,,,,,,,,,,,,,,,,,,,,
S253,,,,,,,R125,R125,,,,,,,,,,,,,,,,,,,,,,,,,,,,,,,,,R125,R125,R125,,,,,,,,,,R125,R125,R125,R125,R125,R125,R125,R125,R125,R125,R125,R125,R125,R125,,,,,,,,,,,,,,,,,,,,,,,,,,,,,,,,,,,,,,,,,,,,,,,,,,,,,,,,,,,,,,,,,,,
S254,,,,,,,R103,R103,,,,,,,,,,,,,,,,,,,,,,,,,,,,,,,,,,,,,,,,,,,,,R103,R103,R103,R103,R103,R103,R103,R103,R103,R103,R103,R103,R103,R103,,,,,,,,,,,,,,,,,,,,,,,,,,,,,,,,,,,,,,,,,,,,,,,,,,,,,,,,,,,,,,,,,,,
S255,,,,,,,R107,R107,,S362,,,,,,,,,,,,,,,,,,,,,,,,,,,,,,,R107,R107,R107,,,,,,,,,,R107,R107,R107,R107,R107,R107,R107,R107,R107,R107,R107,R107,R107,R107,,,,,,,,,,,,,,,,,,,,,,,,,,,,,,,,,,,,,,,,,,,,,,,,,,,,,,,,,,,,,,,,,,,
S256,,,,,,,R110,R110,,,,,,,,,,,,,,,,,,,,,,,,,,,,,,,,,R110,R110,R110,,,,,,,,,,R110,R110,R110,R110,R110,R110,R110,R110,R110,R110,R110,R110,R110,R110,,,,,,,,,,,,,,,,,,,,,,,,,,,,,,,,,,,,,,,,,,,,,,,,,,,,,,,,,,,,,,,,,,,
S257,,,,,,,S363,,,,,,,,,,,,,,,,,,,,,,,,,,,,,,,,,,,,,,,,,,,,,,,,,,,,,,,,,,,,,,,,,,,,,,,,,,,,,,,,,,,,,,,,,,,,,,,,,,,,,,,,,,,,,,,,,,,,,,,,,,,,,,
S258,,,,,,,R85,R85,,,,,,,,,,,,,,,,,,,,,,,,,,,,,,,,,,,,,,,,,,,,,S211,,,,,,,,,,,,,,,,,,,,,,,,,,,,,,,,,,,,,,,,,,,,,,,,,,,,,,,,,,,,,,,,,,,,,,,,,S364,,,,,,,
S259,,,,,,,R127,R127,,,,,,,,,,,,,,,,,,,,,,,,,,,,,,,,,R127,R127,R127,,,,,,,,,,R127,R127,R127,R127,R127,R127,R127,R127,R127,R127,R127,R127,R127,R127,,,,,,,,,,,,,,,,,,,,,,,,,,,,,,,,,,,,,,,,,,,,,,,,,,,,,,,,,,,,,,,,,,,
S260,,,,,,S365,,,,,,,,,,,,,,,,,,,,,,,,,,,,,,,,,,,,,,,,,,,,,,,,,,,,,,,,,,,,,,,,,,,,,,,,,,,,,,,,,,,,,,,,,,,,,,,,,,,,,,,,,,,,,,,,,,,,,,,,,,,,,,,
S261,,,,,,,R99,R99,,,,,,,,,,,,,,,,,,,,,,,,,,,,,,,,,,,,,,,,,,,,,R99,R99,R99,R99,R99,R99,R99,R99,R99,R99,R99,R99,R99,R99,,,,,,,,,,,,,,,,,,,,,,,,,,,,,,,,,,,,,,,,,,,,,,,,,,,,,,,,,,,,,,,,,,,
S262,,,,,,,R123,R123,,,,,,,,,,,,,,,,,,,,,,,,,,,,,,,,,R123,R123,R123,,,,,,,,,,R123,R123,R123,R123,R123,R123,R123,R123,R123,R123,R123,R123,R123,R123,,,,,,,,,,,,,,,,,,,,,,,,,,,,,,,,,,,,,,,,,,,,,,,,,,,,,,,,,,,,,,,,,,,
S263,,,,,,,,R26,,,,,R26,,,,,,,,,,,,,,,,,,,,,,,,,,,,,,,,,,,,,,,,,,,,,,,,,,,,,,,,,,,,,,,,,,,,,,,,,,,,,,,,,,,,,,,,,,,,,,,,,,,,,,,,,,,,,,,,,,,,,,,,
S264,,,,,,,,S366,,,,,S367,,,,,,,,,,,,,,,,,,,,,,,,,,,,,,,,,,,,,,,,,,,,,,,,,,,,,,,,,,,,,,,,,,,,,,,,,,,,,,,,,,,,,,,,,,,,,,,,,,,,,,,,,,,,,,,,,,,,,,,,
S265,,,,,,,,,,,,,,S368,,,,,,,,,,,,,,,,,,,,,,,,,,,,,,,,,,,,,,,,,,,,,,,,,,,,,,,,,,,,,,,,,,,,,,,,,,,,,,,,,,,,,,,,,,,,,,,,,,,,,,,,,,,,,,,,,,,,,,,
S266,,,,,,,S369,,,,,,,,,,,,,,,,,,,,,,,,,,,,,,,,,,,,,,,,,,,,,,,,,,,,,,,,,,,,,,,,,,,,,,,,,,,,,,,,,,,,,,,,,,,,,,,,,,,,,,,,,,,,,,,,,,,,,,,,,,,,,,
S267,,,,,S377,S374,,,,,,,,,,S386,,,,,,,,,,,,,,,,,,,,,S373,S397,S384,S389,,S98,S83,S372,S395,S385,S394,,,,,,,,,,,,,,,S108,S84,,,,S99,,,,,,,,,,,,,,,,,,,,,,,,,,,,,,,,,,,,,,,,S371,S393,S387,S381,S383,S375,S378,S376,S390,S396,S380,S379,S391,S392,S388,,,S370,,,,,,,,,S382
S268,,,,,,,,S398,,,,,S399,,,,,,,,,,,,,,,,,,,,,,,,,,,,,,,,,,,,,,,,,,,,,,,,,,,,,,,,,,,,,,,,,,,,,,,,,,,,,,,,,,,,,,,,,,,,,,,,,,,,,,,,,,,,,,,,,,,,,,,,
S269,,,,,,,,R31,,,,,R31,,,,,,,,,,,,,,,,,,,,,,,,,,,,,,,,,,,,,,,,,,,,,,,,,,,,,,,,,,,,,,,,,,,,,,,,,,,,,,,,,,,,,,,,,,,,,,,,,,,,,,,,,,,,,,,,,,,,,,,,
S270,,,,,,,,R32,,,,,R32,,,,,,,,,,,,,,,,,,,,,,,,,,,,,,,,,,,,,,,,,,,,,,,,,,,,,,,,,,,,,,,,,,,,,,,,,,,,,,,,,,,,,,,,,,,,,,,,,,,,,,,,,,,,,,,,,,,,,,,,
S271,,,,,,,,,,S400,,,,,,,,,,,,,,,,,,,,,,,,,,,,,,,,,,,,,,,,,,,,,,,,,,,,,,,,,,,,,,,,,,,,,,,,,,,,,,,,,,,,,,,,,,,,,,,,,,,,,,,,,,,,,,,,,,,,,,,,,,,
S272,,,,,,,,R30,,,,,R30,,,,,,,,,,,,,,,,,,,,,,,,,,,,,,,,,,,,,,,,,,,,,,,,,,,,,,,,,,,,,,,,,,,,,,,,,,,,,,,,,,,,,,,,,,,,,,,,,,,,,,,,,,,,,,,,,,,,,,,,
S273,,,,,S146,,,,,,,,,,,,,,,,,,,,,,,,,,,,,,,,,,,,,,,,,,,,,,,,,,,,,,,,,,,,,,,,,,,,,,,,,,,S401,,,,,,,,,,,,,,,,,,,,,,,,,,,,,,,,,,,,,,,,,,,,,,,,,,,,,
S274,,,R19,,R19,R19,,,,,,,,,R19,R19,R19,R19,R19,R19,R19,R19,R19,R19,R19,R19,R19,R19,,R19,R19,R19,R19,,,,R19,R19,R19,R19,,,,R19,R19,R19,R19,,,,,,,,,,,,,,,,,,,,,,,,,,,,,,,,,,,,,,,,,,,,,,,,,,,,,,,,,,,,,,,,,,,,,,,,,,,,,,,,,,,,,,
S275,,,,,,,S402,,,,,,,,,,,,,,,,,,,,,,,,,,,,,,,,,,,,,,,,,,,,,,,,,,,,,,,,,,,,,,,,,,,,,,,,,,,,,,,,,,,,,,,,,,,,,,,,,,,,,,,,,,,,,,,,,,,,,,,,,,,,,,
S276,,,,,,,,,,,,,R84,,,,,,,,,,,,,,,,,,,,,,,,,,,,,,,,,,,,,,,,,,,,,,,,,,,,,,,,,,,,,,,,,,,,,,,,,,,,,,,,,,,,,,,,,,,,,,,,,,,,,,,,,,,,,,,,,,,,,,,,
S277,,,,,,,,,,,R108,,,,,,,,,,,,,,,,,,,,,,,,,,,,,,R108,R108,R108,,,,,,,,,,R108,R108,R108,R108,R108,R108,R108,R108,R108,R108,R108,R108,R108,R108,,,,,,,,,,,,,,,,,,,,,,,,,,,,,,,,,,,,,,,,,,,,,,,,,,,,,,,,,,,,,,,,,,,
S278,,,,,,,,,,,S403,,,,,,,,,,,,,,,,,,,,,,,,,,,,,,,,,,,,,,,,,,,,,,,,,,,,,,,,,,,,,,,,,,,,,,,,,,,,,,,,,,,,,,,,,,,,,,,,,,,,,,,,,,,,,,,,,,,,,,,,,,
S279,,,,,,S404,,,,,,,,,,,,,,,,,,,,,,,,,,,,,,,,,,,,,,,,,,,,,,,,,,,,,,,,,,,,,,,,,,,,,,,,,,,,,,,,,,,,,,,,,,,,,,,,,,,,,,,,,,,,,,,,,,,,,,,,,,,,,,,
S280,,,,,,,,,,,R122,,,,,,,,,,,,,,,,,,,,,,,,,,,,,,R122,R122,R122,,,,,,,,,,R122,R122,R122,R122,R122,R122,R122,R122,R122,R122,R122,R122,R122,R122,,,,,,,,,,,,,,,,,,,,,,,,,,,,,,,,,,,,,,,,,,,,,,,,,,,,,,,,,,,,,,,,,,,
S281,,,,,S116,S113,,,,,,,,,,S125,,,,,,,,,,,,,,,,,,,,,S112,S136,S124,S128,,S98,S83,S111,S134,S123,S133,,,,,,,,,,,,,,,S108,S84,,,,S99,,,,,,,,,,,,,,,,,,,,,,,,,,,,,,,,,,,,,,,,S405,S132,S126,S120,S122,S114,S117,S115,S129,S135,S119,S118,S130,S131,S127,,,S109,,,,,,,,,S121
S282,,,,,,,,,,,R93,,,,,,,,,,,,,,,,,,,,,,,,,,,,,,,,,,,,,,,,,,R93,R93,R93,R93,R93,S187,S188,S189,S186,,,,,,,,,,,,,,,,,,,,,,,,,,,,,,,,,,,,,,,,,,,,,,,,,,,,,,,,,,,,,,,,,,,,,S406,,,
S283,,,,,,,,,,,R97,,,,,,,,,,,,,,,,,,,,,,,,,,,,,,,,,,,,,,,,,,R97,R97,R97,R97,R97,R97,R97,R97,R97,R97,R97,S192,S194,S191,,,,,,,,,,,,,,,,,,,,,,,,,,,,,,,,,,,,,,,,,,,,,,,,,,,,,,,,,,,,,,,,,,S407,
S284,,,,,,S408,,,,R113,R113,,,,,,,,,,,,,,,,,,,,,,,,,,,,,,R113,R113,R113,,,,,,,,,,R113,R113,R113,R113,R113,R113,R113,R113,R113,R113,R113,R113,R113,R113,,,,,,,,,,,,,,,,,,,,,,,,,,,,,,,,,,,,,,,,,,,,,,,,,,,,,,,,,,,,,,,,,,,
S285,,,,,,,,,,,R95,,,,,,,,,,,,,,,,,,,,,,,,,,,,,,,,,,,,,,,,,,R95,R95,R95,R95,R95,R95,R95,R95,R95,S197,S198,,,,,,,,,,,,,,,,,,,,,,,,,,,,,,,,,,,,,,,,,,,,,,,,,,,,,,,,,,,,,,,,,,,,S409,,
S286,,,,,,,,,,,R106,,,,,,,,,,,,,,,,,,,,,,,,,,,,,,R106,R106,R106,,,,,,,,,,R106,R106,R106,R106,R106,R106,R106,R106,R106,R106,R106,R106,R106,R106,,,,,,,,,,,,,,,,,,,,,,,,,,,,,,,,,,,,,,,,,,,,,,,,,,,,,,,,,,,,,,,,,,,
S287,,,,,,,,,,,R101,,,,,,,,,,,,,,,,,,,,,,,,,,,,,,S411,S410,S412,,,,,,,,,,R101,R101,R101,R101,R101,R101,R101,R101,R101,R101,R101,R101,R101,R101,,,,,,,,,,,,,,,,,,,,,,,,,,,,,,,,,,,,,,,,,,,,,,,,,,,,,,,,,,,,,,,,,,,
S288,,,,,,,,,,,R89,,,,,,,,,,,,,,,,,,,,,,,,,,,,,,,,,,,,,,,,,,R89,R89,S202,,,,,,,,,,,,,,,,,,,,,,,,,,,,,,,,,,,,,,,,,,,,,,,,,,,,,,,,,,,,,,,,,,,,,,,,,S413,,,,,
S289,,,,,S284,S281,,,,,,,,,,S293,,,,,,,,,,,,,,,,,,,,,S280,S304,S291,S296,,S98,S83,S279,S302,S292,S301,,,,,,,,,,,,,,,S108,S84,,,,S99,,,,,,,,,,,,,,,,,,,,,,,,,,,,,,,,,,,,,,,,,,,,,,,,S297,S414,S287,S286,S298,S299,S295,,,S277,,,,,,,,,S289
S290,,,,,,,,,,,R91,,,,,,,,,,,,,,,,,,,,,,,,,,,,,,,,,,,,,,,,,,R91,R91,R91,S207,S206,,,,,,,,,,,,,,,,,,,,,,,,,,,,,,,,,,,,,,,,,,,,,,,,,,,,,,,,,,,,,,,,,,,,,,,,S415,,,,
S291,,,,,,,,,,,R124,,,,,,,,,,,,,,,,,,,,,,,,,,,,,,R124,R124,R124,,,,,,,,,,R124,R124,R124,R124,R124,R124,R124,R124,R124,R124,R124,R124,R124,R124,,,,,,,,,,,,,,,,,,,,,,,,,,,,,,,,,,,,,,,,,,,,,,,,,,,,,,,,,,,,,,,,,,,
S292,,,,,,,,,,,R126,,,,,,,,,,,,,,,,,,,,,,,,,,,,,,R126,R126,R126,,,,,,,,,,R126,R126,R126,R126,R126,R126,R126,R126,R126,R126,R126,R126,R126,R126,,,,,,,,,,,,,,,,,,,,,,,,,,,,,,,,,,,,,,,,,,,,,,,,,,,,,,,,,,,,,,,,,,,
S293,,,,,,,,,,,R121,,,,,,,,,,,,,,,,,,,,,,,,,,,,,,R121,R121,R121,,,,,,,,,,R121,R121,R121,R121,R121,R121,R121,R121,R121,R121,R121,R121,R121,R121,,,,,,,,,,,,,,,,,,,,,,,,,,,,,,,,,,,,,,,,,,,,,,,,,,,,,,,,,,,,,,,,,,,
S294,,,,,,,,,,,R87,,,,,,,,,,,,,,,,,,,,,,,,,,,,,,,,,,,,,,,,,,R87,S209,,,,,,,,,,,,,,,,,,,,,,,,,,,,,,,,,,,,,,,,,,,,,,,,,,,,,,,,,,,,,,,,,,,,,,,,,S416,,,,,,
S295,,,,,,,,,,,R111,,,,,,,,,,,,,,,,,,,,,,,,,,,,,,R111,R111,R111,,,,,,,,,,R111,R111,R111,R111,R111,R111,R111,R111,R111,R111,R111,R111,R111,R111,,,,,,,,,,,,,,,,,,,,,,,,,,,,,,,,,,,,,,,,,,,,,,,,,,,,,,,,,,,,,,,,,,,
S296,,,,,,,,,,,R125,,,,,,,,,,,,,,,,,,,,,,,,,,,,,,R125,R125,R125,,,,,,,,,,R125,R125,R125,R125,R125,R125,R125,R125,R125,R125,R125,R125,R125,R125,,,,,,,,,,,,,,,,,,,,,,,,,,,,,,,,,,,,,,,,,,,,,,,,,,,,,,,,,,,,,,,,,,,
S297,,,,,,,,,,,R103,,,,,,,,,,,,,,,,,,,,,,,,,,,,,,,,,,,,,,,,,,R103,R103,R103,R103,R103,R103,R103,R103,R103,R103,R103,R103,R103,R103,,,,,,,,,,,,,,,,,,,,,,,,,,,,,,,,,,,,,,,,,,,,,,,,,,,,,,,,,,,,,,,,,,,
S298,,,,,,,,,,S417,R107,,,,,,,,,,,,,,,,,,,,,,,,,,,,,,R107,R107,R107,,,,,,,,,,R107,R107,R107,R107,R107,R107,R107,R107,R107,R107,R107,R107,R107,R107,,,,,,,,,,,,,,,,,,,,,,,,,,,,,,,,,,,,,,,,,,,,,,,,,,,,,,,,,,,,,,,,,,,
S299,,,,,,,,,,,R110,,,,,,,,,,,,,,,,,,,,,,,,,,,,,,R110,R110,R110,,,,,,,,,,R110,R110,R110,R110,R110,R110,R110,R110,R110,R110,R110,R110,R110,R110,,,,,,,,,,,,,,,,,,,,,,,,,,,,,,,,,,,,,,,,,,,,,,,,,,,,,,,,,,,,,,,,,,,
S300,,,,,,,,,,,R85,,,,,,,,,,,,,,,,,,,,,,,,,,,,,,,,,,,,,,,,,,S211,,,,,,,,,,,,,,,,,,,,,,,,,,,,,,,,,,,,,,,,,,,,,,,,,,,,,,,,,,,,,,,,,,,,,,,,,S418,,,,,,,
S301,,,,,,,,,,,R127,,,,,,,,,,,,,,,,,,,,,,,,,,,,,,R127,R127,R127,,,,,,,,,,R127,R127,R127,R127,R127,R127,R127,R127,R127,R127,R127,R127,R127,R127,,,,,,,,,,,,,,,,,,,,,,,,,,,,,,,,,,,,,,,,,,,,,,,,,,,,,,,,,,,,,,,,,,,
S302,,,,,,S419,,,,,,,,,,,,,,,,,,,,,,,,,,,,,,,,,,,,,,,,,,,,,,,,,,,,,,,,,,,,,,,,,,,,,,,,,,,,,,,,,,,,,,,,,,,,,,,,,,,,,,,,,,,,,,,,,,,,,,,,,,,,,,,
S303,,,,,,,,,,,R99,,,,,,,,,,,,,,,,,,,,,,,,,,,,,,,,,,,,,,,,,,R99,R99,R99,R99,R99,R99,R99,R99,R99,R99,R99,R99,R99,R99,,,,,,,,,,,,,,,,,,,,,,,,,,,,,,,,,,,,,,,,,,,,,,,,,,,,,,,,,,,,,,,,,,,
S304,,,,,,,,,,,R123,,,,,,,,,,,,,,,,,,,,,,,,,,,,,,R123,R123,R123,,,,,,,,,,R123,R123,R123,R123,R123,R123,R123,R123,R123,R123,R123,R123,R123,R123,,,,,,,,,,,,,,,,,,,,,,,,,,,,,,,,,,,,,,,,,,,,,,,,,,,,,,,,,,,,,,,,,,,
S305,,,,,,,S420,,,,,,,,,,,,,,,,,,,,,,,,,,,,,,,,,,,,,,,,,,,,,,,,,,,,,,,,,,,,,,,,,,,,,,,,,,,,,,,,,,,,,,,,,,,,,,,,,,,,,,,,,,,,,,,,,,,,,,,,,,,,,,
S306,,,,,,,,,,,,,S421,,,,,,,,,,,,,,,,,,,,,,,,,,,,,,,,,,,,,,,,,,,,,,,,,,,,,,,,,,,,,,,,,,,,,,,,,,,,,,,,,,,,,,,,,,,,,,,,,,,,,,,,,,,,,,,,,,,,,,,,
S307,,,S422,,S44,S33,,,,,,,,,S46,S57,S64,S34,S54,S39,S70,S30,S31,S37,S47,S68,S42,S53,,S48,S69,S27,S41,,,,S32,S71,S55,S61,,,,S29,S66,S56,S67,,,,,,,,,,,,,,,,,,,,,,,,,,,,,,S35,S36,,,S52,,,S43,,,,,,,,,S49,,S58,S65,S60,,S40,,S38,,,,,S45,,,,,,,,,,,S51,S50,S62,S63,S59,,,S28,,,,,,,,,
S308,,,,,,,,,,,S423,,,,,,,,,,,,,,,,,,,,,,,,,,,,,,,,,,,,,,,,,,,,,,,,,,,,,,,,,,,,,,,,,,,,,,,,,,,,,,,,,,,,,,,,,,,,,,,,,,,,,,,,,,,,,,,,,,,,,,,,,,
S309,,,,,,,,,S170,,,,,,,,S8,S11,S10,S7,S14,S9,,,,,,,,,,,,,,,,,,,,,,,,,,,,,,,,,,,,,,,,,,,,,,,,,,,,,S424,,,,,,,,,,,,,,,,,,S171,,,,,,,,,,,,,,,,,,,,,,,,,,,,,,,,,,,,,,,,
S310,,S425,,,,,,,,,,,,,,,,,,,,,,,,,,,,,,,,,,,,,,,,,,,,,,,,,,,,,,,,,,,,,,,,,,,,,,,,,,,,,,,,,,,,,,,,,,,,,,,,,,,,,,,,,,,,,,,,,,,,,,,,,,,,,,,,,,,
S311,,,,,S426,,,,,,,,,,,,,,,,,,,,,,,,,,,,,,,,,,,,,,,,,,,,,,,,,,,,,,,,,,,,,,,,,,,,,,,,,,,,,,,,,,,,,,,,,,,,,,,,,,,,,,,,,,,,,,,,,,,,,,,,,,,,,,,,
S312,,,,,,,R9,R9,,,,,,,,,,,,,,,,,,,,,,,,,,,,,,,,,,,,,,,,,,,,,,,,,,,,,,,,,,,,,,,,,,,,,,,,,,,,,,,,,,,,,,,,,,,,,,,,,,,,,,,,,,,,,,,,,,,,,,,,,,,,,
S313,,,,,S284,S281,,,,,,,,,,S293,,,,,,,,,,,,,,,,,,,,,S280,S304,S291,S296,,S98,S83,S279,S302,S292,S301,,,,,,,,,,,,,,,S108,S84,,,,S99,,,,,,,,,,,,,,,,,,,,,,,,,,,,,,,,,,,,,,,,S427,S300,S294,S288,S290,S282,S285,S283,S297,S303,S287,S286,S298,S299,S295,,,S277,,,,,,,,,S289
S314,,,,,R71,R71,,,,,,,,,,R71,,,,,,,,,,,,,,,,,,,,,R71,R71,R71,R71,,R71,R71,R71,R71,R71,R71,,,,,,,,,,,,,,,R71,R71,,,,R71,,,,,,,,,,,,,,,,,,,,,,,,,,,,,,,,,,,,,,,,,,,,,,,,,,,,,,,,,,,,,,,,,,
S315,,,,,S265,,,,,,,,,,,,,,,,,,,,,,,,,,,,,,,,,,,,,,,,,,,,,,,,,,,,,,,,,,,,,,,,,,,,,,,,,,,,,S428,S263,,,,,,,,,,,,,,,,,,,,,,,,,,,,,,,,,,,,,,,,,,,,,,,,,,
S316,,,,,,,,,,,,,S429,,,,,,,,,,,,,,,,,,,,,,,,,,,,,,,,,,,,,,,,,,,,,,,,,,,,,,,,,,,,,,,,,,,,,,,,,,,,,,,,,,,,,,,,,,,,,,,,,,,,,,,,,,,,,,,,,,,,,,,,
S317,,,,,S271,,,,,,,,,,,,,,,,,,,,,,,,,,,,,,,,,,,,,,,,,,,,,,,,,,,,,,,,,,,,,,,,,,,,,,,,,,,,,,,,S430,S272,S269,,,S270,,,,,,,,,,,,,,,,,,,,,,,,,,,,,,,,,,,,,,,,,,,
S318,,,,,,,,S273,,,,,S431,,,,,,,,,,,,,,,,,,,,,,,,,,,,,,,,,,,,,,,,,,,,,,,,,,,,,,,,,,,,,,,,,,,,,,,,,,,,,,,,,,,,,,,,,,,,,,,,,,,,,,,,,,,,,,,,,,,,,,,,
S319,,,,,,,,,,,,,R115,,,,,,,,,,,,,,,,,,,,,,,,,,,,,R115,R115,,,,,,,,,,,,,,,,,,,,,,,,,,,,,,,,,,,,,,,,,,,,,,,,,,,,,,,,,,,,,,,,,,,,,,,,,,,,,,,,,,,,,,,,,,
S320,,,,,,,S432,,,,,,,,,,,,,,,,,,,,,,,,,,,,,,,,,,,,,,,,,,,,,,,,,,,,,,,,,,,,,,,,,,,,,,,,,,,,,,,,,,,,,,,,,,,,,,,,,,,,,,,,,,,,,,,,,,,,,,,,,,,,,,
S321,,,,,,,,,,,,,R109,,,,,,,,,,,,,,,,,,,,,,,,,,,,R109,R109,R109,,,,,,,,,,R109,R109,R109,R109,R109,R109,R109,R109,R109,R109,R109,R109,R109,R109,,,,,,,,,,,,,,,,,,,,,,,,,,,,,,,,,,,,,,,,,,,,,,,,,,,,,,,,,,,,,,,,,,,
S322,,,,,,,,,,,,,R94,,,,,,,,,,,,,,,,,,,,,,,,,,,,,,,,,,,,,,,,R94,R94,R94,R94,R94,R94,R94,R94,R94,S197,S198,,,,,,,,,,,,,,,,,,,,,,,,,,,,,,,,,,,,,,,,,,,,,,,,,,,,,,,,,,,,,,,,,,,,S196,,
S323,,,,,,,,,,,,,R98,,,,,,,,,,,,,,,,,,,,,,,,,,,,,,,,,,,,,,,,R98,R98,R98,R98,R98,R98,R98,R98,R98,R98,R98,R98,R98,R98,,,,,,,,,,,,,,,,,,,,,,,,,,,,,,,,,,,,,,,,,,,,,,,,,,,,,,,,,,,,,,,,,,,
S324,,,,,,,S433,,,,,,,,,,,,,,,,,,,,,,,,,,,,,,,,,,,,,,,,,,,,,,,,,,,,,,,,,,,,,,,,,,,,,,,,,,,,,,,,,,,,,,,,,,,,,,,,,,,,,,,,,,,,,,,,,,,,,,,,,,,,,,
S325,,,,,,,,,,,,,R96,,,,,,,,,,,,,,,,,,,,,,,,,,,,,,,,,,,,,,,,R96,R96,R96,R96,R96,R96,R96,R96,R96,R96,R96,S192,S194,S191,,,,,,,,,,,,,,,,,,,,,,,,,,,,,,,,,,,,,,,,,,,,,,,,,,,,,,,,,,,,,,,,,,S193,
S326,,,,,,,,,,,,,R100,,,,,,,,,,,,,,,,,,,,,,,,,,,,,,,,,,,,,,,,R100,R100,R100,R100,R100,R100,R100,R100,R100,R100,R100,R100,R100,R100,,,,,,,,,,,,,,,,,,,,,,,,,,,,,,,,,,,,,,,,,,,,,,,,,,,,,,,,,,,,,,,,,,,
S327,,,,,,,,,,,,,R90,,,,,,,,,,,,,,,,,,,,,,,,,,,,,,,,,,,,,,,,R90,R90,R90,S207,S206,,,,,,,,,,,,,,,,,,,,,,,,,,,,,,,,,,,,,,,,,,,,,,,,,,,,,,,,,,,,,,,,,,,,,,,,S205,,,,
S328,,,,,,,,,,,,,R92,,,,,,,,,,,,,,,,,,,,,,,,,,,,,,,,,,,,,,,,R92,R92,R92,R92,R92,S187,S188,S189,S186,,,,,,,,,,,,,,,,,,,,,,,,,,,,,,,,,,,,,,,,,,,,,,,,,,,,,,,,,,,,,,,,,,,,,S190,,,
S329,,,,,,,,,,,,,R88,,,,,,,,,,,,,,,,,,,,,,,,,,,,,,,,,,,,,,,,R88,R88,S202,,,,,,,,,,,,,,,,,,,,,,,,,,,,,,,,,,,,,,,,,,,,,,,,,,,,,,,,,,,,,,,,,,,,,,,,,S203,,,,,
S330,,,,,,,,,,,S434,,,,,,,,,,,,,,,,,,,,,,,,,,,,,,,,,,,,,,,,,,,,,,,,,,,,,,,,,,,,,,,,,,,,,,,,,,,,,,,,,,,,,,,,,,,,,,,,,,,,,,,,,,,,,,,,,,,,,,,,,,
S331,,,,,,,,,,,,,R86,,,,,,,,,,,,,,,,,,,,,,,,,,,,,,,,,,,,,,,,R86,S209,,,,,,,,,,,,,,,,,,,,,,,,,,,,,,,,,,,,,,,,,,,,,,,,,,,,,,,,,,,,,,,,,,,,,,,,,S208,,,,,,
S332,,,,,,,S435,,,,,,,,,,,,,,,,,,,,,,,,,,,,,,,,,,,,,,,,,,,,,,,,,,,,,,,,,,,,,,,,,,,,,,,,,,,,,,,,,,,,,,,,,,,,,,,,,,,,,,,,,,,,,,,,,,,,,,,,,,,,,,
S333,,,,,,,S436,,,,,,,,,,,,,,,,,,,,,,,,,,,,,,,,,,,,,,,,,,,,,,,,,,,,,,,,,,,,,,,,,,,,,,,,,,,,,,,,,,,,,,,,,,,,,,,,,,,,,,,,,,,,,,,,,,,,,,,,,,,,,,
S334,,,,,,,R109,,,,,,,,,,,,,,,,,,,,,,,,,,,,,,,,,,R109,R109,R109,,,,,,,,,,R109,R109,R109,R109,R109,R109,R109,R109,R109,R109,R109,R109,R109,R109,,,,,,,,,,,,,,,,,,,,,,,,,,,,,,,,,,,,,,,,,,,,,,,,,,,,,,,,,,,,,,,,,,,
S335,,,,,,,R94,,,,,,,,,,,,,,,,,,,,,,,,,,,,,,,,,,,,,,,,,,,,,,R94,R94,R94,R94,R94,R94,R94,R94,R94,S197,S198,,,,,,,,,,,,,,,,,,,,,,,,,,,,,,,,,,,,,,,,,,,,,,,,,,,,,,,,,,,,,,,,,,,,S220,,
S336,,,,,,,R98,,,,,,,,,,,,,,,,,,,,,,,,,,,,,,,,,,,,,,,,,,,,,,R98,R98,R98,R98,R98,R98,R98,R98,R98,R98,R98,R98,R98,R98,,,,,,,,,,,,,,,,,,,,,,,,,,,,,,,,,,,,,,,,,,,,,,,,,,,,,,,,,,,,,,,,,,,
S337,,,,,,,S437,,,,,,,,,,,,,,,,,,,,,,,,,,,,,,,,,,,,,,,,,,,,,,,,,,,,,,,,,,,,,,,,,,,,,,,,,,,,,,,,,,,,,,,,,,,,,,,,,,,,,,,,,,,,,,,,,,,,,,,,,,,,,,
S338,,,,,,,R96,,,,,,,,,,,,,,,,,,,,,,,,,,,,,,,,,,,,,,,,,,,,,,R96,R96,R96,R96,R96,R96,R96,R96,R96,R96,R96,S192,S194,S191,,,,,,,,,,,,,,,,,,,,,,,,,,,,,,,,,,,,,,,,,,,,,,,,,,,,,,,,,,,,,,,,,,S218,
S339,,,,,,,R100,,,,,,,,,,,,,,,,,,,,,,,,,,,,,,,,,,,,,,,,,,,,,,R100,R100,R100,R100,R100,R100,R100,R100,R100,R100,R100,R100,R100,R100,,,,,,,,,,,,,,,,,,,,,,,,,,,,,,,,,,,,,,,,,,,,,,,,,,,,,,,,,,,,,,,,,,,
S340,,,,,,,R90,,,,,,,,,,,,,,,,,,,,,,,,,,,,,,,,,,,,,,,,,,,,,,R90,R90,R90,S207,S206,,,,,,,,,,,,,,,,,,,,,,,,,,,,,,,,,,,,,,,,,,,,,,,,,,,,,,,,,,,,,,,,,,,,,,,,S226,,,,
S341,,,,,,,R92,,,,,,,,,,,,,,,,,,,,,,,,,,,,,,,,,,,,,,,,,,,,,,R92,R92,R92,R92,R92,S187,S188,S189,S186,,,,,,,,,,,,,,,,,,,,,,,,,,,,,,,,,,,,,,,,,,,,,,,,,,,,,,,,,,,,,,,,,,,,,S217,,,
S342,,,,,,,R88,,,,,,,,,,,,,,,,,,,,,,,,,,,,,,,,,,,,,,,,,,,,,,R88,R88,S202,,,,,,,,,,,,,,,,,,,,,,,,,,,,,,,,,,,,,,,,,,,,,,,,,,,,,,,,,,,,,,,,,,,,,,,,,S224,,,,,
S343,,,,,,,,,,,S438,,,,,,,,,,,,,,,,,,,,,,,,,,,,,,,,,,,,,,,,,,,,,,,,,,,,,,,,,,,,,,,,,,,,,,,,,,,,,,,,,,,,,,,,,,,,,,,,,,,,,,,,,,,,,,,,,,,,,,,,,,
S344,,,,,,,R86,,,,,,,,,,,,,,,,,,,,,,,,,,,,,,,,,,,,,,,,,,,,,,R86,S209,,,,,,,,,,,,,,,,,,,,,,,,,,,,,,,,,,,,,,,,,,,,,,,,,,,,,,,,,,,,,,,,,,,,,,,,,S227,,,,,,
S345,,,,,,,S439,,,,,,,,,,,,,,,,,,,,,,,,,,,,,,,,,,,,,,,,,,,,,,,,,,,,,,,,,,,,,,,,,,,,,,,,,,,,,,,,,,,,,,,,,,,,,,,,,,,,,,,,,,,,,,,,,,,,,,,,,,,,,,
S346,,S440,,,,,,,,,,,,,,,,,,,,,,,,,,,,,,,,,,,,,,,,,,,,,,,,,,,,,,,,,,,,,,,,,,,,,,,,,,,,,,,,,,,,,,,,,,,,,,,,,,,,,,,,,,,,,,,,,,,,,,,,,,,,,,,,,,,
S347,,,,,,,,,,,,,S441,,,,,,,,,,,,,,,,,,,,,,,,,,,,,,,,,,,,,,,,,,,,,,,,,,,,,,,,,,,,,,,,,,,,,,,,,,,,,,,,,,,,,,,,,,,,,,,,,,,,,,,,,,,,,,,,,,,,,,,,
S348,,,,,S116,S113,,,,,,,,,,S125,,,,,,,,,,,,,,,,,,,,,S112,S136,S124,S128,,S98,S83,S111,S134,S123,S133,,,,,,,,,,,,,,,S108,S84,,,,S99,,,,,,,,,,,,,,,,,,,,,,,,,,,,,,,,,,,,,,,,S442,S132,S126,S120,S122,S114,S117,S115,S129,S135,S119,S118,S130,S131,S127,,,S109,,,,,,,,,S121
S349,,,,,,,S443,,,,,,,,,,,,,,,,,,,,,,,,,,,,,,,,,,,,,,,,,,,,,,,,,,,,,,,,,,,,,,,,,,,,,,,,,,,,,,,,,,,,,,,,,,,,,,,,,,,,,,,,,,,,,,,,,,,,,,,,,,,,,,
S350,,,,,S240,S237,,,,,,,,,,S250,,,,,,,,,,,,,,,,,,,,,S236,S262,S248,S253,,S98,S83,S235,S260,S247,S259,,,,,,,,,,,,,,,S108,S84,,,,S99,,,,,,,,,,,,,,,,,,,,,,,,,,,,,,,,,,,,,,,,,,,,,,S444,S239,S254,S261,S243,S242,S255,S256,S252,,,S233,,,,,,,,,S245
S351,,,,,S240,S237,,,,,,,,,,S250,,,,,,,,,,,,,,,,,,,,,S236,S262,S248,S253,,S98,S83,S235,S260,S247,S259,,,,,,,,,,,,,,,S108,S84,,,,S99,,,,,,,,,,,,,,,,,,,,,,,,,,,,,,,,,,,,,,,,,,,,,,,,S254,S445,S243,S242,S255,S256,S252,,,S233,,,,,,,,,S245
S352,,,,,S240,S237,R118,,,,,,,,,S250,,,,,,,,,,,,,,,,,,,,,S236,S262,S248,S253,,S98,S83,S235,S260,S247,S259,,,,,,,,,,,,,,,S108,S84,,,,S99,,,,,,,,,,,,,,,,,,,,,,,,,,,,,,,,,,,,,,,,S234,S258,S251,S244,S246,S238,S241,S239,S254,S261,S243,S242,S255,S256,S252,S446,S249,S233,,,,,,,,,S245
S353,,,,,S240,S237,,,,,,,,,,S250,,,,,,,,,,,,,,,,,,,,,S236,S262,S248,S253,,S98,S83,S235,S260,S247,S259,,,,,,,,,,,,,,,S108,S84,,,,S99,,,,,,,,,,,,,,,,,,,,,,,,,,,,,,,,,,,,,,,,,,,,,,,S447,S254,S261,S243,S242,S255,S256,S252,,,S233,,,,,,,,,S245
S354,,,,,,,R104,R104,,,,,,,,,,,,,,,,,,,,,,,,,,,,,,,,,R104,R104,R104,,,,,,,,,,R104,R104,R104,R104,R104,R104,R104,R104,R104,R104,R104,R104,R104,R104,,,,,,,,,,,,,,,,,,,,,,,,,,,,,,,,,,,,,,,,,,,,,,,,,,,,,,,,,,,,,,,,,,,
S355,,,,,S240,S237,,,,,,,,,,S250,,,,,,,,,,,,,,,,,,,,,S236,S262,S248,S253,,,,S235,S260,S247,S259,,,,,,,,,,,,,,,,,,,,,,,,,,,,,,,,,,,,,,,,,,,,,,,,,,,,,,,,,,,,,,,,,,,,S448,,S243,S242,S255,S256,S252,,,S233,,,,,,,,,
S356,,,,,,,R105,R105,,,,,,,,,,,,,,,,,,,,,,,,,,,,,,,,,R105,R105,R105,,,,,,,,,,R105,R105,R105,R105,R105,R105,R105,R105,R105,R105,R105,R105,R105,R105,,,,,,,,,,,,,,,,,,,,,,,,,,,,,,,,,,,,,,,,,,,,,,,,,,,,,,,,,,,,,,,,,,,
S357,,,,,S240,S237,,,,,,,,,,S250,,,,,,,,,,,,,,,,,,,,,S236,S262,S248,S253,,S98,S83,S235,S260,S247,S259,,,,,,,,,,,,,,,S108,S84,,,,S99,,,,,,,,,,,,,,,,,,,,,,,,,,,,,,,,,,,,,,,,,,,,S449,S238,S241,S239,S254,S261,S243,S242,S255,S256,S252,,,S233,,,,,,,,,S245
S358,,,,,,,R102,R102,,,,,,,,,,,,,,,,,,,,,,,,,,,,,,,,,,,,,,,,,,,,,R102,R102,R102,R102,R102,R102,R102,R102,R102,R102,R102,R102,R102,R102,,,,,,,,,,,,,,,,,,,,,,,,,,,,,,,,,,,,,,,,,,,,,,,,,,,,,,,,,,,,,,,,,,,
S359,,,,,S240,S237,,,,,,,,,,S250,,,,,,,,,,,,,,,,,,,,,S236,S262,S248,S253,,S98,S83,S235,S260,S247,S259,,,,,,,,,,,,,,,S108,S84,,,,S99,,,,,,,,,,,,,,,,,,,,,,,,,,,,,,,,,,,,,,,,,,,,,S450,S241,S239,S254,S261,S243,S242,S255,S256,S252,,,S233,,,,,,,,,S245
S360,,,,,S240,S237,,,,,,,,,,S250,,,,,,,,,,,,,,,,,,,,,S236,S262,S248,S253,,S98,S83,S235,S260,S247,S259,,,,,,,,,,,,,,,S108,S84,,,,S99,,,,,,,,,,,,,,,,,,,,,,,,,,,,,,,,,,,,,,,,S451,S258,S251,S244,S246,S238,S241,S239,S254,S261,S243,S242,S255,S256,S252,,,S233,,,,,,,,,S245
S361,,,,,S240,S237,,,,,,,,,,S250,,,,,,,,,,,,,,,,,,,,,S236,S262,S248,S253,,S98,S83,S235,S260,S247,S259,,,,,,,,,,,,,,,S108,S84,,,,S99,,,,,,,,,,,,,,,,,,,,,,,,,,,,,,,,,,,,,,,,,,,S452,S246,S238,S241,S239,S254,S261,S243,S242,S255,S256,S252,,,S233,,,,,,,,,S245
S362,,,,,S284,S281,,,,,,,,,,S293,,,,,,,,,,,,,,,,,,,,,S280,S304,S291,S296,,S98,S83,S279,S302,S292,S301,,,,,,,,,,,,,,,S108,S84,,,,S99,,,,,,,,,,,,,,,,,,,,,,,,,,,,,,,,,,,,,,,,S453,S300,S294,S288,S290,S282,S285,S283,S297,S303,S287,S286,S298,S299,S295,,,S277,,,,,,,,,S289
S363,,,,,,,,,,,,,R114,,,,,,,,,,,,,,,,,,,,,,,,,,,,,R114,R114,,,,,,,,,,,,,,,,,,,,,,,,,,,,,,,,,,,,,,,,,,,,,,,,,,,,,,,,,,,,,,,,,,,,,,,,,,,,,,,,,,,,,,,,,,
S364,,,,,S240,S237,,,,,,,,,,S250,,,,,,,,,,,,,,,,,,,,,S236,S262,S248,S253,,S98,S83,S235,S260,S247,S259,,,,,,,,,,,,,,,S108,S84,,,,S99,,,,,,,,,,,,,,,,,,,,,,,,,,,,,,,,,,,,,,,,,,S454,S244,S246,S238,S241,S239,S254,S261,S243,S242,S255,S256,S252,,,S233,,,,,,,,,S245
S365,,,,,S116,S113,,,,,,,,,,S125,,,,,,,,,,,,,,,,,,,,,S112,S136,S124,S128,,S98,S83,S111,S134,S123,S133,,,,,,,,,,,,,,,S108,S84,,,,S99,,,,,,,,,,,,,,,,,,,,,,,,,,,,,,,,,,,,,,,,S455,S132,S126,S120,S122,S114,S117,S115,S129,S135,S119,S118,S130,S131,S127,,,S109,,,,,,,,,S121
S366,,,,,S265,,,,,,,,,,,,,,,,,,,,,,,,,,,,,,,,,,,,,,,,,,,,,,,,,,,,,,,,,,,,,,,,,,,,,,,,,,,,,,S456,,,,,,,,,,,,,,,,,,,,,,,,,,,,,,,,,,,,,,,,,,,,,,,,,,
S367,,,R24,,R24,R24,,,,,,,,,R24,R24,R24,R24,R24,R24,R24,R24,R24,R24,R24,R24,R24,R24,,R24,R24,R24,R24,,,,R24,R24,R24,R24,,,,R24,R24,R24,R24,,,,,,,,,,,,,,,,,,,,,,,,,,,,,,,,,,,,,,,,,,,,,,,,,,,,,,,,,,,,,,,,,,,,,,,,,,,,,,,,,,,,,,
S368,,,,,S377,S374,,,,,,,,,,S386,,,,,,,,,,,,,,,,,,,,,S373,S397,S384,S389,,S98,S83,S372,S395,S385,S394,,,,,,,,,,,,,,,S108,S84,,,,S99,,,,,,,,,,,,,,,,,,,,,,,,,,,,,,,,,,,,,,,,S457,S393,S387,S381,S383,S375,S378,S376,S390,S396,S380,S379,S391,S392,S388,,,S370,,,,,,,,,S382
S369,,S458,,,,,,,,,,,,,,,,,,,,,,,,,,,,,,,,,,,,,,,,,,,,,,,,,,,,,,,,,,,,,,,,,,,,,,,,,,,,,,,,,,,,,,,,,,,,,,,,,,,,,,,,,,,,,,,,,,,,,,,,,,,,,,,,,,,
S370,,,,,,,,R108,,,,,R108,,,,,,,,,,,,,,,,,,,,,,,,,,,,R108,R108,R108,,,,,,,,,,R108,R108,R108,R108,R108,R108,R108,R108,R108,R108,R108,R108,R108,R108,,,,,,,,,,,,,,,,,,,,,,,,,,,,,,,,,,,,,,,,,,,,,,,,,,,,,,,,,,,,,,,,,,,
S371,,,,,,,,R23,,,,,R23,,,,,,,,,,,,,,,,,,,,,,,,,,,,,,,,,,,,,,,,,,,,,,,,,,,,,,,,,,,,,,,,,,,,,,,,,,,,,,,,,,,,,,,,,,,,,,,,,,,,,,,,,,,,,,,,,,,,,,,,
S372,,,,,,S459,,,,,,,,,,,,,,,,,,,,,,,,,,,,,,,,,,,,,,,,,,,,,,,,,,,,,,,,,,,,,,,,,,,,,,,,,,,,,,,,,,,,,,,,,,,,,,,,,,,,,,,,,,,,,,,,,,,,,,,,,,,,,,,
S373,,,,,,,,R122,,,,,R122,,,,,,,,,,,,,,,,,,,,,,,,,,,,R122,R122,R122,,,,,,,,,,R122,R122,R122,R122,R122,R122,R122,R122,R122,R122,R122,R122,R122,R122,,,,,,,,,,,,,,,,,,,,,,,,,,,,,,,,,,,,,,,,,,,,,,,,,,,,,,,,,,,,,,,,,,,
S374,,,,,S116,S113,,,,,,,,,,S125,,,,,,,,,,,,,,,,,,,,,S112,S136,S124,S128,,S98,S83,S111,S134,S123,S133,,,,,,,,,,,,,,,S108,S84,,,,S99,,,,,,,,,,,,,,,,,,,,,,,,,,,,,,,,,,,,,,,,S460,S132,S126,S120,S122,S114,S117,S115,S129,S135,S119,S118,S130,S131,S127,,,S109,,,,,,,,,S121
S375,,,,,,,,R93,,,,,R93,,,,,,,,,,,,,,,,,,,,,,,,,,,,,,,,,,,,,,,,R93,R93,R93,R93,R93,S187,S188,S189,S186,,,,,,,,,,,,,,,,,,,,,,,,,,,,,,,,,,,,,,,,,,,,,,,,,,,,,,,,,,,,,,,,,,,,,S461,,,
S376,,,,,,,,R97,,,,,R97,,,,,,,,,,,,,,,,,,,,,,,,,,,,,,,,,,,,,,,,R97,R97,R97,R97,R97,R97,R97,R97,R97,R97,R97,S192,S194,S191,,,,,,,,,,,,,,,,,,,,,,,,,,,,,,,,,,,,,,,,,,,,,,,,,,,,,,,,,,,,,,,,,,S462,
S377,,,,,,S463,,R113,,R113,,,R113,,,,,,,,,,,,,,,,,,,,,,,,,,,,R113,R113,R113,,,,,,,,,,R113,R113,R113,R113,R113,R113,R113,R113,R113,R113,R113,R113,R113,R113,,,,,,,,,,,,,,,,,,,,,,,,,,,,,,,,,,,,,,,,,,,,,,,,,,,,,,,,,,,,,,,,,,,
S378,,,,,,,,R95,,,,,R95,,,,,,,,,,,,,,,,,,,,,,,,,,,,,,,,,,,,,,,,R95,R95,R95,R95,R95,R95,R95,R95,R95,S197,S198,,,,,,,,,,,,,,,,,,,,,,,,,,,,,,,,,,,,,,,,,,,,,,,,,,,,,,,,,,,,,,,,,,,,S464,,
S379,,,,,,,,R106,,,,,R106,,,,,,,,,,,,,,,,,,,,,,,,,,,,R106,R106,R106,,,,,,,,,,R106,R106,R106,R106,R106,R106,R106,R106,R106,R106,R106,R106,R106,R106,,,,,,,,,,,,,,,,,,,,,,,,,,,,,,,,,,,,,,,,,,,,,,,,,,,,,,,,,,,,,,,,,,,
S380,,,,,,,,R101,,,,,R101,,,,,,,,,,,,,,,,,,,,,,,,,,,,S466,S465,S467,,,,,,,,,,R101,R101,R101,R101,R101,R101,R101,R101,R101,R101,R101,R101,R101,R101,,,,,,,,,,,,,,,,,,,,,,,,,,,,,,,,,,,,,,,,,,,,,,,,,,,,,,,,,,,,,,,,,,,
S381,,,,,,,,R89,,,,,R89,,,,,,,,,,,,,,,,,,,,,,,,,,,,,,,,,,,,,,,,R89,R89,S202,,,,,,,,,,,,,,,,,,,,,,,,,,,,,,,,,,,,,,,,,,,,,,,,,,,,,,,,,,,,,,,,,,,,,,,,,S468,,,,,
S382,,,,,S377,S374,,,,,,,,,,S386,,,,,,,,,,,,,,,,,,,,,S373,S397,S384,S389,,S98,S83,S372,S395,S385,S394,,,,,,,,,,,,,,,S108,S84,,,,S99,,,,,,,,,,,,,,,,,,,,,,,,,,,,,,,,,,,,,,,,,,,,,,,,S390,S469,S380,S379,S391,S392,S388,,,S370,,,,,,,,,S382
S383,,,,,,,,R91,,,,,R91,,,,,,,,,,,,,,,,,,,,,,,,,,,,,,,,,,,,,,,,R91,R91,R91,S207,S206,,,,,,,,,,,,,,,,,,,,,,,,,,,,,,,,,,,,,,,,,,,,,,,,,,,,,,,,,,,,,,,,,,,,,,,,S470,,,,
S384,,,,,,,,R124,,,,,R124,,,,,,,,,,,,,,,,,,,,,,,,,,,,R124,R124,R124,,,,,,,,,,R124,R124,R124,R124,R124,R124,R124,R124,R124,R124,R124,R124,R124,R124,,,,,,,,,,,,,,,,,,,,,,,,,,,,,,,,,,,,,,,,,,,,,,,,,,,,,,,,,,,,,,,,,,,
S385,,,,,,,,R126,,,,,R126,,,,,,,,,,,,,,,,,,,,,,,,,,,,R126,R126,R126,,,,,,,,,,R126,R126,R126,R126,R126,R126,R126,R126,R126,R126,R126,R126,R126,R126,,,,,,,,,,,,,,,,,,,,,,,,,,,,,,,,,,,,,,,,,,,,,,,,,,,,,,,,,,,,,,,,,,,
S386,,,,,,,,R121,,,,,R121,,,,,,,,,,,,,,,,,,,,,,,,,,,,R121,R121,R121,,,,,,,,,,R121,R121,R121,R121,R121,R121,R121,R121,R121,R121,R121,R121,R121,R121,,,,,,,,,,,,,,,,,,,,,,,,,,,,,,,,,,,,,,,,,,,,,,,,,,,,,,,,,,,,,,,,,,,
S387,,,,,,,,R87,,,,,R87,,,,,,,,,,,,,,,,,,,,,,,,,,,,,,,,,,,,,,,,R87,S209,,,,,,,,,,,,,,,,,,,,,,,,,,,,,,,,,,,,,,,,,,,,,,,,,,,,,,,,,,,,,,,,,,,,,,,,,S471,,,,,,
S388,,,,,,,,R111,,,,,R111,,,,,,,,,,,,,,,,,,,,,,,,,,,,R111,R111,R111,,,,,,,,,,R111,R111,R111,R111,R111,R111,R111,R111,R111,R111,R111,R111,R111,R111,,,,,,,,,,,,,,,,,,,,,,,,,,,,,,,,,,,,,,,,,,,,,,,,,,,,,,,,,,,,,,,,,,,
S389,,,,,,,,R125,,,,,R125,,,,,,,,,,,,,,,,,,,,,,,,,,,,R125,R125,R125,,,,,,,,,,R125,R125,R125,R125,R125,R125,R125,R125,R125,R125,R125,R125,R125,R125,,,,,,,,,,,,,,,,,,,,,,,,,,,,,,,,,,,,,,,,,,,,,,,,,,,,,,,,,,,,,,,,,,,
S390,,,,,,,,R103,,,,,R103,,,,,,,,,,,,,,,,,,,,,,,,,,,,,,,,,,,,,,,,R103,R103,R103,R103,R103,R103,R103,R103,R103,R103,R103,R103,R103,R103,,,,,,,,,,,,,,,,,,,,,,,,,,,,,,,,,,,,,,,,,,,,,,,,,,,,,,,,,,,,,,,,,,,
S391,,,,,,,,R107,,S472,,,R107,,,,,,,,,,,,,,,,,,,,,,,,,,,,R107,R107,R107,,,,,,,,,,R107,R107,R107,R107,R107,R107,R107,R107,R107,R107,R107,R107,R107,R107,,,,,,,,,,,,,,,,,,,,,,,,,,,,,,,,,,,,,,,,,,,,,,,,,,,,,,,,,,,,,,,,,,,
S392,,,,,,,,R110,,,,,R110,,,,,,,,,,,,,,,,,,,,,,,,,,,,R110,R110,R110,,,,,,,,,,R110,R110,R110,R110,R110,R110,R110,R110,R110,R110,R110,R110,R110,R110,,,,,,,,,,,,,,,,,,,,,,,,,,,,,,,,,,,,,,,,,,,,,,,,,,,,,,,,,,,,,,,,,,,
S393,,,,,,,,R85,,,,,R85,,,,,,,,,,,,,,,,,,,,,,,,,,,,,,,,,,,,,,,,S211,,,,,,,,,,,,,,,,,,,,,,,,,,,,,,,,,,,,,,,,,,,,,,,,,,,,,,,,,,,,,,,,,,,,,,,,,S473,,,,,,,
S394,,,,,,,,R127,,,,,R127,,,,,,,,,,,,,,,,,,,,,,,,,,,,R127,R127,R127,,,,,,,,,,R127,R127,R127,R127,R127,R127,R127,R127,R127,R127,R127,R127,R127,R127,,,,,,,,,,,,,,,,,,,,,,,,,,,,,,,,,,,,,,,,,,,,,,,,,,,,,,,,,,,,,,,,,,,
S395,,,,,,S474,,,,,,,,,,,,,,,,,,,,,,,,,,,,,,,,,,,,,,,,,,,,,,,,,,,,,,,,,,,,,,,,,,,,,,,,,,,,,,,,,,,,,,,,,,,,,,,,,,,,,,,,,,,,,,,,,,,,,,,,,,,,,,,
S396,,,,,,,,R99,,,,,R99,,,,,,,,,,,,,,,,,,,,,,,,,,,,,,,,,,,,,,,,R99,R99,R99,R99,R99,R99,R99,R99,R99,R99,R99,R99,R99,R99,,,,,,,,,,,,,,,,,,,,,,,,,,,,,,,,,,,,,,,,,,,,,,,,,,,,,,,,,,,,,,,,,,,
S397,,,,,,,,R123,,,,,R123,,,,,,,,,,,,,,,,,,,,,,,,,,,,R123,R123,R123,,,,,,,,,,R123,R123,R123,R123,R123,R123,R123,R123,R123,R123,R123,R123,R123,R123,,,,,,,,,,,,,,,,,,,,,,,,,,,,,,,,,,,,,,,,,,,,,,,,,,,,,,,,,,,,,,,,,,,
S398,,,,,S271,,,,,,,,,,,,,,,,,,,,,,,,,,,,,,,,,,,,,,,,,,,,,,,,,,,,,,,,,,,,,,,,,,,,,,,,,,,,,,,,,S475,S269,,,S270,,,,,,,,,,,,,,,,,,,,,,,,,,,,,,,,,,,,,,,,,,,
S399,,,R28,,R28,R28,,,,,,,,,R28,R28,R28,R28,R28,R28,R28,R28,R28,R28,R28,R28,R28,R28,,R28,R28,R28,R28,,,,R28,R28,R28,R28,,,,R28,R28,R28,R28,,,,,,,,,,,,,,,,,,,,,,,,,,,,,,,,,,,,,,,,,,,,,,,,,,,,,,,,,,,,,,,,,,,,,,,,,,,,,,,,,,,,,,
S400,,,,,,,,,,,,,,,,S476,,,,,,,,,,,,,,,,,,,,,,,,,,,,,,,,,,,,,,,,,,,,,,,,,,,,,,,,,,,,,,,,,,,,,,,,,,,,,,,,,,,,,,,,,,,,,,,,,,,,,,,,,,,,,,,,,,,,,
S401,,,,,,,,R20,,,,,R20,,,,,,,,,,,,,,,,,,,,,,,,,,,,,,,,,,,,,,,,,,,,,,,,,,,,,,,,,,,,,,,,,,,,,,,,,,,,,,,,,,,,,,,,,,,,,,,,,,,,,,,,,,,,,,,,,,,,,,,,
S402,,S477,,,,,,,,,,,,,,,,,,,,,,,,,,,,,,,,,,,,,,,,,,,,,,,,,,,,,,,,,,,,,,,,,,,,,,,,,,,,,,,,,,,,,,,,,,,,,,,,,,,,,,,,,,,,,,,,,,,,,,,,,,,,,,,,,,,
S403,,,,,,,,,,R112,,,R112,R112,,,,,,,,,,,,,,,,,,,,,,,,,,,,R112,R112,,,,,R112,R112,R112,R112,R112,,,,,,,,,,,,,,,,,,,,,,,,,,,,,,,,,,,,,,,,,,,,,,,,,,,,,,,,,,,,,,,,,,,,,,,,,,,,,,,,,
S404,,,,,S116,S113,,,,,,,,,,S125,,,,,,,,,,,,,,,,,,,,,S112,S136,S124,S128,,S98,S83,S111,S134,S123,S133,,,,,,,,,,,,,,,S108,S84,,,,S99,,,,,,,,,,,,,,,,,,,,,,,,,,,,,,,,,,,,,,,,S478,S132,S126,S120,S122,S114,S117,S115,S129,S135,S119,S118,S130,S131,S127,,,S109,,,,,,,,,S121
S405,,,,,,,S479,,,,,,,,,,,,,,,,,,,,,,,,,,,,,,,,,,,,,,,,,,,,,,,,,,,,,,,,,,,,,,,,,,,,,,,,,,,,,,,,,,,,,,,,,,,,,,,,,,,,,,,,,,,,,,,,,,,,,,,,,,,,,,
S406,,,,,S284,S281,,,,,,,,,,S293,,,,,,,,,,,,,,,,,,,,,S280,S304,S291,S296,,S98,S83,S279,S302,S292,S301,,,,,,,,,,,,,,,S108,S84,,,,S99,,,,,,,,,,,,,,,,,,,,,,,,,,,,,,,,,,,,,,,,,,,,,,S480,S283,S297,S303,S287,S286,S298,S299,S295,,,S277,,,,,,,,,S289
S407,,,,,S284,S281,,,,,,,,,,S293,,,,,,,,,,,,,,,,,,,,,S280,S304,S291,S296,,S98,S83,S279,S302,S292,S301,,,,,,,,,,,,,,,S108,S84,,,,S99,,,,,,,,,,,,,,,,,,,,,,,,,,,,,,,,,,,,,,,,,,,,,,,,S297,S481,S287,S286,S298,S299,S295,,,S277,,,,,,,,,S289
S408,,,,,S240,S237,R118,,,,,,,,,S250,,,,,,,,,,,,,,,,,,,,,S236,S262,S248,S253,,S98,S83,S235,S260,S247,S259,,,,,,,,,,,,,,,S108,S84,,,,S99,,,,,,,,,,,,,,,,,,,,,,,,,,,,,,,,,,,,,,,,S234,S258,S251,S244,S246,S238,S241,S239,S254,S261,S243,S242,S255,S256,S252,S482,S249,S233,,,,,,,,,S245
S409,,,,,S284,S281,,,,,,,,,,S293,,,,,,,,,,,,,,,,,,,,,S280,S304,S291,S296,,S98,S83,S279,S302,S292,S301,,,,,,,,,,,,,,,S108,S84,,,,S99,,,,,,,,,,,,,,,,,,,,,,,,,,,,,,,,,,,,,,,,,,,,,,,S483,S297,S303,S287,S286,S298,S299,S295,,,S277,,,,,,,,,S289
S410,,,,,,,,,,,R104,,,,,,,,,,,,,,,,,,,,,,,,,,,,,,R104,R104,R104,,,,,,,,,,R104,R104,R104,R104,R104,R104,R104,R104,R104,R104,R104,R104,R104,R104,,,,,,,,,,,,,,,,,,,,,,,,,,,,,,,,,,,,,,,,,,,,,,,,,,,,,,,,,,,,,,,,,,,
S411,,,,,S284,S281,,,,,,,,,,S293,,,,,,,,,,,,,,,,,,,,,S280,S304,S291,S296,,,,S279,S302,S292,S301,,,,,,,,,,,,,,,,,,,,,,,,,,,,,,,,,,,,,,,,,,,,,,,,,,,,,,,,,,,,,,,,,,,,S484,,S287,S286,S298,S299,S295,,,S277,,,,,,,,,
S412,,,,,,,,,,,R105,,,,,,,,,,,,,,,,,,,,,,,,,,,,,,R105,R105,R105,,,,,,,,,,R105,R105,R105,R105,R105,R105,R105,R105,R105,R105,R105,R105,R105,R105,,,,,,,,,,,,,,,,,,,,,,,,,,,,,,,,,,,,,,,,,,,,,,,,,,,,,,,,,,,,,,,,,,,
S413,,,,,S284,S281,,,,,,,,,,S293,,,,,,,,,,,,,,,,,,,,,S280,S304,S291,S296,,S98,S83,S279,S302,S292,S301,,,,,,,,,,,,,,,S108,S84,,,,S99,,,,,,,,,,,,,,,,,,,,,,,,,,,,,,,,,,,,,,,,,,,,S485,S282,S285,S283,S297,S303,S287,S286,S298,S299,S295,,,S277,,,,,,,,,S289
S414,,,,,,,,,,,R102,,,,,,,,,,,,,,,,,,,,,,,,,,,,,,,,,,,,,,,,,,R102,R102,R102,R102,R102,R102,R102,R102,R102,R102,R102,R102,R102,R102,,,,,,,,,,,,,,,,,,,,,,,,,,,,,,,,,,,,,,,,,,,,,,,,,,,,,,,,,,,,,,,,,,,
S415,,,,,S284,S281,,,,,,,,,,S293,,,,,,,,,,,,,,,,,,,,,S280,S304,S291,S296,,S98,S83,S279,S302,S292,S301,,,,,,,,,,,,,,,S108,S84,,,,S99,,,,,,,,,,,,,,,,,,,,,,,,,,,,,,,,,,,,,,,,,,,,,S486,S285,S283,S297,S303,S287,S286,S298,S299,S295,,,S277,,,,,,,,,S289
S416,,,,,S284,S281,,,,,,,,,,S293,,,,,,,,,,,,,,,,,,,,,S280,S304,S291,S296,,S98,S83,S279,S302,S292,S301,,,,,,,,,,,,,,,S108,S84,,,,S99,,,,,,,,,,,,,,,,,,,,,,,,,,,,,,,,,,,,,,,,,,,S487,S290,S282,S285,S283,S297,S303,S287,S286,S298,S299,S295,,,S277,,,,,,,,,S289
S417,,,,,S284,S281,,,,,,,,,,S293,,,,,,,,,,,,,,,,,,,,,S280,S304,S291,S296,,S98,S83,S279,S302,S292,S301,,,,,,,,,,,,,,,S108,S84,,,,S99,,,,,,,,,,,,,,,,,,,,,,,,,,,,,,,,,,,,,,,,S488,S300,S294,S288,S290,S282,S285,S283,S297,S303,S287,S286,S298,S299,S295,,,S277,,,,,,,,,S289
S418,,,,,S284,S281,,,,,,,,,,S293,,,,,,,,,,,,,,,,,,,,,S280,S304,S291,S296,,S98,S83,S279,S302,S292,S301,,,,,,,,,,,,,,,S108,S84,,,,S99,,,,,,,,,,,,,,,,,,,,,,,,,,,,,,,,,,,,,,,,,,S489,S288,S290,S282,S285,S283,S297,S303,S287,S286,S298,S299,S295,,,S277,,,,,,,,,S289
S419,,,,,S116,S113,,,,,,,,,,S125,,,,,,,,,,,,,,,,,,,,,S112,S136,S124,S128,,S98,S83,S111,S134,S123,S133,,,,,,,,,,,,,,,S108,S84,,,,S99,,,,,,,,,,,,,,,,,,,,,,,,,,,,,,,,,,,,,,,,S490,S132,S126,S120,S122,S114,S117,S115,S129,S135,S119,S118,S130,S131,S127,,,S109,,,,,,,,,S121
S420,,,,,,,,,,,,,R116,,,,,,,,,,,,,,,,,,,,,,,,,,,,,R116,R116,,,,,,,,,,,,,,,,,,,,,,,,,,,,,,,,,,,,,,,,,,,,,,,,,,,,,,,,,,,,,,,,,,,,,,,,,,,,,,,,,,,,,,,,,,
S421,,,R63,,R63,R63,,,,,,,,,R63,R63,R63,R63,R63,R63,R63,R63,R63,R63,R63,R63,R63,R63,,R63,R63,R63,R63,,,,R63,R63,R63,R63,,,,R63,R63,R63,R63,,,,,,,,,,,,,,,,,,,,,,,,,,,,,,,,,,,,,,,,,,,,,,,,,,,,,,,,,,,,,,,,,,,,,,,,,,,,,,,,,,,,,,
S422,,,,,,,,,,,,,,,,,,,,,,,,,,,,,,S491,,,,,,,,,,,,,,,,,,,,,,,,,,,,,,,,,,,,,,,,,,,,,,,,,,,,,,,,,,,,,,,,,,,,,,,,,,,,,,,,,,,,,,,,,,,,,,,,,,,,,,,
S423,,,,,R14,,,,,,,,,,,,,,,,,,,,,,,,,,,,,,,,,,,,,,,,,,,,,,,,,,,,,,,,,,,,,,,,,,,,,,,,,,,,,,,,,,,,,,,,,,,,,,,,,,,,,,,,,,,,,,,,,,,,,,,,,,,,,,,,
S424,,,,,,,R7,R7,,,,,,,,,,,,,,,,,,,,,,,,,,,,,,,,,,,,,,,,,,,,,,,,,,,,,,,,,,,,,,,,,,,,,,,,,,,,,,,,,,,,,,,,,,,,,,,,,,,,,,,,,,,,,,,,,,,,,,,,,,,,,
S425,,,R50,,R50,R50,,,,,,,,,R50,R50,R50,R50,R50,R50,R50,R50,R50,R50,R50,R50,R50,R50,,R50,R50,R50,R50,,,,R50,R50,R50,R50,,,,R50,R50,R50,R50,,,,,,,,,,,,,,,,,,,,,,,,,,,,,,,,,,,,,,,,,,,,,,,S492,,,,,,,,,,,,,,,,,,,,,,,,,,,,,,,,,,,,,,,
S426,,,,,,,,,,S493,,,,,,,,,,,,,,,,,,,,,,,,,,,,,,,,,,,,,,,,,,,,,,,,,,,,,,,,,,,,,,,,,,,,,,,,,,,,,,,,,,,,,,,,,,,,,,,,,,,,,,,,,,,,,,,,,,,,,,,,,,,
S427,,,,,,,,,,,S494,,,,,,,,,,,,,,,,,,,,,,,,,,,,,,,,,,,,,,,,,,,,,,,,,,,,,,,,,,,,,,,,,,,,,,,,,,,,,,,,,,,,,,,,,,,,,,,,,,,,,,,,,,,,,,,,,,,,,,,,,,
S428,,,,,,,,S366,,,,,S495,,,,,,,,,,,,,,,,,,,,,,,,,,,,,,,,,,,,,,,,,,,,,,,,,,,,,,,,,,,,,,,,,,,,,,,,,,,,,,,,,,,,,,,,,,,,,,,,,,,,,,,,,,,,,,,,,,,,,,,,
S429,,,,,S116,S113,,,,,,,,,,S125,,,,,,,,,,,,,,,,,,,,,S112,S136,S124,S128,,S98,S83,S111,S134,S123,S133,,,,,,,,,,,,,,,S108,S84,,,,S99,,,,,,,,,,,,,,,,,,,,,,,,,,,,,,,,,,,,,,,,S496,S132,S126,S120,S122,S114,S117,S115,S129,S135,S119,S118,S130,S131,S127,,,S109,,,,,,,,,S121
S430,,,,,,,,S398,,,,,S497,,,,,,,,,,,,,,,,,,,,,,,,,,,,,,,,,,,,,,,,,,,,,,,,,,,,,,,,,,,,,,,,,,,,,,,,,,,,,,,,,,,,,,,,,,,,,,,,,,,,,,,,,,,,,,,,,,,,,,,,
S431,,,,,R19,R19,,,,,,,,,,R19,,,,,,,,,,,,,,,,,,,,,R19,R19,R19,R19,,R19,R19,R19,R19,R19,R19,,,,,,,,,,,,,,,R19,R19,,,,R19,,,,,,,,,,,,,,,,,,,,,,,,,,,,,,,,,,,,,,,,,,,,,,,,,,,,,,,,,,,,,,,,,,
S432,,,,,,,,,,,,,R115,,,,,,,,,,,,,,,,,,,,,,,,,,,,R115,R115,R115,,,,,,,,,,R115,R115,R115,R115,R115,R115,R115,R115,R115,R115,R115,R115,R115,R115,,,,,,,,,,,,,,,,,,,,,,,,,,,,,,,,,,,,,,,,,,,,,,,,,,,,,,,,,,,,,,,,,,,
S433,,,,,,,,,,,,,R114,,,,,,,,,,,,,,,,,,,,,,,,,,,,R114,R114,R114,,,,,,,,,,R114,R114,R114,R114,R114,R114,R114,R114,R114,R114,R114,R114,R114,R114,,,,,,,,,,,,,,,,,,,,,,,,,,,,,,,,,,,,,,,,,,,,,,,,,,,,,,,,,,,,,,,,,,,
S434,,,,,,,,,,R112,,,R112,,,,,,,,,,,,,,,,,,,,,,,,,,,,R112,R112,R112,,,,,,,,,,R112,R112,R112,R112,R112,R112,R112,R112,R112,R112,R112,R112,R112,R112,,,,,,,,,,,,,,,,,,,,,,,,,,,,,,,,,,,,,,,,,,,,,,,,,,,,,,,,,,,,,,,,,,,
S435,,,,,,,,,,,,,R116,,,,,,,,,,,,,,,,,,,,,,,,,,,,R116,R116,R116,,,,,,,,,,R116,R116,R116,R116,R116,R116,R116,R116,R116,R116,R116,R116,R116,R116,,,,,,,,,,,,,,,,,,,,,,,,,,,,,,,,,,,,,,,,,,,,,,,,,,,,,,,,,,,,,,,,,,,
S436,,,,,,,R115,,,,,,,,,,,,,,,,,,,,,,,,,,,,,,,,,,R115,R115,R115,,,,,,,,,,R115,R115,R115,R115,R115,R115,R115,R115,R115,R115,R115,R115,R115,R115,,,,,,,,,,,,,,,,,,,,,,,,,,,,,,,,,,,,,,,,,,,,,,,,,,,,,,,,,,,,,,,,,,,
S437,,,,,,,R114,,,,,,,,,,,,,,,,,,,,,,,,,,,,,,,,,,R114,R114,R114,,,,,,,,,,R114,R114,R114,R114,R114,R114,R114,R114,R114,R114,R114,R114,R114,R114,,,,,,,,,,,,,,,,,,,,,,,,,,,,,,,,,,,,,,,,,,,,,,,,,,,,,,,,,,,,,,,,,,,
S438,,,,,,,R112,,,R112,,,,,,,,,,,,,,,,,,,,,,,,,,,,,,,R112,R112,R112,,,,,,,,,,R112,R112,R112,R112,R112,R112,R112,R112,R112,R112,R112,R112,R112,R112,,,,,,,,,,,,,,,,,,,,,,,,,,,,,,,,,,,,,,,,,,,,,,,,,,,,,,,,,,,,,,,,,,,
S439,,,,,,,R116,,,,,,,,,,,,,,,,,,,,,,,,,,,,,,,,,,R116,R116,R116,,,,,,,,,,R116,R116,R116,R116,R116,R116,R116,R116,R116,R116,R116,R116,R116,R116,,,,,,,,,,,,,,,,,,,,,,,,,,,,,,,,,,,,,,,,,,,,,,,,,,,,,,,,,,,,,,,,,,,
S440,,,R75,,,,,,,,,,,,,,,,,,,,,,,,,,,,,,,R75,,R75,,,,,,,,,,,,,,,,,,,,,,,,,,,,,,,,,,,,,,,,,,,,,,,,,,,,,,,,,,,,,,,,,,S498,,,,,,,,,,,,,,,,,,,,,,,,,,,,,,,
S441,,,R64,,R64,R64,,,,,,,,,R64,R64,R64,R64,R64,R64,R64,R64,R64,R64,R64,R64,R64,R64,,R64,R64,R64,R64,,,,R64,R64,R64,R64,,,,R64,R64,R64,R64,,,,,,,,,,,,,,,,,,,,,,,,,,,,,,,,,,,,,,,,,,,,,,,,,,,,,,,,,,,,,,,,,,,,,,,,,,,,,,,,,,,,,,
S442,,,,,,,S499,,,,,,,,,,,,,,,,,,,,,,,,,,,,,,,,,,,,,,,,,,,,,,,,,,,,,,,,,,,,,,,,,,,,,,,,,,,,,,,,,,,,,,,,,,,,,,,,,,,,,,,,,,,,,,,,,,,,,,,,,,,,,,
S443,,,,,,,R109,R109,,,,,,,,,,,,,,,,,,,,,,,,,,,,,,,,,R109,R109,R109,,,,,,,,,,R109,R109,R109,R109,R109,R109,R109,R109,R109,R109,R109,R109,R109,R109,,,,,,,,,,,,,,,,,,,,,,,,,,,,,,,,,,,,,,,,,,,,,,,,,,,,,,,,,,,,,,,,,,,
S444,,,,,,,R94,R94,,,,,,,,,,,,,,,,,,,,,,,,,,,,,,,,,,,,,,,,,,,,,R94,R94,R94,R94,R94,R94,R94,R94,R94,S197,S198,,,,,,,,,,,,,,,,,,,,,,,,,,,,,,,,,,,,,,,,,,,,,,,,,,,,,,,,,,,,,,,,,,,,S353,,
S445,,,,,,,R98,R98,,,,,,,,,,,,,,,,,,,,,,,,,,,,,,,,,,,,,,,,,,,,,R98,R98,R98,R98,R98,R98,R98,R98,R98,R98,R98,R98,R98,R98,,,,,,,,,,,,,,,,,,,,,,,,,,,,,,,,,,,,,,,,,,,,,,,,,,,,,,,,,,,,,,,,,,,
S446,,,,,,,S500,,,,,,,,,,,,,,,,,,,,,,,,,,,,,,,,,,,,,,,,,,,,,,,,,,,,,,,,,,,,,,,,,,,,,,,,,,,,,,,,,,,,,,,,,,,,,,,,,,,,,,,,,,,,,,,,,,,,,,,,,,,,,,
S447,,,,,,,R96,R96,,,,,,,,,,,,,,,,,,,,,,,,,,,,,,,,,,,,,,,,,,,,,R96,R96,R96,R96,R96,R96,R96,R96,R96,R96,R96,S192,S194,S191,,,,,,,,,,,,,,,,,,,,,,,,,,,,,,,,,,,,,,,,,,,,,,,,,,,,,,,,,,,,,,,,,,S351,
S448,,,,,,,R100,R100,,,,,,,,,,,,,,,,,,,,,,,,,,,,,,,,,,,,,,,,,,,,,R100,R100,R100,R100,R100,R100,R100,R100,R100,R100,R100,R100,R100,R100,,,,,,,,,,,,,,,,,,,,,,,,,,,,,,,,,,,,,,,,,,,,,,,,,,,,,,,,,,,,,,,,,,,
S449,,,,,,,R90,R90,,,,,,,,,,,,,,,,,,,,,,,,,,,,,,,,,,,,,,,,,,,,,R90,R90,R90,S207,S206,,,,,,,,,,,,,,,,,,,,,,,,,,,,,,,,,,,,,,,,,,,,,,,,,,,,,,,,,,,,,,,,,,,,,,,,S359,,,,
S450,,,,,,,R92,R92,,,,,,,,,,,,,,,,,,,,,,,,,,,,,,,,,,,,,,,,,,,,,R92,R92,R92,R92,R92,S187,S188,S189,S186,,,,,,,,,,,,,,,,,,,,,,,,,,,,,,,,,,,,,,,,,,,,,,,,,,,,,,,,,,,,,,,,,,,,,S350,,,
S451,,,,,,,R119,R119,,,,,,,,,,,,,,,,,,,,,,,,,,,,,,,,,,,,,,,,,,,,,,,,,,,,,,,,,,,,,,,,,,,,,,,,,,,,,,,,,,,,,,,,,,,,,,,,,,,,,,,,,,,,,,,,,,,,,,,,,,,,,
S452,,,,,,,R88,R88,,,,,,,,,,,,,,,,,,,,,,,,,,,,,,,,,,,,,,,,,,,,,R88,R88,S202,,,,,,,,,,,,,,,,,,,,,,,,,,,,,,,,,,,,,,,,,,,,,,,,,,,,,,,,,,,,,,,,,,,,,,,,,S357,,,,,
S453,,,,,,,,,,,S501,,,,,,,,,,,,,,,,,,,,,,,,,,,,,,,,,,,,,,,,,,,,,,,,,,,,,,,,,,,,,,,,,,,,,,,,,,,,,,,,,,,,,,,,,,,,,,,,,,,,,,,,,,,,,,,,,,,,,,,,,,
S454,,,,,,,R86,R86,,,,,,,,,,,,,,,,,,,,,,,,,,,,,,,,,,,,,,,,,,,,,R86,S209,,,,,,,,,,,,,,,,,,,,,,,,,,,,,,,,,,,,,,,,,,,,,,,,,,,,,,,,,,,,,,,,,,,,,,,,,S361,,,,,,
S455,,,,,,,S502,,,,,,,,,,,,,,,,,,,,,,,,,,,,,,,,,,,,,,,,,,,,,,,,,,,,,,,,,,,,,,,,,,,,,,,,,,,,,,,,,,,,,,,,,,,,,,,,,,,,,,,,,,,,,,,,,,,,,,,,,,,,,,
S456,,,,,,,,R25,,,,,R25,,,,,,,,,,,,,,,,,,,,,,,,,,,,,,,,,,,,,,,,,,,,,,,,,,,,,,,,,,,,,,,,,,,,,,,,,,,,,,,,,,,,,,,,,,,,,,,,,,,,,,,,,,,,,,,,,,,,,,,,
S457,,,,,,,,R27,,,,,R27,,,,,,,,,,,,,,,,,,,,,,,,,,,,,,,,,,,,,,,,,,,,,,,,,,,,,,,,,,,,,,,,,,,,,,,,,,,,,,,,,,,,,,,,,,,,,,,,,,,,,,,,,,,,,,,,,,,,,,,,
S458,,,R50,,R50,R50,,,,,,,,,R50,R50,R50,R50,R50,R50,R50,R50,R50,R50,R50,R50,R50,R50,,R50,R50,R50,R50,,,,R50,R50,R50,R50,,,,R50,R50,R50,R50,,,,,,,,,,,,,,,,,,,,,,,,,,,,,,,,,,,,,,,,,,,,,,,S503,,,,,,,,,,,,,,,,,,,,,,,,,,,,,,,,,,,,,,,
S459,,,,,S116,S113,,,,,,,,,,S125,,,,,,,,,,,,,,,,,,,,,S112,S136,S124,S128,,S98,S83,S111,S134,S123,S133,,,,,,,,,,,,,,,S108,S84,,,,S99,,,,,,,,,,,,,,,,,,,,,,,,,,,,,,,,,,,,,,,,S504,S132,S126,S120,S122,S114,S117,S115,S129,S135,S119,S118,S130,S131,S127,,,S109,,,,,,,,,S121
S460,,,,,,,S505,,,,,,,,,,,,,,,,,,,,,,,,,,,,,,,,,,,,,,,,,,,,,,,,,,,,,,,,,,,,,,,,,,,,,,,,,,,,,,,,,,,,,,,,,,,,,,,,,,,,,,,,,,,,,,,,,,,,,,,,,,,,,,
S461,,,,,S377,S374,,,,,,,,,,S386,,,,,,,,,,,,,,,,,,,,,S373,S397,S384,S389,,S98,S83,S372,S395,S385,S394,,,,,,,,,,,,,,,S108,S84,,,,S99,,,,,,,,,,,,,,,,,,,,,,,,,,,,,,,,,,,,,,,,,,,,,,S506,S376,S390,S396,S380,S379,S391,S392,S388,,,S370,,,,,,,,,S382
S462,,,,,S377,S374,,,,,,,,,,S386,,,,,,,,,,,,,,,,,,,,,S373,S397,S384,S389,,S98,S83,S372,S395,S385,S394,,,,,,,,,,,,,,,S108,S84,,,,S99,,,,,,,,,,,,,,,,,,,,,,,,,,,,,,,,,,,,,,,,,,,,,,,,S390,S507,S380,S379,S391,S392,S388,,,S370,,,,,,,,,S382
S463,,,,,S240,S237,R118,,,,,,,,,S250,,,,,,,,,,,,,,,,,,,,,S236,S262,S248,S253,,S98,S83,S235,S260,S247,S259,,,,,,,,,,,,,,,S108,S84,,,,S99,,,,,,,,,,,,,,,,,,,,,,,,,,,,,,,,,,,,,,,,S234,S258,S251,S244,S246,S238,S241,S239,S254,S261,S243,S242,S255,S256,S252,S508,S249,S233,,,,,,,,,S245
S464,,,,,S377,S374,,,,,,,,,,S386,,,,,,,,,,,,,,,,,,,,,S373,S397,S384,S389,,S98,S83,S372,S395,S385,S394,,,,,,,,,,,,,,,S108,S84,,,,S99,,,,,,,,,,,,,,,,,,,,,,,,,,,,,,,,,,,,,,,,,,,,,,,S509,S390,S396,S380,S379,S391,S392,S388,,,S370,,,,,,,,,S382
S465,,,,,,,,R104,,,,,R104,,,,,,,,,,,,,,,,,,,,,,,,,,,,R104,R104,R104,,,,,,,,,,R104,R104,R104,R104,R104,R104,R104,R104,R104,R104,R104,R104,R104,R104,,,,,,,,,,,,,,,,,,,,,,,,,,,,,,,,,,,,,,,,,,,,,,,,,,,,,,,,,,,,,,,,,,,
S466,,,,,S377,S374,,,,,,,,,,S386,,,,,,,,,,,,,,,,,,,,,S373,S397,S384,S389,,,,S372,S395,S385,S394,,,,,,,,,,,,,,,,,,,,,,,,,,,,,,,,,,,,,,,,,,,,,,,,,,,,,,,,,,,,,,,,,,,,S510,,S380,S379,S391,S392,S388,,,S370,,,,,,,,,
S467,,,,,,,,R105,,,,,R105,,,,,,,,,,,,,,,,,,,,,,,,,,,,R105,R105,R105,,,,,,,,,,R105,R105,R105,R105,R105,R105,R105,R105,R105,R105,R105,R105,R105,R105,,,,,,,,,,,,,,,,,,,,,,,,,,,,,,,,,,,,,,,,,,,,,,,,,,,,,,,,,,,,,,,,,,,
S468,,,,,S377,S374,,,,,,,,,,S386,,,,,,,,,,,,,,,,,,,,,S373,S397,S384,S389,,S98,S83,S372,S395,S385,S394,,,,,,,,,,,,,,,S108,S84,,,,S99,,,,,,,,,,,,,,,,,,,,,,,,,,,,,,,,,,,,,,,,,,,,S511,S375,S378,S376,S390,S396,S380,S379,S391,S392,S388,,,S370,,,,,,,,,S382
S469,,,,,,,,R102,,,,,R102,,,,,,,,,,,,,,,,,,,,,,,,,,,,,,,,,,,,,,,,R102,R102,R102,R102,R102,R102,R102,R102,R102,R102,R102,R102,R102,R102,,,,,,,,,,,,,,,,,,,,,,,,,,,,,,,,,,,,,,,,,,,,,,,,,,,,,,,,,,,,,,,,,,,
S470,,,,,S377,S374,,,,,,,,,,S386,,,,,,,,,,,,,,,,,,,,,S373,S397,S384,S389,,S98,S83,S372,S395,S385,S394,,,,,,,,,,,,,,,S108,S84,,,,S99,,,,,,,,,,,,,,,,,,,,,,,,,,,,,,,,,,,,,,,,,,,,,S512,S378,S376,S390,S396,S380,S379,S391,S392,S388,,,S370,,,,,,,,,S382
S471,,,,,S377,S374,,,,,,,,,,S386,,,,,,,,,,,,,,,,,,,,,S373,S397,S384,S389,,S98,S83,S372,S395,S385,S394,,,,,,,,,,,,,,,S108,S84,,,,S99,,,,,,,,,,,,,,,,,,,,,,,,,,,,,,,,,,,,,,,,,,,S513,S383,S375,S378,S376,S390,S396,S380,S379,S391,S392,S388,,,S370,,,,,,,,,S382
S472,,,,,S284,S281,,,,,,,,,,S293,,,,,,,,,,,,,,,,,,,,,S280,S304,S291,S296,,S98,S83,S279,S302,S292,S301,,,,,,,,,,,,,,,S108,S84,,,,S99,,,,,,,,,,,,,,,,,,,,,,,,,,,,,,,,,,,,,,,,S514,S300,S294,S288,S290,S282,S285,S283,S297,S303,S287,S286,S298,S299,S295,,,S277,,,,,,,,,S289
S473,,,,,S377,S374,,,,,,,,,,S386,,,,,,,,,,,,,,,,,,,,,S373,S397,S384,S389,,S98,S83,S372,S395,S385,S394,,,,,,,,,,,,,,,S108,S84,,,,S99,,,,,,,,,,,,,,,,,,,,,,,,,,,,,,,,,,,,,,,,,,S515,S381,S383,S375,S378,S376,S390,S396,S380,S379,S391,S392,S388,,,S370,,,,,,,,,S382
S474,,,,,S116,S113,,,,,,,,,,S125,,,,,,,,,,,,,,,,,,,,,S112,S136,S124,S128,,S98,S83,S111,S134,S123,S133,,,,,,,,,,,,,,,S108,S84,,,,S99,,,,,,,,,,,,,,,,,,,,,,,,,,,,,,,,,,,,,,,,S516,S132,S126,S120,S122,S114,S117,S115,S129,S135,S119,S118,S130,S131,S127,,,S109,,,,,,,,,S121
S475,,,,,,,,R29,,,,,R29,,,,,,,,,,,,,,,,,,,,,,,,,,,,,,,,,,,,,,,,,,,,,,,,,,,,,,,,,,,,,,,,,,,,,,,,,,,,,,,,,,,,,,,,,,,,,,,,,,,,,,,,,,,,,,,,,,,,,,,,
S476,,,,,,,,,,,S517,,,,,,,,,,,,,,,,,,,,,,,,,,,,,,,,,,,,,,,,,,,,,,,,,,,,,,,,,,,,,,,,,,,,,,,,,,,,,,,,,,,,,,,,,,,,,,,,,,,,,,,,,,,,,,,,,,,,,,,,,,
S477,,,R50,,R50,R50,,,,,,,,,R50,R50,R50,R50,R50,R50,R50,R50,R50,R50,R50,R50,R50,R50,,R50,R50,R50,R50,,,,R50,R50,R50,R50,,,,R50,R50,R50,R50,,,,,,,,,,,,,,,,,,,,,,,,,,,,,,,,,,,,,,,,,,,,,,,S518,,,,,,,,,,,,,,,,,,,,,,,,,,,,,,,,,,,,,,,
S478,,,,,,,S519,,,,,,,,,,,,,,,,,,,,,,,,,,,,,,,,,,,,,,,,,,,,,,,,,,,,,,,,,,,,,,,,,,,,,,,,,,,,,,,,,,,,,,,,,,,,,,,,,,,,,,,,,,,,,,,,,,,,,,,,,,,,,,
S479,,,,,,,,,,,R109,,,,,,,,,,,,,,,,,,,,,,,,,,,,,,R109,R109,R109,,,,,,,,,,R109,R109,R109,R109,R109,R109,R109,R109,R109,R109,R109,R109,R109,R109,,,,,,,,,,,,,,,,,,,,,,,,,,,,,,,,,,,,,,,,,,,,,,,,,,,,,,,,,,,,,,,,,,,
S480,,,,,,,,,,,R94,,,,,,,,,,,,,,,,,,,,,,,,,,,,,,,,,,,,,,,,,,R94,R94,R94,R94,R94,R94,R94,R94,R94,S197,S198,,,,,,,,,,,,,,,,,,,,,,,,,,,,,,,,,,,,,,,,,,,,,,,,,,,,,,,,,,,,,,,,,,,,S409,,
S481,,,,,,,,,,,R98,,,,,,,,,,,,,,,,,,,,,,,,,,,,,,,,,,,,,,,,,,R98,R98,R98,R98,R98,R98,R98,R98,R98,R98,R98,R98,R98,R98,,,,,,,,,,,,,,,,,,,,,,,,,,,,,,,,,,,,,,,,,,,,,,,,,,,,,,,,,,,,,,,,,,,
S482,,,,,,,S520,,,,,,,,,,,,,,,,,,,,,,,,,,,,,,,,,,,,,,,,,,,,,,,,,,,,,,,,,,,,,,,,,,,,,,,,,,,,,,,,,,,,,,,,,,,,,,,,,,,,,,,,,,,,,,,,,,,,,,,,,,,,,,
S483,,,,,,,,,,,R96,,,,,,,,,,,,,,,,,,,,,,,,,,,,,,,,,,,,,,,,,,R96,R96,R96,R96,R96,R96,R96,R96,R96,R96,R96,S192,S194,S191,,,,,,,,,,,,,,,,,,,,,,,,,,,,,,,,,,,,,,,,,,,,,,,,,,,,,,,,,,,,,,,,,,S407,
S484,,,,,,,,,,,R100,,,,,,,,,,,,,,,,,,,,,,,,,,,,,,,,,,,,,,,,,,R100,R100,R100,R100,R100,R100,R100,R100,R100,R100,R100,R100,R100,R100,,,,,,,,,,,,,,,,,,,,,,,,,,,,,,,,,,,,,,,,,,,,,,,,,,,,,,,,,,,,,,,,,,,
S485,,,,,,,,,,,R90,,,,,,,,,,,,,,,,,,,,,,,,,,,,,,,,,,,,,,,,,,R90,R90,R90,S207,S206,,,,,,,,,,,,,,,,,,,,,,,,,,,,,,,,,,,,,,,,,,,,,,,,,,,,,,,,,,,,,,,,,,,,,,,,S415,,,,
S486,,,,,,,,,,,R92,,,,,,,,,,,,,,,,,,,,,,,,,,,,,,,,,,,,,,,,,,R92,R92,R92,R92,R92,S187,S188,S189,S186,,,,,,,,,,,,,,,,,,,,,,,,,,,,,,,,,,,,,,,,,,,,,,,,,,,,,,,,,,,,,,,,,,,,,S406,,,
S487,,,,,,,,,,,R88,,,,,,,,,,,,,,,,,,,,,,,,,,,,,,,,,,,,,,,,,,R88,R88,S202,,,,,,,,,,,,,,,,,,,,,,,,,,,,,,,,,,,,,,,,,,,,,,,,,,,,,,,,,,,,,,,,,,,,,,,,,S413,,,,,
S488,,,,,,,,,,,S521,,,,,,,,,,,,,,,,,,,,,,,,,,,,,,,,,,,,,,,,,,,,,,,,,,,,,,,,,,,,,,,,,,,,,,,,,,,,,,,,,,,,,,,,,,,,,,,,,,,,,,,,,,,,,,,,,,,,,,,,,,
S489,,,,,,,,,,,R86,,,,,,,,,,,,,,,,,,,,,,,,,,,,,,,,,,,,,,,,,,R86,S209,,,,,,,,,,,,,,,,,,,,,,,,,,,,,,,,,,,,,,,,,,,,,,,,,,,,,,,,,,,,,,,,,,,,,,,,,S416,,,,,,
S490,,,,,,,S522,,,,,,,,,,,,,,,,,,,,,,,,,,,,,,,,,,,,,,,,,,,,,,,,,,,,,,,,,,,,,,,,,,,,,,,,,,,,,,,,,,,,,,,,,,,,,,,,,,,,,,,,,,,,,,,,,,,,,,,,,,,,,,
S491,,,,,,S523,,,,,,,,,,,,,,,,,,,,,,,,,,,,,,,,,,,,,,,,,,,,,,,,,,,,,,,,,,,,,,,,,,,,,,,,,,,,,,,,,,,,,,,,,,,,,,,,,,,,,,,,,,,,,,,,,,,,,,,,,,,,,,,
S492,,,S524,,S44,S33,,,,,,,,,S46,S57,S64,S34,S54,S39,S70,S30,S31,S37,S47,S68,S42,S53,,S48,S69,S27,S41,,,,S32,S71,S55,S61,,,,S29,S66,S56,S67,,,,,,,,,,,,,,,,,,,,,,,,,,,,,,S35,S36,,,S52,,,S43,,,,,,,,,S49,,S58,S65,S60,,S40,,S38,,,,,S45,,,,,,,,,,,S51,S50,S62,S63,S59,,,S28,,,,,,,,,
S493,,,,,,,,,,,S525,,,,,,,,,,,,,,,,,,,,,,,,,,,,,,,,,,,,,,,,,,,,,,,,,,,,,,,,,,,,,,,,,,,,,,,,,,,,,,,,,,,,,,,,,,,,,,,,,,,,,,,,,,,,,,,,,,,,,,,,,,
S494,,,,,,,,,,R112,,,,R112,,,,,,,,,,,,,,,,,,,,,,,,,,,,,,,,,,R112,R112,R112,R112,R112,,,,,,,,,,,,,,,,,,,,,,,,,,,,,,,,,,,,,,,,,,,,,,,,,,,,,,,,,,,,,,,,,,,,,,,,,,,,,,,,,
S495,,,,,R24,R24,,,,,,,,,,R24,,,,,,,,,,,,,,,,,,,,,R24,R24,R24,R24,,R24,R24,R24,R24,R24,R24,,,,,,,,,,,,,,,R24,R24,,,,R24,,,,,,,,,,,,,,,,,,,,,,,,,,,,,,,,,,,,,,,,,,,,,,,,,,,,,,,,,,,,,,,,,,
S496,,,,,,,S526,,,,,,,,,,,,,,,,,,,,,,,,,,,,,,,,,,,,,,,,,,,,,,,,,,,,,,,,,,,,,,,,,,,,,,,,,,,,,,,,,,,,,,,,,,,,,,,,,,,,,,,,,,,,,,,,,,,,,,,,,,,,,,
S497,,,,,R28,R28,,,,,,,,,,R28,,,,,,,,,,,,,,,,,,,,,R28,R28,R28,R28,,R28,R28,R28,R28,R28,R28,,,,,,,,,,,,,,,R28,R28,,,,R28,,,,,,,,,,,,,,,,,,,,,,,,,,,,,,,,,,,,,,,,,,,,,,,,,,,,,,,,,,,,,,,,,,
S498,,,R78,,,,,,,,,,,,,,,,,,,,,,,,,,,,,,,S527,,S530,,,,,,,,,,,,,,,,,,,,,,,,,,,,,,,,,,,,,,,,,,,,,,,,,,,,,,,,,,,,,,,,,,,S529,S528,,,,,,,,,,,,,,,,,,,,,,,,,,,,,
S499,,,,,,,R115,R115,,,,,,,,,,,,,,,,,,,,,,,,,,,,,,,,,R115,R115,R115,,,,,,,,,,R115,R115,R115,R115,R115,R115,R115,R115,R115,R115,R115,R115,R115,R115,,,,,,,,,,,,,,,,,,,,,,,,,,,,,,,,,,,,,,,,,,,,,,,,,,,,,,,,,,,,,,,,,,,
S500,,,,,,,R114,R114,,,,,,,,,,,,,,,,,,,,,,,,,,,,,,,,,R114,R114,R114,,,,,,,,,,R114,R114,R114,R114,R114,R114,R114,R114,R114,R114,R114,R114,R114,R114,,,,,,,,,,,,,,,,,,,,,,,,,,,,,,,,,,,,,,,,,,,,,,,,,,,,,,,,,,,,,,,,,,,
S501,,,,,,,R112,R112,,R112,,,,,,,,,,,,,,,,,,,,,,,,,,,,,,,R112,R112,R112,,,,,,,,,,R112,R112,R112,R112,R112,R112,R112,R112,R112,R112,R112,R112,R112,R112,,,,,,,,,,,,,,,,,,,,,,,,,,,,,,,,,,,,,,,,,,,,,,,,,,,,,,,,,,,,,,,,,,,
S502,,,,,,,R116,R116,,,,,,,,,,,,,,,,,,,,,,,,,,,,,,,,,R116,R116,R116,,,,,,,,,,R116,R116,R116,R116,R116,R116,R116,R116,R116,R116,R116,R116,R116,R116,,,,,,,,,,,,,,,,,,,,,,,,,,,,,,,,,,,,,,,,,,,,,,,,,,,,,,,,,,,,,,,,,,,
S503,,,S531,,S44,S33,,,,,,,,,S46,S57,S64,S34,S54,S39,S70,S30,S31,S37,S47,S68,S42,S53,,S48,S69,S27,S41,,,,S32,S71,S55,S61,,,,S29,S66,S56,S67,,,,,,,,,,,,,,,,,,,,,,,,,,,,,,S35,S36,,,S52,,,S43,,,,,,,,,S49,,S58,S65,S60,,S40,,S38,,,,,S45,,,,,,,,,,,S51,S50,S62,S63,S59,,,S28,,,,,,,,,
S504,,,,,,,S532,,,,,,,,,,,,,,,,,,,,,,,,,,,,,,,,,,,,,,,,,,,,,,,,,,,,,,,,,,,,,,,,,,,,,,,,,,,,,,,,,,,,,,,,,,,,,,,,,,,,,,,,,,,,,,,,,,,,,,,,,,,,,,
S505,,,,,,,,R109,,,,,R109,,,,,,,,,,,,,,,,,,,,,,,,,,,,R109,R109,R109,,,,,,,,,,R109,R109,R109,R109,R109,R109,R109,R109,R109,R109,R109,R109,R109,R109,,,,,,,,,,,,,,,,,,,,,,,,,,,,,,,,,,,,,,,,,,,,,,,,,,,,,,,,,,,,,,,,,,,
S506,,,,,,,,R94,,,,,R94,,,,,,,,,,,,,,,,,,,,,,,,,,,,,,,,,,,,,,,,R94,R94,R94,R94,R94,R94,R94,R94,R94,S197,S198,,,,,,,,,,,,,,,,,,,,,,,,,,,,,,,,,,,,,,,,,,,,,,,,,,,,,,,,,,,,,,,,,,,,S464,,
S507,,,,,,,,R98,,,,,R98,,,,,,,,,,,,,,,,,,,,,,,,,,,,,,,,,,,,,,,,R98,R98,R98,R98,R98,R98,R98,R98,R98,R98,R98,R98,R98,R98,,,,,,,,,,,,,,,,,,,,,,,,,,,,,,,,,,,,,,,,,,,,,,,,,,,,,,,,,,,,,,,,,,,
S508,,,,,,,S533,,,,,,,,,,,,,,,,,,,,,,,,,,,,,,,,,,,,,,,,,,,,,,,,,,,,,,,,,,,,,,,,,,,,,,,,,,,,,,,,,,,,,,,,,,,,,,,,,,,,,,,,,,,,,,,,,,,,,,,,,,,,,,
S509,,,,,,,,R96,,,,,R96,,,,,,,,,,,,,,,,,,,,,,,,,,,,,,,,,,,,,,,,R96,R96,R96,R96,R96,R96,R96,R96,R96,R96,R96,S192,S194,S191,,,,,,,,,,,,,,,,,,,,,,,,,,,,,,,,,,,,,,,,,,,,,,,,,,,,,,,,,,,,,,,,,,S462,
S510,,,,,,,,R100,,,,,R100,,,,,,,,,,,,,,,,,,,,,,,,,,,,,,,,,,,,,,,,R100,R100,R100,R100,R100,R100,R100,R100,R100,R100,R100,R100,R100,R100,,,,,,,,,,,,,,,,,,,,,,,,,,,,,,,,,,,,,,,,,,,,,,,,,,,,,,,,,,,,,,,,,,,
S511,,,,,,,,R90,,,,,R90,,,,,,,,,,,,,,,,,,,,,,,,,,,,,,,,,,,,,,,,R90,R90,R90,S207,S206,,,,,,,,,,,,,,,,,,,,,,,,,,,,,,,,,,,,,,,,,,,,,,,,,,,,,,,,,,,,,,,,,,,,,,,,S470,,,,
S512,,,,,,,,R92,,,,,R92,,,,,,,,,,,,,,,,,,,,,,,,,,,,,,,,,,,,,,,,R92,R92,R92,R92,R92,S187,S188,S189,S186,,,,,,,,,,,,,,,,,,,,,,,,,,,,,,,,,,,,,,,,,,,,,,,,,,,,,,,,,,,,,,,,,,,,,S461,,,
S513,,,,,,,,R88,,,,,R88,,,,,,,,,,,,,,,,,,,,,,,,,,,,,,,,,,,,,,,,R88,R88,S202,,,,,,,,,,,,,,,,,,,,,,,,,,,,,,,,,,,,,,,,,,,,,,,,,,,,,,,,,,,,,,,,,,,,,,,,,S468,,,,,
S514,,,,,,,,,,,S534,,,,,,,,,,,,,,,,,,,,,,,,,,,,,,,,,,,,,,,,,,,,,,,,,,,,,,,,,,,,,,,,,,,,,,,,,,,,,,,,,,,,,,,,,,,,,,,,,,,,,,,,,,,,,,,,,,,,,,,,,,
S515,,,,,,,,R86,,,,,R86,,,,,,,,,,,,,,,,,,,,,,,,,,,,,,,,,,,,,,,,R86,S209,,,,,,,,,,,,,,,,,,,,,,,,,,,,,,,,,,,,,,,,,,,,,,,,,,,,,,,,,,,,,,,,,,,,,,,,,S471,,,,,,
S516,,,,,,,S535,,,,,,,,,,,,,,,,,,,,,,,,,,,,,,,,,,,,,,,,,,,,,,,,,,,,,,,,,,,,,,,,,,,,,,,,,,,,,,,,,,,,,,,,,,,,,,,,,,,,,,,,,,,,,,,,,,,,,,,,,,,,,,
S517,,,,,,,,R33,,S536,,,R33,S537,,,,,,,,,,,,,,,,,,,,,,,,,,,,,,,,,,,,,,,,,,,,,,,,,,,,,,,,,,,,,,,,,,,,,,,,,,,,,,,,,,,,,,,,,,,,,,,,,,,,,,,,,,,,,,,,,,,,,,,
S518,,,S538,,S44,S33,,,,,,,,,S46,S57,S64,S34,S54,S39,S70,S30,S31,S37,S47,S68,S42,S53,,S48,S69,S27,S41,,,,S32,S71,S55,S61,,,,S29,S66,S56,S67,,,,,,,,,,,,,,,,,,,,,,,,,,,,,,S35,S36,,,S52,,,S43,,,,,,,,,S49,,S58,S65,S60,,S40,,S38,,,,,S45,,,,,,,,,,,S51,S50,S62,S63,S59,,,S28,,,,,,,,,
S519,,,,,,,,,,,R115,,,,,,,,,,,,,,,,,,,,,,,,,,,,,,R115,R115,R115,,,,,,,,,,R115,R115,R115,R115,R115,R115,R115,R115,R115,R115,R115,R115,R115,R115,,,,,,,,,,,,,,,,,,,,,,,,,,,,,,,,,,,,,,,,,,,,,,,,,,,,,,,,,,,,,,,,,,,
S520,,,,,,,,,,,R114,,,,,,,,,,,,,,,,,,,,,,,,,,,,,,R114,R114,R114,,,,,,,,,,R114,R114,R114,R114,R114,R114,R114,R114,R114,R114,R114,R114,R114,R114,,,,,,,,,,,,,,,,,,,,,,,,,,,,,,,,,,,,,,,,,,,,,,,,,,,,,,,,,,,,,,,,,,,
S521,,,,,,,,,,R112,R112,,,,,,,,,,,,,,,,,,,,,,,,,,,,,,R112,R112,R112,,,,,,,,,,R112,R112,R112,R112,R112,R112,R112,R112,R112,R112,R112,R112,R112,R112,,,,,,,,,,,,,,,,,,,,,,,,,,,,,,,,,,,,,,,,,,,,,,,,,,,,,,,,,,,,,,,,,,,
S522,,,,,,,,,,,R116,,,,,,,,,,,,,,,,,,,,,,,,,,,,,,R116,R116,R116,,,,,,,,,,R116,R116,R116,R116,R116,R116,R116,R116,R116,R116,R116,R116,R116,R116,,,,,,,,,,,,,,,,,,,,,,,,,,,,,,,,,,,,,,,,,,,,,,,,,,,,,,,,,,,,,,,,,,,
S523,,,,,S116,S113,,,,,,,,,,S125,,,,,,,,,,,,,,,,,,,,,S112,S136,S124,S128,,S98,S83,S111,S134,S123,S133,,,,,,,,,,,,,,,S108,S84,,,,S99,,,,,,,,,,,,,,,,,,,,,,,,,,,,,,,,,,,,,,,,S539,S132,S126,S120,S122,S114,S117,S115,S129,S135,S119,S118,S130,S131,S127,,,S109,,,,,,,,,S121
S524,R4,,,R4,,,,,,,,,,,,,,,,,,,,,,,,,,,,,,,,,,,,,,,,,,,,,,,,,,,,,,,,,,,,,,,,,,,,,,,,,,,,,,,,,,,,,,,,,,,,,,,,,,,,,,,,,,,,,,,,,,,,,,,,,,,,,,,,,
S525,,,,,,,R10,R10,,S540,,,,,,,,,,,,,,,,,,,,,,,,,,,,,,,,,,,,,,,,,,,,,,,,,,,,,,,,,,,,,,,,,,,,,,,,,,,,,,,,,,,,,,,,,,,,,,,,,,,,,,,,,,,,,,,,,,,,,,,,,,,
S526,,S541,,,,,,,,,,,,,,,,,,,,,,,,,,,,,,,,,,,,,,,,,,,,,,,,,,,,,,,,,,,,,,,,,,,,,,,,,,,,,,,,,,,,,,,,,,,,,,,,,,,,,,,,,,,,,,,,,,,,,,,,,,,,,,,,,,,
S527,,,,,,,,,,,,,,,,S546,,,,,,,,,,,,,,,,,,,,,S544,S547,S545,S542,,,,,,,,,,,,,,,,,,,,,,,,,,,,,,,,,,,,,,,,,,,,,,,,,,,,,,,,,,,,,,,,,S543,,,,,,,,,,,,,,,,,,,,,,,,,,,,
S528,,,S548,,,,,,,,,,,,,,,,,,,,,,,,,,,,,,,,,,,,,,,,,,,,,,,,,,,,,,,,,,,,,,,,,,,,,,,,,,,,,,,,,,,,,,,,,,,,,,,,,,,,,,,,,,,,,,,,,,,,,,,,,,,,,,,,,,
S529,,,R74,,,,,,,,,,,,,,,,,,,,,,,,,,,,,,,R74,,R74,,,,,,,,,,,,,,,,,,,,,,,,,,,,,,,,,,,,,,,,,,,,,,,,,,,,,,,,,,,,,,,,,,,,,,,,,,,,,,,,,,,,,,,,,,,,,,,,,
S530,,,,,,,,,,,,,,,,,,,,,,,,,,,,,,,,,,,S549,,,,,,,,,,,,,,,,,,,,,,,,,,,,,,,,,,,,,,,,,,,,,,,,,,,,,,,,,,,,,,,,,,,,,,,,,,,,,,,,,,,,,,,,,,,,,,,,,,
S531,,,R68,,R68,R68,,,,,,,,,R68,R68,R68,R68,R68,R68,R68,R68,R68,R68,R68,R68,R68,R68,,R68,R68,R68,R68,,,,R68,R68,R68,R68,,,,R68,R68,R68,R68,,,,,,,,,,,,,,,,,,,,,,,,,,,,,,,,,,,,,,,,,,,,,,,,,,,,,,,,,,,,,,,,,,,,,,,,,,,,,,,,,,,,,,
S532,,,,,,,,R115,,,,,R115,,,,,,,,,,,,,,,,,,,,,,,,,,,,R115,R115,R115,,,,,,,,,,R115,R115,R115,R115,R115,R115,R115,R115,R115,R115,R115,R115,R115,R115,,,,,,,,,,,,,,,,,,,,,,,,,,,,,,,,,,,,,,,,,,,,,,,,,,,,,,,,,,,,,,,,,,,
S533,,,,,,,,R114,,,,,R114,,,,,,,,,,,,,,,,,,,,,,,,,,,,R114,R114,R114,,,,,,,,,,R114,R114,R114,R114,R114,R114,R114,R114,R114,R114,R114,R114,R114,R114,,,,,,,,,,,,,,,,,,,,,,,,,,,,,,,,,,,,,,,,,,,,,,,,,,,,,,,,,,,,,,,,,,,
S534,,,,,,,,R112,,R112,,,R112,,,,,,,,,,,,,,,,,,,,,,,,,,,,R112,R112,R112,,,,,,,,,,R112,R112,R112,R112,R112,R112,R112,R112,R112,R112,R112,R112,R112,R112,,,,,,,,,,,,,,,,,,,,,,,,,,,,,,,,,,,,,,,,,,,,,,,,,,,,,,,,,,,,,,,,,,,
S535,,,,,,,,R116,,,,,R116,,,,,,,,,,,,,,,,,,,,,,,,,,,,R116,R116,R116,,,,,,,,,,R116,R116,R116,R116,R116,R116,R116,R116,R116,R116,R116,R116,R116,R116,,,,,,,,,,,,,,,,,,,,,,,,,,,,,,,,,,,,,,,,,,,,,,,,,,,,,,,,,,,,,,,,,,,
S536,,,,,,,,,,,,,,,,S550,,,,,,,,,,,,,,,,,,,,,,,,,,,,,,,,,,,,,,,,,,,,,,,,,,,,,,,,,,,,,,,,,,,,,,,,,,,,,,,,,,,,,,,,,,,,,,,,,,,,,,,,,,,,,,,,,,,,,
S537,,S552,,,,,,,,,,,,,,,,,,,,,,,,,,,,,,,,,,,,,,,,,,,,,,,,,,,,,,,,,,,,,,,,,,,,,,,,,,,,,,,,,,,,,,S551,,,,,,,,,,,,,,,,,,,,,,,,,,,,,,,,,,,,,,,,,,,,,
S538,,,R67,,R67,R67,,,,,,,,,R67,R67,R67,R67,R67,R67,R67,R67,R67,R67,R67,R67,R67,R67,S554,R67,R67,R67,R67,,,,R67,R67,R67,R67,,,,R67,R67,R67,R67,,,,,,,,,,,,,,,,,,,,,,,,,,,,,,,,,,,,,,,,,,,,,,,,,,,S553,,,,,,,,,,,,,,,,,,,,,,,,,,,,,,,,,,,
S539,,,,,,,S555,,,,,,,,,,,,,,,,,,,,,,,,,,,,,,,,,,,,,,,,,,,,,,,,,,,,,,,,,,,,,,,,,,,,,,,,,,,,,,,,,,,,,,,,,,,,,,,,,,,,,,,,,,,,,,,,,,,,,,,,,,,,,,
S540,,,,,,,,,,,S556,,,,,,,,,,,,,,,,,,,,,,,,,,,,,,,,,,,,,,,,,,,,,,,,,,,,,,,,,,,,,,,,,,,,,,,,,,,,,,,,,,,,,,,,,,,,,,,,,,,,,,,,,,,,,,,,,,,,,,,,,,
S541,,,R50,,R50,R50,,,,,,,,,R50,R50,R50,R50,R50,R50,R50,R50,R50,R50,R50,R50,R50,R50,,R50,R50,R50,R50,,,,R50,R50,R50,R50,,,,R50,R50,R50,R50,,,,,,,,,,,,,,,,,,,,,,,,,,,,,,,,,,,,,,,,,,,,,,,S557,,,,,,,,,,,,,,,,,,,,,,,,,,,,,,,,,,,,,,,
S542,,,,,,,,,,,,,,,,,,,,,,,,,,,,,,,,,,,R83,,,,,,,,,,,,,,,,,,,,,,,,,,,,,,,,,,,,,,,,,,,,,,,,,,,,,,,,,,,,,,,,,,,,,,,,,,,,,,,,,,,,,,,,,,,,,,,,,,
S543,,,,,,,,,,,,,,,,,,,,,,,,,,,,,,,,,,,S558,,,,,,,,,,,,,,,,,,,,,,,,,,,,,,,,,,,,,,,,,,,,,,,,,,,,,,,,,,,,,,,,,,,,,,,,,,,,,,,,,,,,,,,,,,,,,,,,,,
S544,,,,,,,,,,,,,,,,,,,,,,,,,,,,,,,,,,,R80,,,,,,,,,,,,,,,,,,,,,,,,,,,,,,,,,,,,,,,,,,,,,,,,,,,,,,,,,,,,,,,,,,,,,,,,,,,,,,,,,,,,,,,,,,,,,,,,,,
S545,,,,,,,,,,,,,,,,,,,,,,,,,,,,,,,,,,,R82,,,,,,,,,,,,,,,,,,,,,,,,,,,,,,,,,,,,,,,,,,,,,,,,,,,,,,,,,,,,,,,,,,,,,,,,,,,,,,,,,,,,,,,,,,,,,,,,,,
S546,,,,,,,,,,,,,,,,,,,,,,,,,,,,,,,,,,,R79,,,,,,,,,,,,,,,,,,,,,,,,,,,,,,,,,,,,,,,,,,,,,,,,,,,,,,,,,,,,,,,,,,,,,,,,,,,,,,,,,,,,,,,,,,,,,,,,,,
S547,,,,,,,,,,,,,,,,,,,,,,,,,,,,,,,,,,,R81,,,,,,,,,,,,,,,,,,,,,,,,,,,,,,,,,,,,,,,,,,,,,,,,,,,,,,,,,,,,,,,,,,,,,,,,,,,,,,,,,,,,,,,,,,,,,,,,,,
S548,,,R73,,R73,R73,,,,,,,,,R73,R73,R73,R73,R73,R73,R73,R73,R73,R73,R73,R73,R73,R73,,R73,R73,R73,R73,,,,R73,R73,R73,R73,,,,R73,R73,R73,R73,,,,,,,,,,,,,,,,,,,,,,,,,,,,,,,,,,,,,,,,,,,,,,,,,,,,,,,,,,,,,,,,,,,,,,,,,,,,,,,,,,,,,,
S549,,,R50,,R50,R50,,,,,,,,,R50,R50,R50,R50,R50,R50,R50,R50,R50,R50,R50,R50,R50,R50,,R50,R50,R50,R50,,,,R50,R50,R50,R50,,,,R50,R50,R50,R50,,,,,,,,,,,,,,,,,,,,,,,,,,,,,,,,,,,,,,,,,,,,,,,S559,,,,,,,,,,,,,,,,,,,,,,,,,,,,,,,,,,,,,,,
S550,,,,,,,,,,,S560,,,,,,,,,,,,,,,,,,,,,,,,,,,,,,,,,,,,,,,,,,,,,,,,,,,,,,,,,,,,,,,,,,,,,,,,,,,,,,,,,,,,,,,,,,,,,,,,,,,,,,,,,,,,,,,,,,,,,,,,,,
S551,,,,,,,,R34,,,,,R34,,,,,,,,,,,,,,,,,,,,,,,,,,,,,,,,,,,,,,,,,,,,,,,,,,,,,,,,,,,,,,,,,,,,,,,,,,,,,,,,,,,,,,,,,,,,,,,,,,,,,,,,,,,,,,,,,,,,,,,,
S552,,,,,S566,S564,,,,,,,,,,S574,,,,,,,,,,,,,,,,,,,,,S563,S583,S572,S576,,S98,S83,S562,S581,S573,S580,,,,,,,,,,,,,,,S108,S84,,,,S99,,,,,,,,,,,,,,,,,,,,,,S569,,,,,,,,,,,,,,,,,,,,,,,,S567,S565,S577,S582,S570,S568,S578,S579,S575,,,S561,,,,,,,,,S571
S553,,,R65,,R65,R65,,,,,,,,,R65,R65,R65,R65,R65,R65,R65,R65,R65,R65,R65,R65,R65,R65,,R65,R65,R65,R65,,,,R65,R65,R65,R65,,,,R65,R65,R65,R65,,,,,,,,,,,,,,,,,,,,,,,,,,,,,,,,,,,,,,,,,,,,,,,,,,,,,,,,,,,,,,,,,,,,,,,,,,,,,,,,,,,,,,
S554,,S584,,,,,,,,,,,,,,,,,,,,,,,,,,,,,,,,,,,,,,,,,,,,,,,,,,,,,,,,,,,,,,,,,,,,,,,,,,,,,,,,,,,,,,,,,,,,,,,,,,,,,,,,,,,,,,,,,,,,,,,,,,,,,,,,,,,
S555,,,,,,,,,,,,,S585,,,,,,,,,,,,,,,,,,,,,,,,,,,,,,,,,,,,,,,,,,,,,,,,,,,,,,,,,,,,,,,,,,,,,,,,,,,,,,,,,,,,,,,,,,,,,,,,,,,,,,,,,,,,,,,,,,,,,,,,
S556,,,,,,,R11,R11,,,,,,,,,,,,,,,,,,,,,,,,,,,,,,,,,,,,,,,,,,,,,,,,,,,,,,,,,,,,,,,,,,,,,,,,,,,,,,,,,,,,,,,,,,,,,,,,,,,,,,,,,,,,,,,,,,,,,,,,,,,,,
S557,,,S586,,S44,S33,,,,,,,,,S46,S57,S64,S34,S54,S39,S70,S30,S31,S37,S47,S68,S42,S53,,S48,S69,S27,S41,,,,S32,S71,S55,S61,,,,S29,S66,S56,S67,,,,,,,,,,,,,,,,,,,,,,,,,,,,,,S35,S36,,,S52,,,S43,,,,,,,,,S49,,S58,S65,S60,,S40,,S38,,,,,S45,,,,,,,,,,,S51,S50,S62,S63,S59,,,S28,,,,,,,,,
S558,,,R50,,R50,R50,,,,,,,,,R50,R50,R50,R50,R50,R50,R50,R50,R50,R50,R50,R50,R50,R50,,R50,R50,R50,R50,R50,,R50,R50,R50,R50,R50,,,,R50,R50,R50,R50,,,,,,,,,,,,,,,,,,,,,,,,,,,,,,,,,,,,,,,,,,,,,,,S587,,,,,,,,,,,,,,,,,,,,,,,,,,,,,,,,,,,,,,,
S559,,,R77,,S44,S33,,,,,,,,,S46,S57,S64,S34,S54,S39,S70,S30,S31,S37,S47,S68,S42,S53,,S48,S69,S27,S41,,,,S32,S71,S55,S61,,,,S29,S66,S56,S67,,,,,,,,,,,,,,,,,,,,,,,,,,,,,,S35,S36,,,S52,,,S43,,,,,,,,,S49,,S58,S65,S60,,S40,,S38,,,,,S45,,,,,,,,,,,S51,S50,S62,S63,S59,,,S28,,,,,,,,,
S560,,,,,,,,R38,,,,,R38,S588,,,,,,,,,,,,,,,,,,,,,,,,,,,,,,,,,,,,,,,,,,,,,,,,,,,,,,,,,,,,,,,,,,,,,,,,,,,,,,,,,,,,,,,,,,,,,,,,,,,,,,,,,,,,,,,,,,,,,,,
S561,,,R108,,,,,R108,,,,,,,,,,,,,,,,,,,,,,,,,,,,,,,,,R108,R108,R108,,,,,,,,,,,,,,,,,,,R108,R108,R108,R108,R108,,,,,,,,,,,,,,,,,,,,,,,,,,,,,,,,,,,,,,,,,,,,,,,,,,,,,,,,,,,,,,,,,,,
S562,,,,,,S589,,,,,,,,,,,,,,,,,,,,,,,,,,,,,,,,,,,,,,,,,,,,,,,,,,,,,,,,,,,,,,,,,,,,,,,,,,,,,,,,,,,,,,,,,,,,,,,,,,,,,,,,,,,,,,,,,,,,,,,,,,,,,,,
S563,,,R122,,,,,R122,,,,,,,,,,,,,,,,,,,,,,,,,,,,,,,,,R122,R122,R122,,,,,,,,,,,,,,,,,,,R122,R122,R122,R122,R122,,,,,,,,,,,,,,,,,,,,,,,,,,,,,,,,,,,,,,,,,,,,,,,,,,,,,,,,,,,,,,,,,,,
S564,,,,,S116,S113,,,,,,,,,,S125,,,,,,,,,,,,,,,,,,,,,S112,S136,S124,S128,,S98,S83,S111,S134,S123,S133,,,,,,,,,,,,,,,S108,S84,,,,S99,,,,,,,,,,,,,,,,,,,,,,,,,,,,,,,,,,,,,,,,S590,S132,S126,S120,S122,S114,S117,S115,S129,S135,S119,S118,S130,S131,S127,,,S109,,,,,,,,,S121
S565,,,R97,,,,,R97,,,,,,,,,,,,,,,,,,,,,,,,,,,,,,,,,,,,,,,,,,,,,,,,,,,,,,R97,R97,S192,S194,S191,,,,,,,,,,,,,,,,,,,,,,,,,,,,,,,,,,,,,,,,,,,,,,,,,,,,,,,,,,,,,,,,,,S591,
S566,,,R113,,,S592,,R113,,R113,,,,,,,,,,,,,,,,,,,,,,,,,,,,,,,R113,R113,R113,,,,,,,,,,,,,,,,,,,R113,R113,R113,R113,R113,,,,,,,,,,,,,,,,,,,,,,,,,,,,,,,,,,,,,,,,,,,,,,,,,,,,,,,,,,,,,,,,,,,
S567,,,R37,,,,,R37,,,,,,,,,,,,,,,,,,,,,,,,,,,,,,,,,,,,,,,,,,,,,,,,,,,,,,S197,S198,,,,,,,,,,,,,,,,,,,,,,,,,,,,,,,,,,,,,,,,,,,,,,,,,,,,,,,,,,,,,,,,,,,,S593,,
S568,,,R106,,,,,R106,,,,,,,,,,,,,,,,,,,,,,,,,,,,,,,,,R106,R106,R106,,,,,,,,,,,,,,,,,,,R106,R106,R106,R106,R106,,,,,,,,,,,,,,,,,,,,,,,,,,,,,,,,,,,,,,,,,,,,,,,,,,,,,,,,,,,,,,,,,,,
S569,,,S595,,,,,S594,,,,,,,,,,,,,,,,,,,,,,,,,,,,,,,,,,,,,,,,,,,,,,,,,,,,,,,,,,,,,,,,,,,,,,,,,,,,,,,,,,,,,,,,,,,,,,,,,,,,,,,,,,,,,,,,,,,,,,,,,,,,,
S570,,,R101,,,,,R101,,,,,,,,,,,,,,,,,,,,,,,,,,,,,,,,,S597,S596,S598,,,,,,,,,,,,,,,,,,,R101,R101,R101,R101,R101,,,,,,,,,,,,,,,,,,,,,,,,,,,,,,,,,,,,,,,,,,,,,,,,,,,,,,,,,,,,,,,,,,,
S571,,,,,S566,S564,,,,,,,,,,S574,,,,,,,,,,,,,,,,,,,,,S563,S583,S572,S576,,S98,S83,S562,S581,S573,S580,,,,,,,,,,,,,,,S108,S84,,,,S99,,,,,,,,,,,,,,,,,,,,,,,,,,,,,,,,,,,,,,,,,,,,,,,,S577,S599,S570,S568,S578,S579,S575,,,S561,,,,,,,,,S571
S572,,,R124,,,,,R124,,,,,,,,,,,,,,,,,,,,,,,,,,,,,,,,,R124,R124,R124,,,,,,,,,,,,,,,,,,,R124,R124,R124,R124,R124,,,,,,,,,,,,,,,,,,,,,,,,,,,,,,,,,,,,,,,,,,,,,,,,,,,,,,,,,,,,,,,,,,,
S573,,,R126,,,,,R126,,,,,,,,,,,,,,,,,,,,,,,,,,,,,,,,,R126,R126,R126,,,,,,,,,,,,,,,,,,,R126,R126,R126,R126,R126,,,,,,,,,,,,,,,,,,,,,,,,,,,,,,,,,,,,,,,,,,,,,,,,,,,,,,,,,,,,,,,,,,,
S574,,,R121,,,,,R121,,,,,,,,,,,,,,,,,,,,,,,,,,,,,,,,,R121,R121,R121,,,,,,,,,,,,,,,,,,,R121,R121,R121,R121,R121,,,,,,,,,,,,,,,,,,,,,,,,,,,,,,,,,,,,,,,,,,,,,,,,,,,,,,,,,,,,,,,,,,,
S575,,,R111,,,,,R111,,,,,,,,,,,,,,,,,,,,,,,,,,,,,,,,,R111,R111,R111,,,,,,,,,,,,,,,,,,,R111,R111,R111,R111,R111,,,,,,,,,,,,,,,,,,,,,,,,,,,,,,,,,,,,,,,,,,,,,,,,,,,,,,,,,,,,,,,,,,,
S576,,,R125,,,,,R125,,,,,,,,,,,,,,,,,,,,,,,,,,,,,,,,,R125,R125,R125,,,,,,,,,,,,,,,,,,,R125,R125,R125,R125,R125,,,,,,,,,,,,,,,,,,,,,,,,,,,,,,,,,,,,,,,,,,,,,,,,,,,,,,,,,,,,,,,,,,,
S577,,,R103,,,,,R103,,,,,,,,,,,,,,,,,,,,,,,,,,,,,,,,,,,,,,,,,,,,,,,,,,,,,,R103,R103,R103,R103,R103,,,,,,,,,,,,,,,,,,,,,,,,,,,,,,,,,,,,,,,,,,,,,,,,,,,,,,,,,,,,,,,,,,,
S578,,,R107,,,,,R107,,S600,,,,,,,,,,,,,,,,,,,,,,,,,,,,,,,R107,R107,R107,,,,,,,,,,,,,,,,,,,R107,R107,R107,R107,R107,,,,,,,,,,,,,,,,,,,,,,,,,,,,,,,,,,,,,,,,,,,,,,,,,,,,,,,,,,,,,,,,,,,
S579,,,R110,,,,,R110,,,,,,,,,,,,,,,,,,,,,,,,,,,,,,,,,R110,R110,R110,,,,,,,,,,,,,,,,,,,R110,R110,R110,R110,R110,,,,,,,,,,,,,,,,,,,,,,,,,,,,,,,,,,,,,,,,,,,,,,,,,,,,,,,,,,,,,,,,,,,
S580,,,R127,,,,,R127,,,,,,,,,,,,,,,,,,,,,,,,,,,,,,,,,R127,R127,R127,,,,,,,,,,,,,,,,,,,R127,R127,R127,R127,R127,,,,,,,,,,,,,,,,,,,,,,,,,,,,,,,,,,,,,,,,,,,,,,,,,,,,,,,,,,,,,,,,,,,
S581,,,,,,S601,,,,,,,,,,,,,,,,,,,,,,,,,,,,,,,,,,,,,,,,,,,,,,,,,,,,,,,,,,,,,,,,,,,,,,,,,,,,,,,,,,,,,,,,,,,,,,,,,,,,,,,,,,,,,,,,,,,,,,,,,,,,,,,
S582,,,R99,,,,,R99,,,,,,,,,,,,,,,,,,,,,,,,,,,,,,,,,,,,,,,,,,,,,,,,,,,,,,R99,R99,R99,R99,R99,,,,,,,,,,,,,,,,,,,,,,,,,,,,,,,,,,,,,,,,,,,,,,,,,,,,,,,,,,,,,,,,,,,
S583,,,R123,,,,,R123,,,,,,,,,,,,,,,,,,,,,,,,,,,,,,,,,R123,R123,R123,,,,,,,,,,,,,,,,,,,R123,R123,R123,R123,R123,,,,,,,,,,,,,,,,,,,,,,,,,,,,,,,,,,,,,,,,,,,,,,,,,,,,,,,,,,,,,,,,,,,
S584,,,R50,,R50,R50,,,,,,,,,R50,R50,R50,R50,R50,R50,R50,R50,R50,R50,R50,R50,R50,R50,,R50,R50,R50,R50,,,,R50,R50,R50,R50,,,,R50,R50,R50,R50,,,,,,,,,,,,,,,,,,,,,,,,,,,,,,,,,,,,,,,,,,,,,,,S602,,,,,,,,,,,,,,,,,,,,,,,,,,,,,,,,,,,,,,,
S585,,,R69,,R69,R69,,,,,,,,,R69,R69,R69,R69,R69,R69,R69,R69,R69,R69,R69,R69,R69,R69,,R69,R69,R69,R69,,,,R69,R69,R69,R69,,,,R69,R69,R69,R69,,,,,,,,,,,,,,,,,,,,,,,,,,,,,,,,,,,,,,,,,,,,,,,,,,,,,,,,,,,,,,,,,,,,,,,,,,,,,,,,,,,,,,
S586,,,R70,,R70,R70,,,,,,,,,R70,R70,R70,R70,R70,R70,R70,R70,R70,R70,R70,R70,R70,R70,,R70,R70,R70,R70,,,,R70,R70,R70,R70,,,,R70,R70,R70,R70,,,,,,,,,,,,,,,,,,,,,,,,,,,,,,,,,,,,,,,,,,,,,,,,,,,,,,,,,,,,,,,,,,,,,,,,,,,,,,,,,,,,,,
S587,,,R76,,S44,S33,,,,,,,,,S614,S57,S64,S34,S54,S39,S70,S30,S604,S607,S615,S626,S611,S620,,S616,S627,S603,S610,R76,,R76,S32,S71,S55,S61,,,,S29,S66,S56,S67,,,,,,,,,,,,,,,,,,,,,,,,,,,,,,S605,S606,,,S619,,,S612,,,,,,,,,S617,,S621,S625,S623,,S609,,S608,,,,,S613,,,,,,,,,,,S618,S50,S62,S624,S622,,,S28,,,,,,,,,
S588,,S629,,,,,,,,,,,,,,,,,,,,,,,,,,,,,,,,,,,,,,,,,,,,,,,,,,,,,,,,,,,,,,,,,,,,,,,,,,,,,,,,,,,,,,,,,S628,,,,,,,,,,,,,,,,,,,,,,,,,,,,,,,,,,,,,,,,,,
S589,,,,,S116,S113,,,,,,,,,,S125,,,,,,,,,,,,,,,,,,,,,S112,S136,S124,S128,,S98,S83,S111,S134,S123,S133,,,,,,,,,,,,,,,S108,S84,,,,S99,,,,,,,,,,,,,,,,,,,,,,,,,,,,,,,,,,,,,,,,S630,S132,S126,S120,S122,S114,S117,S115,S129,S135,S119,S118,S130,S131,S127,,,S109,,,,,,,,,S121
S590,,,,,,,S631,,,,,,,,,,,,,,,,,,,,,,,,,,,,,,,,,,,,,,,,,,,,,,,,,,,,,,,,,,,,,,,,,,,,,,,,,,,,,,,,,,,,,,,,,,,,,,,,,,,,,,,,,,,,,,,,,,,,,,,,,,,,,,
S591,,,,,S566,S564,,,,,,,,,,S574,,,,,,,,,,,,,,,,,,,,,S563,S583,S572,S576,,S98,S83,S562,S581,S573,S580,,,,,,,,,,,,,,,S108,S84,,,,S99,,,,,,,,,,,,,,,,,,,,,,,,,,,,,,,,,,,,,,,,,,,,,,,,S577,S632,S570,S568,S578,S579,S575,,,S561,,,,,,,,,S571
S592,,,,,S240,S237,R118,,,,,,,,,S250,,,,,,,,,,,,,,,,,,,,,S236,S262,S248,S253,,S98,S83,S235,S260,S247,S259,,,,,,,,,,,,,,,S108,S84,,,,S99,,,,,,,,,,,,,,,,,,,,,,,,,,,,,,,,,,,,,,,,S234,S258,S251,S244,S246,S238,S241,S239,S254,S261,S243,S242,S255,S256,S252,S633,S249,S233,,,,,,,,,S245
S593,,,,,S566,S564,,,,,,,,,,S574,,,,,,,,,,,,,,,,,,,,,S563,S583,S572,S576,,S98,S83,S562,S581,S573,S580,,,,,,,,,,,,,,,S108,S84,,,,S99,,,,,,,,,,,,,,,,,,,,,,,,,,,,,,,,,,,,,,,,,,,,,,,S634,S577,S582,S570,S568,S578,S579,S575,,,S561,,,,,,,,,S571
S594,,,,,S566,S564,,,,,,,,,,S574,,,,,,,,,,,,,,,,,,,,,S563,S583,S572,S576,,S98,S83,S562,S581,S573,S580,,,,,,,,,,,,,,,S108,S84,,,,S99,,,,,,,,,,,,,,,,,,,,,,,,,,,,,,,,,,,,,,,,,,,,,,S635,S565,S577,S582,S570,S568,S578,S579,S575,,,S561,,,,,,,,,S571
S595,,,,,,,,R35,,,,,R35,,,,,,,,,,,,,,,,,,,,,,,,,,,,,,,,,,,,,,,,,,,,,,,,,,,,,,,,,,,,,,,,,,,,,,,,,,,,,,,,,,,,,,,,,,,,,,,,,,,,,,,,,,,,,,,,,,,,,,,,
S596,,,R104,,,,,R104,,,,,,,,,,,,,,,,,,,,,,,,,,,,,,,,,R104,R104,R104,,,,,,,,,,,,,,,,,,,R104,R104,R104,R104,R104,,,,,,,,,,,,,,,,,,,,,,,,,,,,,,,,,,,,,,,,,,,,,,,,,,,,,,,,,,,,,,,,,,,
S597,,,,,S566,S564,,,,,,,,,,S574,,,,,,,,,,,,,,,,,,,,,S563,S583,S572,S576,,,,S562,S581,S573,S580,,,,,,,,,,,,,,,,,,,,,,,,,,,,,,,,,,,,,,,,,,,,,,,,,,,,,,,,,,,,,,,,,,,,S636,,S570,S568,S578,S579,S575,,,S561,,,,,,,,,
S598,,,R105,,,,,R105,,,,,,,,,,,,,,,,,,,,,,,,,,,,,,,,,R105,R105,R105,,,,,,,,,,,,,,,,,,,R105,R105,R105,R105,R105,,,,,,,,,,,,,,,,,,,,,,,,,,,,,,,,,,,,,,,,,,,,,,,,,,,,,,,,,,,,,,,,,,,
S599,,,R102,,,,,R102,,,,,,,,,,,,,,,,,,,,,,,,,,,,,,,,,,,,,,,,,,,,,,,,,,,,,,R102,R102,R102,R102,R102,,,,,,,,,,,,,,,,,,,,,,,,,,,,,,,,,,,,,,,,,,,,,,,,,,,,,,,,,,,,,,,,,,,
S600,,,,,S284,S281,,,,,,,,,,S293,,,,,,,,,,,,,,,,,,,,,S280,S304,S291,S296,,S98,S83,S279,S302,S292,S301,,,,,,,,,,,,,,,S108,S84,,,,S99,,,,,,,,,,,,,,,,,,,,,,,,,,,,,,,,,,,,,,,,S637,S300,S294,S288,S290,S282,S285,S283,S297,S303,S287,S286,S298,S299,S295,,,S277,,,,,,,,,S289
S601,,,,,S116,S113,,,,,,,,,,S125,,,,,,,,,,,,,,,,,,,,,S112,S136,S124,S128,,S98,S83,S111,S134,S123,S133,,,,,,,,,,,,,,,S108,S84,,,,S99,,,,,,,,,,,,,,,,,,,,,,,,,,,,,,,,,,,,,,,,S638,S132,S126,S120,S122,S114,S117,S115,S129,S135,S119,S118,S130,S131,S127,,,S109,,,,,,,,,S121
S602,,,S639,,S44,S33,,,,,,,,,S46,S57,S64,S34,S54,S39,S70,S30,S31,S37,S47,S68,S42,S53,,S48,S69,S27,S41,,,,S32,S71,S55,S61,,,,S29,S66,S56,S67,,,,,,,,,,,,,,,,,,,,,,,,,,,,,,S35,S36,,,S52,,,S43,,,,,,,,,S49,,S58,S65,S60,,S40,,S38,,,,,S45,,,,,,,,,,,S51,S50,S62,S63,S59,,,S28,,,,,,,,,
S603,,,,,,S640,,,,,,,,,,,,,,,,,,,,,,,,,,,,,,,,,,,,,,,,,,,,,,,,,,,,,,,,,,,,,,,,,,,,,,,,,,,,,,,,,,,,,,,,,,,,,,,,,,,,,,,,,,,,,,,,,,,,,,,,,,,,,,,
S604,,,,,S85,S80,,,,,,,,,,S94,,,,,,,,,,,,,,,,,,,,,S79,S107,S92,S97,,S98,S83,S78,S105,S93,S104,,,,,,,,,,,,,,,S108,S84,,,,S99,,,,,,,,,,,,,,,,,,,,,,,,,,,,,,,,,,,,,,,,S641,S103,S95,S89,S91,S81,S86,S82,S100,S106,S88,S87,S101,S102,S96,,,S76,,,,,,,,,S90
S605,,,R51,,R51,R51,,,,,,,,,R51,R51,R51,R51,R51,R51,R51,R51,R51,R51,R51,R51,R51,R51,,R51,R51,R51,R51,R51,,R51,R51,R51,R51,R51,,,,R51,R51,R51,R51,,,,,,,,,,,,,,,,,,,,,,,,,,,,,,,,,,,,,,,,,,,,,,,,,,,,,,,,,,,,,,,,,,,,,,,,,,,,,,,,,,,,,,
S606,,,R16,,R16,R16,,,,,,,,,R16,R16,R16,R16,R16,R16,R16,R16,R16,R16,R16,R16,R16,R16,,R16,R16,R16,R16,R16,,R16,R16,R16,R16,R16,,,,R16,R16,R16,R16,,,,,,,,,,,,,,,,,,,,,,,,,,,,,,,,,,,,,,,,,,,,,,,,,,,,,,,,,,,,,,,,,,,,,,,,,,,,,,,,,,,,,,
S607,,,,,,,,,,,,,S642,,,,,,,,,,,,,,,,,,,,,,,,,,,,,,,,,,,,,,,,,,,,,,,,,,,,,,,,,,,,,,,,,,,,,,,,,,,,,,,,,,,,,,,,,,,,,,,,,,,,,,,,,,,,,,,,,,,,,,,,
S608,,,R58,,R58,R58,,,,,,,,,R58,R58,R58,R58,R58,R58,R58,R58,R58,R58,R58,R58,R58,R58,,R58,R58,R58,R58,R58,,R58,R58,R58,R58,R58,,,,R58,R58,R58,R58,,,,,,,,,,,,,,,,,,,,,,,,,,,,,,,,,,,,,,,,,,,,,,,,,,,,,,,,,,,,,,,,,,,,,,,,,,,,,,,,,,,,,,
S609,,,R57,,R57,R57,,,,,,,,,R57,R57,R57,R57,R57,R57,R57,R57,R57,R57,R57,R57,R57,R57,,R57,R57,R57,R57,R57,,R57,R57,R57,R57,R57,,,,R57,R57,R57,R57,,,,,,,,,,,,,,,,,,,,,,,,,,,,,,,,,,,,,,,,,,,,,,,,,,,,,,,,,,,,,,,,,,,,,,,,,,,,,,,,,,,,,,
S610,,,,,,S643,,,,,,,,,,,,,,,,,,,,,,,,,,,,,,,,,,,,,,,,,,,,,,,,,,,,,,,,,,,,,,,,,,,,,,,,,,,,,,,,,,,,,,,,,,,,,,,,,,,,,,,,,,,,,,,,,,,,,,,,,,,,,,,
S611,,,,,,S644,,,,,,,,,,,,,,,,,,,,,,,,,,,,,,,,,,,,,,,,,,,,,,,,,,,,,,,,,,,,,,,,,,,,,,,,,,,,,,,,,,,,,,,,,,,,,,,,,,,,,,,,,,,,,,,,,,,,,,,,,,,,,,,
S612,,,R18,,R18,R18,,,,,,,,,R18,R18,R18,R18,R18,R18,R18,R18,R18,R18,R18,R18,R18,R18,,R18,R18,R18,R18,R18,,R18,R18,R18,R18,R18,,,,R18,R18,R18,R18,,,,,,,,,,,,,,,,,,,,,,,,,,,,,,,,,,,,,,,,,,,,,,,,,,,,,,,,,,,,,,,,,,,,,,,,,,,,,,,,,,,,,,
S613,,,,,,,,,,,,,S645,,,,,,,,,,,,,,,,,,,,,,,,,,,,,,,,,,,,,,,,,,,,,,,,,,,,,,,,,,,,,,,,,,,,,,,,,,,,,,,,,,,,,,,,,,,,,,,,,,,,,,,,,,,,,,,,,,,,,,,,
S614,,,,,,,,,,,,,,,,,S8,S11,S10,S7,S14,S9,,,,,,,,,,,,,,,,,,,,,,,,,,,,,,,,,,,,,,,,,,,,,,,,,,,,,,,,,,,,,,,,,,,,,,,S646,,,,,,,,,,,,,,,,,,,,,,,,,,,,,,,,,,,,,,,,
S615,,,,,,,,,,,,,S647,,,,,,,,,,,,,,,,,,,,,,,,,,,,,,,,,,,,,,,,,,,,,,,,,,,,,,,,,,,,,,,,,,,,,,,,,,,,,,,,,,,,,,,,,,,,,,,,,,,,,,,,,,,,,,,,,,,,,,,,
S616,,,,,,S648,,,,,,,,,,,,,,,,,,,,,,,,,,,,,,,,,,,,,,,,,,,,,,,,,,,,,,,,,,,,,,,,,,,,,,,,,,,,,,,,,,,,,,,,,,,,,,,,,,,,,,,,,,,,,,,,,,,,,,,,,,,,,,,
S617,,,,,S146,,,,S649,,,,,,,,,,,,,,,,,,,,,,,,,,,,,,,,,,,,,,,,,,,,,,,,,,,,,,,,,,,,,,,,,,,,,,S650,S145,,,,,,,,,,,,,,,,,,,,,,,,,,,,,,,,,,,,,,,,,,,,,,,,,,,,,
S618,,,,,,,,,,,,,S651,,,,,,,,,,,,,,,,,,,,,,,,,,,,,S149,S151,,,,,,,,,,,,,,,,,,,,,,,,,,,,,,,,,,,,,,,,,,,,,,,,,,,,,,,,,,,,,,,,,,,,,,,,,,,,,,,,,,,,,,,,,,
S619,,,R17,,R17,R17,,,,,,,,,R17,R17,R17,R17,R17,R17,R17,R17,R17,R17,R17,R17,R17,R17,,R17,R17,R17,R17,R17,,R17,R17,R17,R17,R17,,,,R17,R17,R17,R17,,,,,,,,,,,,,,,,,,,,,,,,,,,,,,,,,,,,,,,,,,,,,,,,,,,,,,,,,,,,,,,,,,,,,,,,,,,,,,,,,,,,,,
S620,,,,,,S652,,,,,,,,,,,,,,,,,,,,,,,,,,,,,,,,,,,,,,,,,,,,,,,,,,,,,,,,,,,,,,,,,,,,,,,,,,,,,,,,,,,,,,,,,,,,,,,,,,,,,,,,,,,,,,,,,,,,,,,,,,,,,,,
S621,,,R49,,R49,R49,,,,,,,,,R49,R49,R49,R49,R49,R49,R49,R49,R49,R49,R49,R49,R49,R49,,R49,R49,R49,R49,R49,,R49,R49,R49,R49,R49,,,,R49,R49,R49,R49,,,,,,,,,,,,,,,,,,,,,,,,,,,,,,,,,,,,,,,,,,,,,,,,,,,,,,,,,,,,,,,,,,,,,,,,,,,,,,,,,,,,,,
S622,,,,,,,,,,,,,S653,,,,,,,,,,,,,,,,,,,,,,,,,,,,,R111,R111,,,,,,,,,,,,,,,,,,,,,,,,,,,,,,,,,,,,,,,,,,,,,,,,,,,,,,,,,,,,,,,,,,,,,,,,,,,,,,,,,,,,,,,,,,
S623,,,R56,,R56,R56,,,,,,,,,R56,R56,R56,R56,R56,R56,R56,R56,R56,R56,R56,R56,R56,R56,,R56,R56,R56,R56,R56,,R56,R56,R56,R56,R56,,,,R56,R56,R56,R56,,,,,,,,,,,,,,,,,,,,,,,,,,,,,,,,,,,,,,,,,,,,,,,,,,,,,,,,,,,,,,,,,,,,,,,,,,,,,,,,,,,,,,
S624,,,,,,,,,,,,,S654,,,,,,,,,,,,,,,,,,,,,,,,,,,,,R110,R110,,,,,,,,,,,,,,,,,,,,,,,,,,,,,,,,,,,,,,,,,,,,,,,,,,,,,,,,,,,,,,,,,,,,,,,,,,,,,,,,,,,,,,,,,,
S625,,,R59,,R59,R59,,,,,,,,,R59,R59,R59,R59,R59,R59,R59,R59,R59,R59,R59,R59,R59,R59,,R59,R59,R59,R59,R59,,R59,R59,R59,R59,R59,,,,R59,R59,R59,R59,,,,,,,,,,,,,,,,,,,,,,,,,,,,,,,,,,,,,,,,,,,,,,,,,,,,,,,,,,,,,,,,,,,,,,,,,,,,,,,,,,,,,,
S626,,,,,,,,,,,,,,,,,S8,S11,S10,S7,S14,S9,,,,,,,,,,,,,,,,,,,,,,,,,,,,,,,,,,,,,,,,,,,,,,,,,,,,,,,,,,,,,,,,,,,,,,,S655,,,,,,,,,,,,,,,,,,,,,,,,,,,,,,,,,,,,,,,,
S627,,S656,,,,,,,,,,,,,,,,,,,,,,,,,,,,,,,,,,,,,,,,,,,,,,,,,,,,,,,,,,,,,,,,,,,,,,,,,,,,,,,,,,,,,,,,,,,,,,,,,,,,,,,,,,,,,,,,,,,,,,,,,,,,,,,,,,,
S628,,,,,,,,R39,,,,,R39,,,,,,,,,,,,,,,,,,,,,,,,,,,,,,,,,,,,,,,,,,,,,,,,,,,,,,,,,,,,,,,,,,,,,,,,,,,,,,,,,,,,,,,,,,,,,,,,,,,,,,,,,,,,,,,,,,,,,,,,
S629,,S659,,,,,,,,,,,,,,,,,,,,,,,,,,,,,,,,,,,,,,,,,,,,,,,,,,,,,,,,,,,,,,,,,,,,,,,,,,,,,,,,,,,,,,S658,,,,S657,,,,,,,,,,,,,,,,,,,,,,,,,,,,,,,,,,,,,,,,,
S630,,,,,,,S660,,,,,,,,,,,,,,,,,,,,,,,,,,,,,,,,,,,,,,,,,,,,,,,,,,,,,,,,,,,,,,,,,,,,,,,,,,,,,,,,,,,,,,,,,,,,,,,,,,,,,,,,,,,,,,,,,,,,,,,,,,,,,,
S631,,,R109,,,,,R109,,,,,,,,,,,,,,,,,,,,,,,,,,,,,,,,,R109,R109,R109,,,,,,,,,,,,,,,,,,,R109,R109,R109,R109,R109,,,,,,,,,,,,,,,,,,,,,,,,,,,,,,,,,,,,,,,,,,,,,,,,,,,,,,,,,,,,,,,,,,,
S632,,,R98,,,,,R98,,,,,,,,,,,,,,,,,,,,,,,,,,,,,,,,,,,,,,,,,,,,,,,,,,,,,,R98,R98,R98,R98,R98,,,,,,,,,,,,,,,,,,,,,,,,,,,,,,,,,,,,,,,,,,,,,,,,,,,,,,,,,,,,,,,,,,,
S633,,,,,,,S661,,,,,,,,,,,,,,,,,,,,,,,,,,,,,,,,,,,,,,,,,,,,,,,,,,,,,,,,,,,,,,,,,,,,,,,,,,,,,,,,,,,,,,,,,,,,,,,,,,,,,,,,,,,,,,,,,,,,,,,,,,,,,,
S634,,,R96,,,,,R96,,,,,,,,,,,,,,,,,,,,,,,,,,,,,,,,,,,,,,,,,,,,,,,,,,,,,,R96,R96,S192,S194,S191,,,,,,,,,,,,,,,,,,,,,,,,,,,,,,,,,,,,,,,,,,,,,,,,,,,,,,,,,,,,,,,,,,S591,
S635,,,R36,,,,,R36,,,,,,,,,,,,,,,,,,,,,,,,,,,,,,,,,,,,,,,,,,,,,,,,,,,,,,S197,S198,,,,,,,,,,,,,,,,,,,,,,,,,,,,,,,,,,,,,,,,,,,,,,,,,,,,,,,,,,,,,,,,,,,,S593,,
S636,,,R100,,,,,R100,,,,,,,,,,,,,,,,,,,,,,,,,,,,,,,,,,,,,,,,,,,,,,,,,,,,,,R100,R100,R100,R100,R100,,,,,,,,,,,,,,,,,,,,,,,,,,,,,,,,,,,,,,,,,,,,,,,,,,,,,,,,,,,,,,,,,,,
S637,,,,,,,,,,,S662,,,,,,,,,,,,,,,,,,,,,,,,,,,,,,,,,,,,,,,,,,,,,,,,,,,,,,,,,,,,,,,,,,,,,,,,,,,,,,,,,,,,,,,,,,,,,,,,,,,,,,,,,,,,,,,,,,,,,,,,,,
S638,,,,,,,S663,,,,,,,,,,,,,,,,,,,,,,,,,,,,,,,,,,,,,,,,,,,,,,,,,,,,,,,,,,,,,,,,,,,,,,,,,,,,,,,,,,,,,,,,,,,,,,,,,,,,,,,,,,,,,,,,,,,,,,,,,,,,,,
S639,,,R66,,R66,R66,,,,,,,,,R66,R66,R66,R66,R66,R66,R66,R66,R66,R66,R66,R66,R66,R66,,R66,R66,R66,R66,,,,R66,R66,R66,R66,,,,R66,R66,R66,R66,,,,,,,,,,,,,,,,,,,,,,,,,,,,,,,,,,,,,,,,,,,,,,,,,,,,,,,,,,,,,,,,,,,,,,,,,,,,,,,,,,,,,,
S640,,,,,S177,,,,,,,,,,S179,,S64,S34,S54,S39,S70,S30,,,,,,,,,,,,,,,,,,,,,,,,,,,,,,,,,,,,,,,,,,,,,,,,,,,,,,,S173,S174,,,S172,,,S176,,,,,,,,,S181,,,,,,,S664,,,,,,S178,,,,,,,,,,,,,S175,,,,,,,,,,,,,,
S641,,,,,,,,,,,,,S665,,,,,,,,,,,,,,,,,,,,,,,,,,,,,,,,,,,,,,,,,,,,,,,,,,,,,,,,,,,,,,,,,,,,,,,,,,,,,,,,,,,,,,,,,,,,,,,,,,,,,,,,,,,,,,,,,,,,,,,,
S642,,,R61,,R61,R61,,,,,,,,,R61,R61,R61,R61,R61,R61,R61,R61,R61,R61,R61,R61,R61,R61,,R61,R61,R61,R61,R61,,R61,R61,R61,R61,R61,,,,R61,R61,R61,R61,,,,,,,,,,,,,,,,,,,,,,,,,,,,,,,,,,,,,,,,,,,,,,,,,,,,,,,,,,,,,,,,,,,,,,,,,,,,,,,,,,,,,,
S643,,,,,S116,S113,,,,,,,,,,S125,,,,,,,,,,,,,,,,,,,,,S112,S136,S124,S128,,S98,S83,S111,S134,S123,S133,,,,,,,,,,,,,,,S108,S84,,,,S99,,,,,,,,,,,,,,,,,,,,,,,,,,,,,,,,,,,,,,,,S666,S132,S126,S120,S122,S114,S117,S115,S129,S135,S119,S118,S130,S131,S127,,,S109,,,,,,,,,S121
S644,,,,,S116,S113,,,,,,,,,,S125,,,,,,,,,,,,,,,,,,,,,S112,S136,S124,S128,,S98,S83,S111,S134,S123,S133,,,,,,,,,,,,,,,S108,S84,,,,S99,,,,,,,,,,,,,,,,,,,,,,,,,,,,,,,,,,,,,,,,S667,S132,S126,S120,S122,S114,S117,S115,S129,S135,S119,S118,S130,S131,S127,,,S109,,,,,,,,,S121
S645,,,R52,,R52,R52,,,,,,,,,R52,R52,R52,R52,R52,R52,R52,R52,R52,R52,R52,R52,R52,R52,,R52,R52,R52,R52,R52,,R52,R52,R52,R52,R52,,,,R52,R52,R52,R52,,,,,,,,,,,,,,,,,,,,,,,,,,,,,,,,,,,,,,,,,,,,,,,,,,,,,,,,,,,,,,,,,,,,,,,,,,,,,,,,,,,,,,
S646,,,,,S265,,,,,,,,,,,,,,,,,,,,,,,,,,,,,,,,,,,,,,,,,,,,,,,,,,,,,,,,,,,,,,,,,,,,,,,,,,,,,S668,S263,,,,,,,,,,,,,,,,,,,,,,,,,,,,,,,,,,,,,,,,,,,,,,,,,,
S647,,,R62,,R62,R62,,,,,,,,,R62,R62,R62,R62,R62,R62,R62,R62,R62,R62,R62,R62,R62,R62,,R62,R62,R62,R62,R62,,R62,R62,R62,R62,R62,,,,R62,R62,R62,R62,,,,,,,,,,,,,,,,,,,,,,,,,,,,,,,,,,,,,,,,,,,,,,,,,,,,,,,,,,,,,,,,,,,,,,,,,,,,,,,,,,,,,,
S648,,,,,S116,S113,,,,,,,,,,S125,,,,,,,,,,,,,,,,,,,,,S112,S136,S124,S128,,S98,S83,S111,S134,S123,S133,,,,,,,,,,,,,,,S108,S84,,,,S99,,,,,,,,,,,,,,,,,,,,,,,,,,,,,,,,,,,,,,,,S669,S132,S126,S120,S122,S114,S117,S115,S129,S135,S119,S118,S130,S131,S127,,,S109,,,,,,,,,S121
S649,,,,,S271,,,,,,,,,,,,,,,,,,,,,,,,,,,,,,,,,,,,,,,,,,,,,,,,,,,,,,,,,,,,,,,,,,,,,,,,,,,,,,,,S670,S272,S269,,,S270,,,,,,,,,,,,,,,,,,,,,,,,,,,,,,,,,,,,,,,,,,,
S650,,,,,,,,S273,,,,,S671,,,,,,,,,,,,,,,,,,,,,,,,,,,,,,,,,,,,,,,,,,,,,,,,,,,,,,,,,,,,,,,,,,,,,,,,,,,,,,,,,,,,,,,,,,,,,,,,,,,,,,,,,,,,,,,,,,,,,,,,
S651,,,R53,,R53,R53,,,,,,,,,R53,R53,R53,R53,R53,R53,R53,R53,R53,R53,R53,R53,R53,R53,,R53,R53,R53,R53,R53,,R53,R53,R53,R53,R53,,,,R53,R53,R53,R53,,,,,,,,,,,,,,,,,,,,,,,,,,,,,,,,,,,,,,,,,,,,,,,,,,,,,,,,,,,,,,,,,,,,,,,,,,,,,,,,,,,,,,
S652,,,,,S116,S113,,,,,,,,,,S125,,,,,,,,,,,,,,,,,,,,,S112,S136,S124,S128,,S98,S83,S111,S134,S123,S133,,,,,,,,,,,,,,,S108,S84,,,,S99,,,,,,,,,,,,,,,,,,,,,,,,,,,,,,,,,,,,,,,,S672,S132,S126,S120,S122,S114,S117,S115,S129,S135,S119,S118,S130,S131,S127,,,S109,,,,,,,,,S121
S653,,,R54,,R54,R54,,,,,,,,,R54,R54,R54,R54,R54,R54,R54,R54,R54,R54,R54,R54,R54,R54,,R54,R54,R54,R54,R54,,R54,R54,R54,R54,R54,,,,R54,R54,R54,R54,,,,,,,,,,,,,,,,,,,,,,,,,,,,,,,,,,,,,,,,,,,,,,,,,,,,,,,,,,,,,,,,,,,,,,,,,,,,,,,,,,,,,,
S654,,,R55,,R55,R55,,,,,,,,,R55,R55,R55,R55,R55,R55,R55,R55,R55,R55,R55,R55,R55,R55,,R55,R55,R55,R55,R55,,R55,R55,R55,R55,R55,,,,R55,R55,R55,R55,,,,,,,,,,,,,,,,,,,,,,,,,,,,,,,,,,,,,,,,,,,,,,,,,,,,,,,,,,,,,,,,,,,,,,,,,,,,,,,,,,,,,,
S655,,,,,S673,,,,,,,,,,,,,,,,,,,,,,,,,,,,,,,,,,,,,,,,,,,,,,,,,,,,,,,,,,,,,,,,,,,,,,,,,,,,,,,,,,,,,,,,,,,,,,,,,,,,,,,,,,,,,,,,,,,,,,,,,,,,,,,,
S656,,,R50,,R50,R50,,,,,,,,,R50,R50,R50,R50,R50,R50,R50,R50,R50,R50,R50,R50,R50,R50,,R50,R50,R50,R50,,,,R50,R50,R50,R50,,,,R50,R50,R50,R50,,,,,,,,,,,,,,,,,,,,,,,,,,,,,,,,,,,,,,,,,,,,,,,S674,,,,,,,,,,,,,,,,,,,,,,,,,,,,,,,,,,,,,,,
S657,,,S676,,,,,S675,,,,,,,,,,,,,,,,,,,,,,,,,,,,,,,,,,,,,,,,,,,,,,,,,,,,,,,,,,,,,,,,,,,,,,,,,,,,,,,,,,,,,,,,,,,,,,,,,,,,,,,,,,,,,,,,,,,,,,,,,,,,,
S658,,,R42,,,,,R42,,,,,,,,,,,,,,,,,,,,,,,,,,,,,,,,,,,,,,,,,,,,,,,,,,,,,,,,,,,,,,,,,,,,,,,,,,,,,,,,,,,,,,,,,,,,,,,,,,,,,,,,,,,,,,,,,,,,,,,,,,,,,
S659,,,,,S566,S564,,,,,,,,,,S574,,,,,,,,,,,,,,,,,,,,,S563,S583,S572,S576,,S98,S83,S562,S581,S573,S580,,,,,,,,,,,,,,,S108,S84,,,,S99,,,,,,,,,,,,,,,,,,,,,,S677,,,,,,,,,,,,,,,,,,,,,,,,S567,S565,S577,S582,S570,S568,S578,S579,S575,,,S561,,,,,,,,,S571
S660,,,R115,,,,,R115,,,,,,,,,,,,,,,,,,,,,,,,,,,,,,,,,R115,R115,R115,,,,,,,,,,,,,,,,,,,R115,R115,R115,R115,R115,,,,,,,,,,,,,,,,,,,,,,,,,,,,,,,,,,,,,,,,,,,,,,,,,,,,,,,,,,,,,,,,,,,
S661,,,R114,,,,,R114,,,,,,,,,,,,,,,,,,,,,,,,,,,,,,,,,R114,R114,R114,,,,,,,,,,,,,,,,,,,R114,R114,R114,R114,R114,,,,,,,,,,,,,,,,,,,,,,,,,,,,,,,,,,,,,,,,,,,,,,,,,,,,,,,,,,,,,,,,,,,
S662,,,R112,,,,,R112,,R112,,,,,,,,,,,,,,,,,,,,,,,,,,,,,,,R112,R112,R112,,,,,,,,,,,,,,,,,,,R112,R112,R112,R112,R112,,,,,,,,,,,,,,,,,,,,,,,,,,,,,,,,,,,,,,,,,,,,,,,,,,,,,,,,,,,,,,,,,,,
S663,,,R116,,,,,R116,,,,,,,,,,,,,,,,,,,,,,,,,,,,,,,,,R116,R116,R116,,,,,,,,,,,,,,,,,,,R116,R116,R116,R116,R116,,,,,,,,,,,,,,,,,,,,,,,,,,,,,,,,,,,,,,,,,,,,,,,,,,,,,,,,,,,,,,,,,,,
S664,,,,,S85,S80,,,,,,,,,,S94,,,,,,,,,,,,,,,,,,,,,S79,S107,S92,S97,,S98,S83,S78,S105,S93,S104,,,,,,,,,,,,,,,S108,S84,,,,S99,,,,,,,,,,,,,,,,,,,,,,,,,,,,,,,,,,,,,,,,S678,S103,S95,S89,S91,S81,S86,S82,S100,S106,S88,S87,S101,S102,S96,,,S76,,,,,,,,,S90
S665,,,R60,,R60,R60,,,,,,,,,R60,R60,R60,R60,R60,R60,R60,R60,R60,R60,R60,R60,R60,R60,,R60,R60,R60,R60,R60,,R60,R60,R60,R60,R60,,,,R60,R60,R60,R60,,,,,,,,,,,,,,,,,,,,,,,,,,,,,,,,,,,,,,,,,,,,,,,,,,,,,,,,,,,,,,,,,,,,,,,,,,,,,,,,,,,,,,
S666,,,,,,,S679,,,,,,,,,,,,,,,,,,,,,,,,,,,,,,,,,,,,,,,,,,,,,,,,,,,,,,,,,,,,,,,,,,,,,,,,,,,,,,,,,,,,,,,,,,,,,,,,,,,,,,,,,,,,,,,,,,,,,,,,,,,,,,
S667,,,,,,,S680,,,,,,,,,,,,,,,,,,,,,,,,,,,,,,,,,,,,,,,,,,,,,,,,,,,,,,,,,,,,,,,,,,,,,,,,,,,,,,,,,,,,,,,,,,,,,,,,,,,,,,,,,,,,,,,,,,,,,,,,,,,,,,
S668,,,,,,,,S366,,,,,S681,,,,,,,,,,,,,,,,,,,,,,,,,,,,,,,,,,,,,,,,,,,,,,,,,,,,,,,,,,,,,,,,,,,,,,,,,,,,,,,,,,,,,,,,,,,,,,,,,,,,,,,,,,,,,,,,,,,,,,,,
S669,,,,,,,S682,,,,,,,,,,,,,,,,,,,,,,,,,,,,,,,,,,,,,,,,,,,,,,,,,,,,,,,,,,,,,,,,,,,,,,,,,,,,,,,,,,,,,,,,,,,,,,,,,,,,,,,,,,,,,,,,,,,,,,,,,,,,,,
S670,,,,,,,,S398,,,,,S683,,,,,,,,,,,,,,,,,,,,,,,,,,,,,,,,,,,,,,,,,,,,,,,,,,,,,,,,,,,,,,,,,,,,,,,,,,,,,,,,,,,,,,,,,,,,,,,,,,,,,,,,,,,,,,,,,,,,,,,,
S671,,,R19,,R19,R19,,,,,,,,,R19,R19,R19,R19,R19,R19,R19,R19,R19,R19,R19,R19,R19,R19,,R19,R19,R19,R19,R19,,R19,R19,R19,R19,R19,,,,R19,R19,R19,R19,,,,,,,,,,,,,,,,,,,,,,,,,,,,,,,,,,,,,,,,,,,,,,,,,,,,,,,,,,,,,,,,,,,,,,,,,,,,,,,,,,,,,,
S672,,,,,,,S684,,,,,,,,,,,,,,,,,,,,,,,,,,,,,,,,,,,,,,,,,,,,,,,,,,,,,,,,,,,,,,,,,,,,,,,,,,,,,,,,,,,,,,,,,,,,,,,,,,,,,,,,,,,,,,,,,,,,,,,,,,,,,,
S673,,,,,,,,,,,,,S685,,,,,,,,,,,,,,,,,,,,,,,,,,,,,,,,,,,,,,,,,,,,,,,,,,,,,,,,,,,,,,,,,,,,,,,,,,,,,,,,,,,,,,,,,,,,,,,,,,,,,,,,,,,,,,,,,,,,,,,,
S674,,,S686,,S44,S33,,,,,,,,,S46,S57,S64,S34,S54,S39,S70,S30,S31,S37,S47,S68,S42,S53,,S48,S69,S27,S41,,,,S32,S71,S55,S61,,,,S29,S66,S56,S67,,,,,,,,,,,,,,,,,,,,,,,,,,,,,,S35,S36,,,S52,,,S43,,,,,,,,,S49,,S58,S65,S60,,S40,,S38,,,,,S45,,,,,,,,,,,S51,S50,S62,S63,S59,,,S28,,,,,,,,,
S675,,S659,,,,,,,,,,,,,,,,,,,,,,,,,,,,,,,,,,,,,,,,,,,,,,,,,,,,,,,,,,,,,,,,,,,,,,,,,,,,,,,,,,,,,,S687,,,,,,,,,,,,,,,,,,,,,,,,,,,,,,,,,,,,,,,,,,,,,
S676,,,,,,,,R40,,,,,R40,,,,,,,,,,,,,,,,,,,,,,,,,,,,,,,,,,,,,,,,,,,,,,,,,,,,,,,,,,,,,,,,,,,,,,,,,,,,,,,,,,,,,,,,,,,,,,,,,,,,,,,,,,,,,,,,,,,,,,,,
S677,,,S688,,,,,S594,,,,,,,,,,,,,,,,,,,,,,,,,,,,,,,,,,,,,,,,,,,,,,,,,,,,,,,,,,,,,,,,,,,,,,,,,,,,,,,,,,,,,,,,,,,,,,,,,,,,,,,,,,,,,,,,,,,,,,,,,,,,,
S678,,,,,,,,,,,,,S689,,,,,,,,,,,,,,,,,,,,,,,,,,,,,,,,,,,,,,,,,,,,,,,,,,,,,,,,,,,,,,,,,,,,,,,,,,,,,,,,,,,,,,,,,,,,,,,,,,,,,,,,,,,,,,,,,,,,,,,,
S679,,S690,,,,,,,,,,,,,,,,,,,,,,,,,,,,,,,,,,,,,,,,,,,,,,,,,,,,,,,,,,,,,,,,,,,,,,,,,,,,,,,,,,,,,,,,,,,,,,,,,,,,,,,,,,,,,,,,,,,,,,,,,,,,,,,,,,,
S680,,,,,,,,,,,,,S691,,,,,,,,,,,,,,,,,,,,,,,,,,,,,,,,,,,,,,,,,,,,,,,,,,,,,,,,,,,,,,,,,,,,,,,,,,,,,,,,,,,,,,,,,,,,,,,,,,,,,,,,,,,,,,,,,,,,,,,,
S681,,,R24,,R24,R24,,,,,,,,,R24,R24,R24,R24,R24,R24,R24,R24,R24,R24,R24,R24,R24,R24,,R24,R24,R24,R24,R24,,R24,R24,R24,R24,R24,,,,R24,R24,R24,R24,,,,,,,,,,,,,,,,,,,,,,,,,,,,,,,,,,,,,,,,,,,,,,,,,,,,,,,,,,,,,,,,,,,,,,,,,,,,,,,,,,,,,,
S682,,S692,,,,,,,,,,,,,,,,,,,,,,,,,,,,,,,,,,,,,,,,,,,,,,,,,,,,,,,,,,,,,,,,,,,,,,,,,,,,,,,,,,,,,,,,,,,,,,,,,,,,,,,,,,,,,,,,,,,,,,,,,,,,,,,,,,,
S683,,,R28,,R28,R28,,,,,,,,,R28,R28,R28,R28,R28,R28,R28,R28,R28,R28,R28,R28,R28,R28,,R28,R28,R28,R28,R28,,R28,R28,R28,R28,R28,,,,R28,R28,R28,R28,,,,,,,,,,,,,,,,,,,,,,,,,,,,,,,,,,,,,,,,,,,,,,,,,,,,,,,,,,,,,,,,,,,,,,,,,,,,,,,,,,,,,,
S684,,S693,,,,,,,,,,,,,,,,,,,,,,,,,,,,,,,,,,,,,,,,,,,,,,,,,,,,,,,,,,,,,,,,,,,,,,,,,,,,,,,,,,,,,,,,,,,,,,,,,,,,,,,,,,,,,,,,,,,,,,,,,,,,,,,,,,,
S685,,,R63,,R63,R63,,,,,,,,,R63,R63,R63,R63,R63,R63,R63,R63,R63,R63,R63,R63,R63,R63,,R63,R63,R63,R63,R63,,R63,R63,R63,R63,R63,,,,R63,R63,R63,R63,,,,,,,,,,,,,,,,,,,,,,,,,,,,,,,,,,,,,,,,,,,,,,,,,,,,,,,,,,,,,,,,,,,,,,,,,,,,,,,,,,,,,,
S686,,,,,,,,,,,,,,,,,,,,,,,,,,,,,,S694,,,,,,,,,,,,,,,,,,,,,,,,,,,,,,,,,,,,,,,,,,,,,,,,,,,,,,,,,,,,,,,,,,,,,,,,,,,,,,,,,,,,,,,,,,,,,,,,,,,,,,,
S687,,,R41,,,,,R41,,,,,,,,,,,,,,,,,,,,,,,,,,,,,,,,,,,,,,,,,,,,,,,,,,,,,,,,,,,,,,,,,,,,,,,,,,,,,,,,,,,,,,,,,,,,,,,,,,,,,,,,,,,,,,,,,,,,,,,,,,,,,
S688,,,R35,,,,,R35,,,,,,,,,,,,,,,,,,,,,,,,,,,,,,,,,,,,,,,,,,,,,,,,,,,,,,,,,,,,,,,,,,,,,,,,,,,,,,,,,,,,,,,,,,,,,,,,,,,,,,,,,,,,,,,,,,,,,,,,,,,,,
S689,,,,,S116,S113,,,,,,,,,,S125,,,,,,,,,,,,,,,,,,,,,S112,S136,S124,S128,,S98,S83,S111,S134,S123,S133,,,,,,,,,,,,,,,S108,S84,,,,S99,,,,,,,,,,,,,,,,,,,,,,,,,,,,,,,,,,,,,,,,S695,S132,S126,S120,S122,S114,S117,S115,S129,S135,S119,S118,S130,S131,S127,,,S109,,,,,,,,,S121
S690,,,R75,,,,,,,,,,,,,,,,,,,,,,,,,,,,,,,R75,,R75,,,,,,,,,,,,,,,,,,,,,,,,,,,,,,,,,,,,,,,,,,,,,,,,,,,,,,,,,,,,,,,,,,S696,,,,,,,,,,,,,,,,,,,,,,,,,,,,,,,
S691,,,R64,,R64,R64,,,,,,,,,R64,R64,R64,R64,R64,R64,R64,R64,R64,R64,R64,R64,R64,R64,,R64,R64,R64,R64,R64,,R64,R64,R64,R64,R64,,,,R64,R64,R64,R64,,,,,,,,,,,,,,,,,,,,,,,,,,,,,,,,,,,,,,,,,,,,,,,,,,,,,,,,,,,,,,,,,,,,,,,,,,,,,,,,,,,,,,
S692,,,R50,,R50,R50,,,,,,,,,R50,R50,R50,R50,R50,R50,R50,R50,R50,R50,R50,R50,R50,R50,,R50,R50,R50,R50,,,,R50,R50,R50,R50,,,,R50,R50,R50,R50,,,,,,,,,,,,,,,,,,,,,,,,,,,,,,,,,,,,,,,,,,,,,,,S697,,,,,,,,,,,,,,,,,,,,,,,,,,,,,,,,,,,,,,,
S693,,,R50,,R50,R50,,,,,,,,,R50,R50,R50,R50,R50,R50,R50,R50,R50,R50,R50,R50,R50,R50,,R50,R50,R50,R50,,,,R50,R50,R50,R50,,,,R50,R50,R50,R50,,,,,,,,,,,,,,,,,,,,,,,,,,,,,,,,,,,,,,,,,,,,,,,S698,,,,,,,,,,,,,,,,,,,,,,,,,,,,,,,,,,,,,,,
S694,,,,,,S699,,,,,,,,,,,,,,,,,,,,,,,,,,,,,,,,,,,,,,,,,,,,,,,,,,,,,,,,,,,,,,,,,,,,,,,,,,,,,,,,,,,,,,,,,,,,,,,,,,,,,,,,,,,,,,,,,,,,,,,,,,,,,,,
S695,,,,,,,S700,,,,,,,,,,,,,,,,,,,,,,,,,,,,,,,,,,,,,,,,,,,,,,,,,,,,,,,,,,,,,,,,,,,,,,,,,,,,,,,,,,,,,,,,,,,,,,,,,,,,,,,,,,,,,,,,,,,,,,,,,,,,,,
S696,,,R78,,,,,,,,,,,,,,,,,,,,,,,,,,,,,,,S527,,S530,,,,,,,,,,,,,,,,,,,,,,,,,,,,,,,,,,,,,,,,,,,,,,,,,,,,,,,,,,,,,,,,,,,S529,S701,,,,,,,,,,,,,,,,,,,,,,,,,,,,,
S697,,,S702,,S44,S33,,,,,,,,,S46,S57,S64,S34,S54,S39,S70,S30,S31,S37,S47,S68,S42,S53,,S48,S69,S27,S41,,,,S32,S71,S55,S61,,,,S29,S66,S56,S67,,,,,,,,,,,,,,,,,,,,,,,,,,,,,,S35,S36,,,S52,,,S43,,,,,,,,,S49,,S58,S65,S60,,S40,,S38,,,,,S45,,,,,,,,,,,S51,S50,S62,S63,S59,,,S28,,,,,,,,,
S698,,,S703,,S44,S33,,,,,,,,,S46,S57,S64,S34,S54,S39,S70,S30,S31,S37,S47,S68,S42,S53,,S48,S69,S27,S41,,,,S32,S71,S55,S61,,,,S29,S66,S56,S67,,,,,,,,,,,,,,,,,,,,,,,,,,,,,,S35,S36,,,S52,,,S43,,,,,,,,,S49,,S58,S65,S60,,S40,,S38,,,,,S45,,,,,,,,,,,S51,S50,S62,S63,S59,,,S28,,,,,,,,,
S699,,,,,S116,S113,,,,,,,,,,S125,,,,,,,,,,,,,,,,,,,,,S112,S136,S124,S128,,S98,S83,S111,S134,S123,S133,,,,,,,,,,,,,,,S108,S84,,,,S99,,,,,,,,,,,,,,,,,,,,,,,,,,,,,,,,,,,,,,,,S704,S132,S126,S120,S122,S114,S117,S115,S129,S135,S119,S118,S130,S131,S127,,,S109,,,,,,,,,S121
S700,,S705,,,,,,,,,,,,,,,,,,,,,,,,,,,,,,,,,,,,,,,,,,,,,,,,,,,,,,,,,,,,,,,,,,,,,,,,,,,,,,,,,,,,,,,,,,,,,,,,,,,,,,,,,,,,,,,,,,,,,,,,,,,,,,,,,,,
S701,,,S706,,,,,,,,,,,,,,,,,,,,,,,,,,,,,,,,,,,,,,,,,,,,,,,,,,,,,,,,,,,,,,,,,,,,,,,,,,,,,,,,,,,,,,,,,,,,,,,,,,,,,,,,,,,,,,,,,,,,,,,,,,,,,,,,,,
S702,,,R68,,R68,R68,,,,,,,,,R68,R68,R68,R68,R68,R68,R68,R68,R68,R68,R68,R68,R68,R68,,R68,R68,R68,R68,R68,,R68,R68,R68,R68,R68,,,,R68,R68,R68,R68,,,,,,,,,,,,,,,,,,,,,,,,,,,,,,,,,,,,,,,,,,,,,,,,,,,,,,,,,,,,,,,,,,,,,,,,,,,,,,,,,,,,,,
S703,,,R67,,R67,R67,,,,,,,,,R67,R67,R67,R67,R67,R67,R67,R67,R67,R67,R67,R67,R67,R67,S708,R67,R67,R67,R67,R67,,R67,R67,R67,R67,R67,,,,R67,R67,R67,R67,,,,,,,,,,,,,,,,,,,,,,,,,,,,,,,,,,,,,,,,,,,,,,,,,,,S707,,,,,,,,,,,,,,,,,,,,,,,,,,,,,,,,,,,
S704,,,,,,,S709,,,,,,,,,,,,,,,,,,,,,,,,,,,,,,,,,,,,,,,,,,,,,,,,,,,,,,,,,,,,,,,,,,,,,,,,,,,,,,,,,,,,,,,,,,,,,,,,,,,,,,,,,,,,,,,,,,,,,,,,,,,,,,
S705,,,R50,,R50,R50,,,,,,,,,R50,R50,R50,R50,R50,R50,R50,R50,R50,R50,R50,R50,R50,R50,,R50,R50,R50,R50,,,,R50,R50,R50,R50,,,,R50,R50,R50,R50,,,,,,,,,,,,,,,,,,,,,,,,,,,,,,,,,,,,,,,,,,,,,,,S710,,,,,,,,,,,,,,,,,,,,,,,,,,,,,,,,,,,,,,,
S706,,,R73,,R73,R73,,,,,,,,,R73,R73,R73,R73,R73,R73,R73,R73,R73,R73,R73,R73,R73,R73,,R73,R73,R73,R73,R73,,R73,R73,R73,R73,R73,,,,R73,R73,R73,R73,,,,,,,,,,,,,,,,,,,,,,,,,,,,,,,,,,,,,,,,,,,,,,,,,,,,,,,,,,,,,,,,,,,,,,,,,,,,,,,,,,,,,,
S707,,,R65,,R65,R65,,,,,,,,,R65,R65,R65,R65,R65,R65,R65,R65,R65,R65,R65,R65,R65,R65,,R65,R65,R65,R65,R65,,R65,R65,R65,R65,R65,,,,R65,R65,R65,R65,,,,,,,,,,,,,,,,,,,,,,,,,,,,,,,,,,,,,,,,,,,,,,,,,,,,,,,,,,,,,,,,,,,,,,,,,,,,,,,,,,,,,,
S708,,S711,,,,,,,,,,,,,,,,,,,,,,,,,,,,,,,,,,,,,,,,,,,,,,,,,,,,,,,,,,,,,,,,,,,,,,,,,,,,,,,,,,,,,,,,,,,,,,,,,,,,,,,,,,,,,,,,,,,,,,,,,,,,,,,,,,,
S709,,,,,,,,,,,,,S712,,,,,,,,,,,,,,,,,,,,,,,,,,,,,,,,,,,,,,,,,,,,,,,,,,,,,,,,,,,,,,,,,,,,,,,,,,,,,,,,,,,,,,,,,,,,,,,,,,,,,,,,,,,,,,,,,,,,,,,,
S710,,,S713,,S44,S33,,,,,,,,,S46,S57,S64,S34,S54,S39,S70,S30,S31,S37,S47,S68,S42,S53,,S48,S69,S27,S41,,,,S32,S71,S55,S61,,,,S29,S66,S56,S67,,,,,,,,,,,,,,,,,,,,,,,,,,,,,,S35,S36,,,S52,,,S43,,,,,,,,,S49,,S58,S65,S60,,S40,,S38,,,,,S45,,,,,,,,,,,S51,S50,S62,S63,S59,,,S28,,,,,,,,,
S711,,,R50,,R50,R50,,,,,,,,,R50,R50,R50,R50,R50,R50,R50,R50,R50,R50,R50,R50,R50,R50,,R50,R50,R50,R50,,,,R50,R50,R50,R50,,,,R50,R50,R50,R50,,,,,,,,,,,,,,,,,,,,,,,,,,,,,,,,,,,,,,,,,,,,,,,S714,,,,,,,,,,,,,,,,,,,,,,,,,,,,,,,,,,,,,,,
S712,,,R69,,R69,R69,,,,,,,,,R69,R69,R69,R69,R69,R69,R69,R69,R69,R69,R69,R69,R69,R69,,R69,R69,R69,R69,R69,,R69,R69,R69,R69,R69,,,,R69,R69,R69,R69,,,,,,,,,,,,,,,,,,,,,,,,,,,,,,,,,,,,,,,,,,,,,,,,,,,,,,,,,,,,,,,,,,,,,,,,,,,,,,,,,,,,,,
S713,,,R70,,R70,R70,,,,,,,,,R70,R70,R70,R70,R70,R70,R70,R70,R70,R70,R70,R70,R70,R70,,R70,R70,R70,R70,R70,,R70,R70,R70,R70,R70,,,,R70,R70,R70,R70,,,,,,,,,,,,,,,,,,,,,,,,,,,,,,,,,,,,,,,,,,,,,,,,,,,,,,,,,,,,,,,,,,,,,,,,,,,,,,,,,,,,,,
S714,,,S715,,S44,S33,,,,,,,,,S46,S57,S64,S34,S54,S39,S70,S30,S31,S37,S47,S68,S42,S53,,S48,S69,S27,S41,,,,S32,S71,S55,S61,,,,S29,S66,S56,S67,,,,,,,,,,,,,,,,,,,,,,,,,,,,,,S35,S36,,,S52,,,S43,,,,,,,,,S49,,S58,S65,S60,,S40,,S38,,,,,S45,,,,,,,,,,,S51,S50,S62,S63,S59,,,S28,,,,,,,,,
S715,,,R66,,R66,R66,,,,,,,,,R66,R66,R66,R66,R66,R66,R66,R66,R66,R66,R66,R66,R66,R66,,R66,R66,R66,R66,R66,,R66,R66,R66,R66,R66,,,,R66,R66,R66,R66,,,,,,,,,,,,,,,,,,,,,,,,,,,,,,,,,,,,,,,,,,,,,,,,,,,,,,,,,,,,,,,,,,,,,,,,,,,,,,,,,,,,,,
